{"TEST_FILES": {"Files Modified": [{"File": "/home/ubuntu/Projects/Code/Classfier/assertj-core_f3baca43c21cbc10b90f1edf45ef2b63bebe3ab6/src/test/java/org/assertj/core/internal/FieldByFieldComparator_toString_Test.java", "Import Modified": [], "Import Added": [], "Import Deleted": [], "Class Modified": [{"Class": "FieldByFieldComparator_toString_Test", "Function Modified": [{"Function": "should_return_description_of_FieldByFieldComparator_with_field_comparators", "Block Modified": "No", "Block Added/Deleted": "No", "Param Modified": 0, "Param Added/Deleted": 0, "Return Type Modified": "No", "Modifier Modified": "No"}], "Function Added": [], "Function Deleted": [], "Modifier Modified": "No", "Field Declaration Modified": 0, "Field Declaration Added": 0, "Field Declaration Deleted": 0}], "Class Added": [], "Class Deleted": []}], "Files Added": [], "Files Deleted": []}, "SRC_FILES": {"Files Modified": [{"File": "/home/ubuntu/Projects/Code/Classfier/assertj-core_f3baca43c21cbc10b90f1edf45ef2b63bebe3ab6/src/main/java/org/assertj/core/api/AbstractIterableAssert.java", "Import Modified": [], "Import Added": ["java.util.TreeMap"], "Import Deleted": ["java.util.HashMap"], "Class Modified": [{"Class": "", "Function Modified": [], "Function Added": [], "Function Deleted": [], "Modifier Modified": "No", "Field Declaration Modified": 0, "Field Declaration Added": 0, "Field Declaration Deleted": 0}, {"Class": "AbstractIterableAssert", "Function Modified": [], "Function Added": [], "Function Deleted": [], "Modifier Modified": "No", "Field Declaration Modified": 1, "Field Declaration Added": 0, "Field Declaration Deleted": 0}], "Class Added": [], "Class Deleted": []}, {"File": "/home/ubuntu/Projects/Code/Classfier/assertj-core_f3baca43c21cbc10b90f1edf45ef2b63bebe3ab6/src/main/java/org/assertj/core/api/AbstractObjectArrayAssert.java", "Import Modified": [], "Import Added": ["java.util.TreeMap"], "Import Deleted": ["java.util.HashMap"], "Class Modified": [{"Class": "", "Function Modified": [], "Function Added": [], "Function Deleted": [], "Modifier Modified": "No", "Field Declaration Modified": 0, "Field Declaration Added": 0, "Field Declaration Deleted": 0}, {"Class": "AbstractObjectArrayAssert", "Function Modified": [], "Function Added": [], "Function Deleted": [], "Modifier Modified": "No", "Field Declaration Modified": 1, "Field Declaration Added": 0, "Field Declaration Deleted": 0}], "Class Added": [], "Class Deleted": []}, {"File": "/home/ubuntu/Projects/Code/Classfier/assertj-core_f3baca43c21cbc10b90f1edf45ef2b63bebe3ab6/src/main/java/org/assertj/core/api/AbstractObjectAssert.java", "Import Modified": [], "Import Added": ["java.util.TreeMap"], "Import Deleted": ["java.util.HashMap"], "Class Modified": [{"Class": "", "Function Modified": [], "Function Added": [], "Function Deleted": [], "Modifier Modified": "No", "Field Declaration Modified": 0, "Field Declaration Added": 0, "Field Declaration Deleted": 0}, {"Class": "AbstractObjectAssert", "Function Modified": [], "Function Added": [], "Function Deleted": [], "Modifier Modified": "No", "Field Declaration Modified": 1, "Field Declaration Added": 0, "Field Declaration Deleted": 0}], "Class Added": [], "Class Deleted": []}, {"File": "/home/ubuntu/Projects/Code/Classfier/assertj-core_f3baca43c21cbc10b90f1edf45ef2b63bebe3ab6/src/main/java/org/assertj/core/api/AtomicReferenceArrayAssert.java", "Import Modified": [], "Import Added": ["java.util.TreeMap"], "Import Deleted": ["java.util.HashMap"], "Class Modified": [{"Class": "", "Function Modified": [], "Function Added": [], "Function Deleted": [], "Modifier Modified": "No", "Field Declaration Modified": 0, "Field Declaration Added": 0, "Field Declaration Deleted": 0}, {"Class": "AtomicReferenceArrayAssert", "Function Modified": [], "Function Added": [], "Function Deleted": [], "Modifier Modified": "No", "Field Declaration Modified": 1, "Field Declaration Added": 0, "Field Declaration Deleted": 0}], "Class Added": [], "Class Deleted": []}, {"File": "/home/ubuntu/Projects/Code/Classfier/assertj-core_65c3487/src/main/java/org/assertj/core/internal/DeepDifference.java", "Import Modified": [], "Import Added": ["java.util.TreeMap"], "Import Deleted": [], "Class Modified": [{"Class": "", "Function Modified": [], "Function Added": [], "Function Deleted": [], "Modifier Modified": "No", "Field Declaration Modified": 0, "Field Declaration Added": 0, "Field Declaration Deleted": 0}, {"Class": "DeepDifference", "Function Modified": [{"Function": "determineDifferences", "Block Modified": "No", "Block Added/Deleted": "No", "Param Modified": 0, "Param Added/Deleted": 0, "Return Type Modified": "No", "Modifier Modified": "No"}], "Function Added": [], "Function Deleted": [], "Modifier Modified": "No", "Field Declaration Modified": 0, "Field Declaration Added": 0, "Field Declaration Deleted": 0}], "Class Added": [], "Class Deleted": []}, {"File": "/home/ubuntu/Projects/Code/Classfier/assertj-core_65c3487/src/main/java/org/assertj/core/internal/FieldByFieldComparator.java", "Import Modified": [], "Import Added": ["java.util.TreeMap"], "Import Deleted": [], "Class Modified": [{"Class": "", "Function Modified": [], "Function Added": [], "Function Deleted": [], "Modifier Modified": "No", "Field Declaration Modified": 0, "Field Declaration Added": 0, "Field Declaration Deleted": 0}, {"Class": "FieldByFieldComparator", "Function Modified": [{"Function": "FieldByFieldComparator", "Block Modified": "No", "Block Added/Deleted": "No", "Param Modified": 0, "Param Added/Deleted": 0, "Return Type Modified": "No", "Modifier Modified": "No"}], "Function Added": [], "Function Deleted": [], "Modifier Modified": "No", "Field Declaration Modified": 0, "Field Declaration Added": 0, "Field Declaration Deleted": 0}], "Class Added": [], "Class Deleted": []}], "Files Added": [], "Files Deleted": []}, "BUILD_FILES": {}}