{"TEST_FILES": {"Files Modified": [{"File": "/home/ubuntu/Projects/Code/Classfier/rxjava-jdbc_872d7ca0ad4287689507e45c029b38c1bbc5bdeb/src/test/java/com/github/davidmoten/rx/jdbc/ConnectionDemoTest.java", "Import Modified": [], "Import Added": ["com.github.davidmoten.rx.jdbc.exceptions.SQLRuntimeException"], "Import Deleted": [], "Class Modified": [{"Class": "", "Function Modified": [], "Function Added": [], "Function Deleted": [], "Modifier Modified": "No", "Field Declaration Modified": 0, "Field Declaration Added": 0, "Field Declaration Deleted": 0}, {"Class": "ConnectionDemoTest", "Function Modified": [{"Function": "testOldStyle", "Block Modified": "No", "Block Added/Deleted": "No", "Param Modified": 0, "Param Added/Deleted": 0, "Return Type Modified": "No", "Modifier Modified": "No"}], "Function Added": [], "Function Deleted": [], "Modifier Modified": "No", "Field Declaration Modified": 0, "Field Declaration Added": 0, "Field Declaration Deleted": 0}], "Class Added": [], "Class Deleted": []}, {"File": "/home/ubuntu/Projects/Code/Classfier/rxjava-jdbc_872d7ca0ad4287689507e45c029b38c1bbc5bdeb/src/test/java/com/github/davidmoten/rx/jdbc/DatabaseCreator.java", "Import Modified": [], "Import Added": ["com.github.davidmoten.rx.jdbc.exceptions.SQLRuntimeException"], "Import Deleted": [], "Class Modified": [{"Class": "", "Function Modified": [], "Function Added": [], "Function Deleted": [], "Modifier Modified": "No", "Field Declaration Modified": 0, "Field Declaration Added": 0, "Field Declaration Deleted": 0}, {"Class": "DatabaseCreator", "Function Modified": [{"Function": "db", "Block Modified": "No", "Block Added/Deleted": "No", "Param Modified": 0, "Param Added/Deleted": 0, "Return Type Modified": "No", "Modifier Modified": "No"}], "Function Added": [], "Function Deleted": [], "Modifier Modified": "No", "Field Declaration Modified": 0, "Field Declaration Added": 0, "Field Declaration Deleted": 0}], "Class Added": [], "Class Deleted": []}, {"File": "/home/ubuntu/Projects/Code/Classfier/rxjava-jdbc_872d7ca0ad4287689507e45c029b38c1bbc5bdeb/src/test/java/com/github/davidmoten/rx/jdbc/DatabaseMasterDetailTest.java", "Import Modified": [], "Import Added": ["com.github.davidmoten.rx.jdbc.exceptions.SQLRuntimeException"], "Import Deleted": [], "Class Modified": [{"Class": "", "Function Modified": [], "Function Added": [], "Function Deleted": [], "Modifier Modified": "No", "Field Declaration Modified": 0, "Field Declaration Added": 0, "Field Declaration Deleted": 0}, {"Class": "DatabaseMasterDetailTest", "Function Modified": [{"Function": "createDatabase", "Block Modified": "No", "Block Added/Deleted": "No", "Param Modified": 0, "Param Added/Deleted": 0, "Return Type Modified": "No", "Modifier Modified": "No"}], "Function Added": [], "Function Deleted": [], "Modifier Modified": "No", "Field Declaration Modified": 0, "Field Declaration Added": 0, "Field Declaration Deleted": 0}], "Class Added": [], "Class Deleted": []}], "Files Added": [], "Files Deleted": []}, "SRC_FILES": {"Files Modified": [{"File": "/home/ubuntu/Projects/Code/Classfier/rxjava-jdbc_872d7ca0ad4287689507e45c029b38c1bbc5bdeb/src/main/java/com/github/davidmoten/rx/jdbc/ConnectionProviderAutoCommitting.java", "Import Modified": [], "Import Added": ["com.github.davidmoten.rx.jdbc.exceptions.SQLRuntimeException"], "Import Deleted": [], "Class Modified": [{"Class": "", "Function Modified": [], "Function Added": [], "Function Deleted": [], "Modifier Modified": "No", "Field Declaration Modified": 0, "Field Declaration Added": 0, "Field Declaration Deleted": 0}, {"Class": "ConnectionProviderAutoCommitting", "Function Modified": [{"Function": "get", "Block Modified": "No", "Block Added/Deleted": "No", "Param Modified": 0, "Param Added/Deleted": 0, "Return Type Modified": "No", "Modifier Modified": "No"}], "Function Added": [], "Function Deleted": [], "Modifier Modified": "No", "Field Declaration Modified": 0, "Field Declaration Added": 0, "Field Declaration Deleted": 0}], "Class Added": [], "Class Deleted": []}, {"File": "/home/ubuntu/Projects/Code/Classfier/rxjava-jdbc_872d7ca0ad4287689507e45c029b38c1bbc5bdeb/src/main/java/com/github/davidmoten/rx/jdbc/ConnectionProviderFromContext.java", "Import Modified": [], "Import Added": ["com.github.davidmoten.rx.jdbc.exceptions.SQLRuntimeException"], "Import Deleted": [], "Class Modified": [{"Class": "", "Function Modified": [], "Function Added": [], "Function Deleted": [], "Modifier Modified": "No", "Field Declaration Modified": 0, "Field Declaration Added": 0, "Field Declaration Deleted": 0}, {"Class": "ConnectionProviderFromContext", "Function Modified": [{"Function": "get", "Block Modified": "No", "Block Added/Deleted": "No", "Param Modified": 0, "Param Added/Deleted": 0, "Return Type Modified": "No", "Modifier Modified": "No"}], "Function Added": [], "Function Deleted": [], "Modifier Modified": "No", "Field Declaration Modified": 0, "Field Declaration Added": 0, "Field Declaration Deleted": 0}], "Class Added": [], "Class Deleted": []}, {"File": "/home/ubuntu/Projects/Code/Classfier/rxjava-jdbc_872d7ca0ad4287689507e45c029b38c1bbc5bdeb/src/main/java/com/github/davidmoten/rx/jdbc/ConnectionProviderFromDataSource.java", "Import Modified": [], "Import Added": ["com.github.davidmoten.rx.jdbc.exceptions.SQLRuntimeException"], "Import Deleted": [], "Class Modified": [{"Class": "", "Function Modified": [], "Function Added": [], "Function Deleted": [], "Modifier Modified": "No", "Field Declaration Modified": 0, "Field Declaration Added": 0, "Field Declaration Deleted": 0}, {"Class": "ConnectionProviderFromDataSource", "Function Modified": [{"Function": "get", "Block Modified": "No", "Block Added/Deleted": "No", "Param Modified": 0, "Param Added/Deleted": 0, "Return Type Modified": "No", "Modifier Modified": "No"}], "Function Added": [], "Function Deleted": [], "Modifier Modified": "No", "Field Declaration Modified": 0, "Field Declaration Added": 0, "Field Declaration Deleted": 0}], "Class Added": [], "Class Deleted": []}, {"File": "/home/ubuntu/Projects/Code/Classfier/rxjava-jdbc_872d7ca0ad4287689507e45c029b38c1bbc5bdeb/src/main/java/com/github/davidmoten/rx/jdbc/ConnectionProviderFromUrl.java", "Import Modified": [], "Import Added": ["com.github.davidmoten.rx.jdbc.exceptions.SQLRuntimeException"], "Import Deleted": [], "Class Modified": [{"Class": "", "Function Modified": [], "Function Added": [], "Function Deleted": [], "Modifier Modified": "No", "Field Declaration Modified": 0, "Field Declaration Added": 0, "Field Declaration Deleted": 0}, {"Class": "ConnectionProviderFromUrl", "Function Modified": [{"Function": "get", "Block Modified": "No", "Block Added/Deleted": "No", "Param Modified": 0, "Param Added/Deleted": 0, "Return Type Modified": "No", "Modifier Modified": "No"}], "Function Added": [], "Function Deleted": [], "Modifier Modified": "No", "Field Declaration Modified": 0, "Field Declaration Added": 0, "Field Declaration Deleted": 0}], "Class Added": [], "Class Deleted": []}, {"File": "/home/ubuntu/Projects/Code/Classfier/rxjava-jdbc_872d7ca0ad4287689507e45c029b38c1bbc5bdeb/src/main/java/com/github/davidmoten/rx/jdbc/ConnectionProviderPooled.java", "Import Modified": [], "Import Added": ["com.github.davidmoten.rx.jdbc.exceptions.SQLRuntimeException"], "Import Deleted": [], "Class Modified": [{"Class": "", "Function Modified": [], "Function Added": [], "Function Deleted": [], "Modifier Modified": "No", "Field Declaration Modified": 0, "Field Declaration Added": 0, "Field Declaration Deleted": 0}, {"Class": "ConnectionProviderPooled", "Function Modified": [{"Function": "get", "Block Modified": "No", "Block Added/Deleted": "No", "Param Modified": 0, "Param Added/Deleted": 0, "Return Type Modified": "No", "Modifier Modified": "No"}], "Function Added": [], "Function Deleted": [], "Modifier Modified": "No", "Field Declaration Modified": 0, "Field Declaration Added": 0, "Field Declaration Deleted": 0}], "Class Added": [], "Class Deleted": []}, {"File": "/home/ubuntu/Projects/Code/Classfier/rxjava-jdbc_872d7ca0ad4287689507e45c029b38c1bbc5bdeb/src/main/java/com/github/davidmoten/rx/jdbc/ConnectionProviderSingletonManualCommit.java", "Import Modified": [], "Import Added": ["com.github.davidmoten.rx.jdbc.exceptions.SQLRuntimeException"], "Import Deleted": [], "Class Modified": [{"Class": "", "Function Modified": [], "Function Added": [], "Function Deleted": [], "Modifier Modified": "No", "Field Declaration Modified": 0, "Field Declaration Added": 0, "Field Declaration Deleted": 0}, {"Class": "ConnectionProviderSingletonManualCommit", "Function Modified": [{"Function": "get", "Block Modified": "No", "Block Added/Deleted": "No", "Param Modified": 0, "Param Added/Deleted": 0, "Return Type Modified": "No", "Modifier Modified": "No"}], "Function Added": [], "Function Deleted": [], "Modifier Modified": "No", "Field Declaration Modified": 0, "Field Declaration Added": 0, "Field Declaration Deleted": 0}], "Class Added": [], "Class Deleted": []}, {"File": "/home/ubuntu/Projects/Code/Classfier/rxjava-jdbc_872d7ca0ad4287689507e45c029b38c1bbc5bdeb/src/main/java/com/github/davidmoten/rx/jdbc/ResultSetCache.java", "Import Modified": [], "Import Added": ["com.github.davidmoten.rx.jdbc.exceptions.SQLRuntimeException"], "Import Deleted": [], "Class Modified": [{"Class": "", "Function Modified": [], "Function Added": [], "Function Deleted": [], "Modifier Modified": "No", "Field Declaration Modified": 0, "Field Declaration Added": 0, "Field Declaration Deleted": 0}, {"Class": "ResultSetCache", "Function Modified": [{"Function": "collectColIndexes", "Block Modified": "No", "Block Added/Deleted": "No", "Param Modified": 0, "Param Added/Deleted": 0, "Return Type Modified": "No", "Modifier Modified": "No"}], "Function Added": [], "Function Deleted": [], "Modifier Modified": "No", "Field Declaration Modified": 0, "Field Declaration Added": 0, "Field Declaration Deleted": 0}], "Class Added": [], "Class Deleted": []}, {"File": "/home/ubuntu/Projects/Code/Classfier/rxjava-jdbc_872d7ca0ad4287689507e45c029b38c1bbc5bdeb/src/main/java/com/github/davidmoten/rx/jdbc/Util.java", "Import Modified": [], "Import Added": ["com.github.davidmoten.rx.jdbc.exceptions.SQLRuntimeException"], "Import Deleted": [], "Class Modified": [{"Class": "", "Function Modified": [], "Function Added": [], "Function Deleted": [], "Modifier Modified": "No", "Field Declaration Modified": 0, "Field Declaration Added": 0, "Field Declaration Deleted": 0}, {"Class": "Util", "Function Modified": [{"Function": "closeQuietlyIfAutoCommit", "Block Modified": "No", "Block Added/Deleted": "No", "Param Modified": 0, "Param Added/Deleted": 0, "Return Type Modified": "No", "Modifier Modified": "No"}], "Function Added": [], "Function Deleted": [], "Modifier Modified": "No", "Field Declaration Modified": 0, "Field Declaration Added": 0, "Field Declaration Deleted": 0}], "Class Added": [], "Class Deleted": []}, {"File": "/home/ubuntu/Projects/Code/Classfier/rxjava-jdbc_872d7ca0ad4287689507e45c029b38c1bbc5bdeb/src/main/java/com/github/davidmoten/rx/jdbc/tuple/Tuples.java", "Import Modified": [], "Import Added": ["com.github.davidmoten.rx.jdbc.exceptions.SQLRuntimeException"], "Import Deleted": [], "Class Modified": [{"Class": "", "Function Modified": [], "Function Added": [], "Function Deleted": [], "Modifier Modified": "No", "Field Declaration Modified": 0, "Field Declaration Added": 0, "Field Declaration Deleted": 0}, {"Class": "Tuples", "Function Modified": [{"Function": "toTupleN", "Block Modified": "No", "Block Added/Deleted": "No", "Param Modified": 0, "Param Added/Deleted": 0, "Return Type Modified": "No", "Modifier Modified": "No"}], "Function Added": [], "Function Deleted": [], "Modifier Modified": "No", "Field Declaration Modified": 0, "Field Declaration Added": 0, "Field Declaration Deleted": 0}], "Class Added": [], "Class Deleted": []}], "Files Added": [], "Files Deleted": []}, "BUILD_FILES": {}}