{"TEST_FILES": {"Files Modified": [], "Files Added": [{"File": "/home/ubuntu/Projects/Code/Classfier/byte-buddy_5a7da585188d8f0df9bd71eb5aa701e26463ee95/byte-buddy-dep/src/test/resources/net/bytebuddy/test/precompiled/OriginExecutable.java"}, {"File": "/home/ubuntu/Projects/Code/Classfier/byte-buddy_5a7da585188d8f0df9bd71eb5aa701e26463ee95/byte-buddy-dep/src/test/resources/net/bytebuddy/test/precompiled/OriginExecutableWithCache.java"}], "Files Deleted": []}, "SRC_FILES": {"Files Modified": [], "Files Added": [], "Files Deleted": []}, "BUILD_FILES": {}}