{"TEST_FILES": {"Files Modified": [], "Files Added": [], "Files Deleted": []}, "SRC_FILES": {"Files Modified": [{"File": "/home/ubuntu/Projects/Code/Classfier/openpnp_4cafa95291ba32a489cf5364c60a7c454dc045fc/src/main/java/org/openpnp/machine/reference/feeder/ReferenceStripFeeder.java", "Import Modified": [], "Import Added": ["java.awt.image.BufferedImage", "org.openpnp.gui.MainFrame"], "Import Deleted": [], "Class Modified": [{"Class": "", "Function Modified": [], "Function Added": [], "Function Deleted": [], "Modifier Modified": "No", "Field Declaration Modified": 0, "Field Declaration Added": 0, "Field Declaration Deleted": 0}, {"Class": "ReferenceStripFeeder", "Function Modified": [{"Function": "findClosestHole", "Block Modified": "No", "Block Added/Deleted": "Yes", "Param Modified": 0, "Param Added/Deleted": 0, "Return Type Modified": "No", "Modifier Modified": "No"}], "Function Added": [], "Function Deleted": [], "Modifier Modified": "No", "Field Declaration Modified": 0, "Field Declaration Added": 0, "Field Declaration Deleted": 0}], "Class Added": [], "Class Deleted": []}, {"File": "/home/ubuntu/Projects/Code/Classfier/openpnp_3ac9b4a7cec123590f9f204693560b1590439092/src/main/java/org/openpnp/machine/reference/feeder/ReferenceStripFeeder.java", "Import Modified": [], "Import Added": [], "Import Deleted": [], "Class Modified": [{"Class": "ReferenceStripFeeder", "Function Modified": [{"Function": "findClosestHole", "Block Modified": "No", "Block Added/Deleted": "Yes", "Param Modified": 0, "Param Added/Deleted": 0, "Return Type Modified": "No", "Modifier Modified": "No"}], "Function Added": [], "Function Deleted": [], "Modifier Modified": "No", "Field Declaration Modified": 0, "Field Declaration Added": 0, "Field Declaration Deleted": 0}], "Class Added": [], "Class Deleted": []}], "Files Added": [], "Files Deleted": []}, "BUILD_FILES": {}}