{"TEST_FILES": {"Files Modified": [], "Files Added": [{"File": "/home/ubuntu/Projects/Code/Classfier/okhttp_fdb6c74177cb981f90359ac5d5c5b7b93f0a17db/okhttp-tests/src/test/java/okhttp3/internal/PublicSuffixDatabaseTest.java"}], "Files Deleted": []}, "SRC_FILES": {"Files Modified": [], "Files Added": [{"File": "/home/ubuntu/Projects/Code/Classfier/okhttp_fdb6c74177cb981f90359ac5d5c5b7b93f0a17db/okhttp/src/main/java/okhttp3/internal/PublicSuffixDatabase.java"}], "Files Deleted": []}, "BUILD_FILES": {}}