{"TEST_FILES": {"Files Modified": [], "Files Added": [], "Files Deleted": []}, "SRC_FILES": {"Files Modified": [{"File": "/home/ubuntu/Projects/Code/Classfier/Nukkit_62dcd5fd1426037df54fcf97a58e85171dfadd01/src/main/java/cn/nukkit/Player.java", "Import Modified": [], "Import Added": ["cn.nukkit.item.Potion"], "Import Deleted": [], "Class Modified": [{"Class": "", "Function Modified": [], "Function Added": [], "Function Deleted": [], "Modifier Modified": "No", "Field Declaration Modified": 0, "Field Declaration Added": 0, "Field Declaration Deleted": 0}], "Class Added": [], "Class Deleted": []}, {"File": "/home/ubuntu/Projects/Code/Classfier/Nukkit_e58e2a9def3f0709f15919bf170e1418e33dfd8f/src/main/java/cn/nukkit/Player.java", "Import Modified": [], "Import Added": [], "Import Deleted": [], "Class Modified": [{"Class": "Player", "Function Modified": [{"Function": "handleDataPacket", "Block Modified": "No", "Block Added/Deleted": "Yes", "Param Modified": 0, "Param Added/Deleted": 0, "Return Type Modified": "No", "Modifier Modified": "No"}], "Function Added": [], "Function Deleted": [], "Modifier Modified": "No", "Field Declaration Modified": 0, "Field Declaration Added": 0, "Field Declaration Deleted": 0}], "Class Added": [], "Class Deleted": []}, {"File": "/home/ubuntu/Projects/Code/Classfier/Nukkit_62dcd5fd1426037df54fcf97a58e85171dfadd01/src/main/java/cn/nukkit/Server.java", "Import Modified": [], "Import Added": [], "Import Deleted": [], "Class Modified": [{"Class": "Server", "Function Modified": [{"Function": "registerTiles", "Block Modified": "No", "Block Added/Deleted": "Yes", "Param Modified": 0, "Param Added/Deleted": 0, "Return Type Modified": "No", "Modifier Modified": "No"}], "Function Added": [], "Function Deleted": [], "Modifier Modified": "No", "Field Declaration Modified": 0, "Field Declaration Added": 0, "Field Declaration Deleted": 0}], "Class Added": [], "Class Deleted": []}, {"File": "/home/ubuntu/Projects/Code/Classfier/Nukkit_62dcd5fd1426037df54fcf97a58e85171dfadd01/src/main/java/cn/nukkit/block/Block.java", "Import Modified": [], "Import Added": [], "Import Deleted": [], "Class Modified": [{"Class": "Block", "Function Modified": [{"Function": "init", "Block Modified": "No", "Block Added/Deleted": "Yes", "Param Modified": 0, "Param Added/Deleted": 0, "Return Type Modified": "No", "Modifier Modified": "No"}], "Function Added": [], "Function Deleted": [], "Modifier Modified": "No", "Field Declaration Modified": 0, "Field Declaration Added": 2, "Field Declaration Deleted": 0}], "Class Added": [], "Class Deleted": []}, {"File": "/home/ubuntu/Projects/Code/Classfier/Nukkit_62dcd5fd1426037df54fcf97a58e85171dfadd01/src/main/java/cn/nukkit/inventory/CraftingManager.java", "Import Modified": [], "Import Added": ["cn.nukkit.item.Potion", "cn.nukkit.tile"], "Import Deleted": [], "Class Modified": [{"Class": "", "Function Modified": [], "Function Added": [], "Function Deleted": [], "Modifier Modified": "No", "Field Declaration Modified": 0, "Field Declaration Added": 0, "Field Declaration Deleted": 0}, {"Class": "CraftingManager", "Function Modified": [{"Function": "CraftingManager", "Block Modified": "No", "Block Added/Deleted": "Yes", "Param Modified": 0, "Param Added/Deleted": 0, "Return Type Modified": "No", "Modifier Modified": "No"}], "Function Added": [{"Function": "registerBrewing", "Block Modified": "No", "Block Added/Deleted": "No", "Param Modified": 0, "Param Added/Deleted": 0, "Return Type Modified": "No", "Modifier Modified": "No"}, {"Function": "registerBrewingRecipe", "Block Modified": "No", "Block Added/Deleted": "No", "Param Modified": 0, "Param Added/Deleted": 0, "Return Type Modified": "No", "Modifier Modified": "No"}, {"Function": "BrewingRecipe", "Block Modified": "No", "Block Added/Deleted": "No", "Param Modified": 0, "Param Added/Deleted": 0, "Return Type Modified": "No", "Modifier Modified": "No"}], "Function Deleted": [], "Modifier Modified": "No", "Field Declaration Modified": 0, "Field Declaration Added": 1, "Field Declaration Deleted": 0}], "Class Added": [], "Class Deleted": []}, {"File": "/home/ubuntu/Projects/Code/Classfier/Nukkit_62dcd5fd1426037df54fcf97a58e85171dfadd01/src/main/java/cn/nukkit/item/Item.java", "Import Modified": [], "Import Added": [], "Import Deleted": [], "Class Modified": [{"Class": "Item", "Function Modified": [{"Function": "init", "Block Modified": "No", "Block Added/Deleted": "Yes", "Param Modified": 0, "Param Added/Deleted": 0, "Return Type Modified": "No", "Modifier Modified": "No"}], "Function Added": [], "Function Deleted": [], "Modifier Modified": "No", "Field Declaration Modified": 0, "Field Declaration Added": 16, "Field Declaration Deleted": 0}], "Class Added": [], "Class Deleted": []}], "Files Added": [{"File": "/home/ubuntu/Projects/Code/Classfier/Nukkit_e58e2a9def3f0709f15919bf170e1418e33dfd8f/src/main/java/cn/nukkit/block/BrewingStand.java"}, {"File": "/home/ubuntu/Projects/Code/Classfier/Nukkit_e58e2a9def3f0709f15919bf170e1418e33dfd8f/src/main/java/cn/nukkit/inventory/BrewingInventory.java"}, {"File": "/home/ubuntu/Projects/Code/Classfier/Nukkit_e58e2a9def3f0709f15919bf170e1418e33dfd8f/src/main/java/cn/nukkit/inventory/BrewingRecipe.java"}, {"File": "/home/ubuntu/Projects/Code/Classfier/Nukkit_e58e2a9def3f0709f15919bf170e1418e33dfd8f/src/main/java/cn/nukkit/item/BrewingStand.java"}, {"File": "/home/ubuntu/Projects/Code/Classfier/Nukkit_e58e2a9def3f0709f15919bf170e1418e33dfd8f/src/main/java/cn/nukkit/item/GlassBottle.java"}, {"File": "/home/ubuntu/Projects/Code/Classfier/Nukkit_e58e2a9def3f0709f15919bf170e1418e33dfd8f/src/main/java/cn/nukkit/item/Potion.java"}, {"File": "/home/ubuntu/Projects/Code/Classfier/Nukkit_e58e2a9def3f0709f15919bf170e1418e33dfd8f/src/main/java/cn/nukkit/tile/BrewingStand.java"}], "Files Deleted": []}, "BUILD_FILES": {}}