{"TEST_FILES": {"Files Modified": [], "Files Added": [], "Files Deleted": []}, "SRC_FILES": {"Files Modified": [{"File": "/home/ubuntu/Projects/Code/Classfier/Baragon_e2a9963d910d46ab0e561923f45306ea45d0331d/BaragonCore/src/main/java/com/hubspot/baragon/models/BaragonRequestKey.java", "Import Modified": [], "Import Added": [], "Import Deleted": [], "Class Modified": [{"Class": "BaragonRequestKey", "Function Modified": [], "Function Added": [{"Function": "Override", "Block Modified": "No", "Block Added/Deleted": "No", "Param Modified": 0, "Param Added/Deleted": 0, "Return Type Modified": "No", "Modifier Modified": "No"}, {"Function": "Override", "Block Modified": "No", "Block Added/Deleted": "No", "Param Modified": 0, "Param Added/Deleted": 0, "Return Type Modified": "No", "Modifier Modified": "No"}, {"Function": "Override", "Block Modified": "No", "Block Added/Deleted": "No", "Param Modified": 0, "Param Added/Deleted": 0, "Return Type Modified": "No", "Modifier Modified": "No"}], "Function Deleted": [], "Modifier Modified": "No", "Field Declaration Modified": 0, "Field Declaration Added": 0, "Field Declaration Deleted": 0}], "Class Added": [], "Class Deleted": []}], "Files Added": [], "Files Deleted": []}, "BUILD_FILES": {}}