{"TEST_FILES": {"Files Modified": [], "Files Added": [], "Files Deleted": []}, "SRC_FILES": {"Files Modified": [{"File": "/home/ubuntu/Projects/Code/Classfier/Baragon_d4b252a82e09b9b3cb44b7d24b0bc75c872460e5/BaragonService/src/main/java/com/hubspot/baragon/service/BaragonService.java", "Import Modified": [], "Import Added": ["com.fasterxml.jackson.dataformat.yaml.YAMLFactory", "com.google.common.base.Strings", "com.hubspot.baragon.service.config.MergingConfigProvider"], "Import Deleted": [], "Class Modified": [{"Class": "", "Function Modified": [], "Function Added": [], "Function Deleted": [], "Modifier Modified": "No", "Field Declaration Modified": 0, "Field Declaration Added": 0, "Field Declaration Deleted": 0}, {"Class": "BaragonService", "Function Modified": [{"Function": "initialize", "Block Modified": "No", "Block Added/Deleted": "Yes", "Param Modified": 0, "Param Added/Deleted": 0, "Return Type Modified": "No", "Modifier Modified": "No"}], "Function Added": [], "Function Deleted": [], "Modifier Modified": "No", "Field Declaration Modified": 0, "Field Declaration Added": 1, "Field Declaration Deleted": 0}], "Class Added": [], "Class Deleted": []}, {"File": "/home/ubuntu/Projects/Code/Classfier/Baragon_d4b252a82e09b9b3cb44b7d24b0bc75c872460e5/BaragonService/src/main/java/com/hubspot/baragon/service/managers/RequestManager.java", "Import Modified": [], "Import Added": [], "Import Deleted": [], "Class Modified": [{"Class": "RequestManager", "Function Modified": [{"Function": "getBasePathConflicts", "Block Modified": "No", "Block Added/Deleted": "Yes", "Param Modified": 0, "Param Added/Deleted": 0, "Return Type Modified": "No", "Modifier Modified": "No"}], "Function Added": [], "Function Deleted": [], "Modifier Modified": "No", "Field Declaration Modified": 0, "Field Declaration Added": 0, "Field Declaration Deleted": 0}], "Class Added": [], "Class Deleted": []}], "Files Added": [{"File": "/home/ubuntu/Projects/Code/Classfier/Baragon_d93af41a7d66ad7aa70477e68e1c4adf5d3c40e2/BaragonService/src/main/java/com/hubspot/baragon/service/config/MergingConfigProvider.java"}], "Files Deleted": []}, "BUILD_FILES": {}}