{"TEST_FILES": {"Files Modified": [], "Files Added": [], "Files Deleted": []}, "SRC_FILES": {"Files Modified": [{"File": "/home/ubuntu/Projects/Code/Classfier/byte-buddy_abb435772e39a456e934a59fcf8b12badc8de71c/byte-buddy-dep/src/main/java/net/bytebuddy/agent/builder/AgentBuilder.java", "Import Modified": [], "Import Added": [], "Import Deleted": [], "Class Modified": [{"Class": "AgentBuilder", "Function Modified": [{"Function": "installOnByteBuddyAgent", "Block Modified": "No", "Block Added/Deleted": "Yes", "Param Modified": 0, "Param Added/Deleted": 0, "Return Type Modified": "No", "Modifier Modified": "No"}], "Function Added": [], "Function Deleted": [], "Modifier Modified": "No", "Field Declaration Modified": 0, "Field Declaration Added": 0, "Field Declaration Deleted": 0}], "Class Added": [], "Class Deleted": []}, {"File": "/home/ubuntu/Projects/Code/Classfier/byte-buddy_e42ef1daed89717bd8bc5376d9f1071223b37be2/byte-buddy-dep/src/main/java/net/bytebuddy/agent/builder/AgentBuilder.java", "Import Modified": [], "Import Added": [], "Import Deleted": [], "Class Modified": [{"Class": "AgentBuilder", "Function Modified": [{"Function": "installOnByteBuddyAgent", "Block Modified": "No", "Block Added/Deleted": "Yes", "Param Modified": 0, "Param Added/Deleted": 0, "Return Type Modified": "No", "Modifier Modified": "No"}], "Function Added": [], "Function Deleted": [], "Modifier Modified": "No", "Field Declaration Modified": 0, "Field Declaration Added": 0, "Field Declaration Deleted": 0}], "Class Added": [], "Class Deleted": []}, {"File": "/home/ubuntu/Projects/Code/Classfier/byte-buddy_abb435772e39a456e934a59fcf8b12badc8de71c/byte-buddy-dep/src/main/java/net/bytebuddy/dynamic/ClassFileLocator.java", "Import Modified": [], "Import Added": [], "Import Deleted": [], "Class Modified": [{"Class": "ClassFileLocator", "Function Modified": [{"Function": "fromInstalledAgent", "Block Modified": "No", "Block Added/Deleted": "Yes", "Param Modified": 0, "Param Added/Deleted": 0, "Return Type Modified": "No", "Modifier Modified": "No"}], "Function Added": [], "Function Deleted": [], "Modifier Modified": "No", "Field Declaration Modified": 0, "Field Declaration Added": 0, "Field Declaration Deleted": 0}], "Class Added": [], "Class Deleted": []}, {"File": "/home/ubuntu/Projects/Code/Classfier/byte-buddy_e42ef1daed89717bd8bc5376d9f1071223b37be2/byte-buddy-dep/src/main/java/net/bytebuddy/dynamic/ClassFileLocator.java", "Import Modified": [], "Import Added": [], "Import Deleted": [], "Class Modified": [{"Class": "ClassFileLocator", "Function Modified": [{"Function": "fromInstalledAgent", "Block Modified": "No", "Block Added/Deleted": "Yes", "Param Modified": 0, "Param Added/Deleted": 0, "Return Type Modified": "No", "Modifier Modified": "No"}], "Function Added": [], "Function Deleted": [], "Modifier Modified": "No", "Field Declaration Modified": 0, "Field Declaration Added": 0, "Field Declaration Deleted": 0}], "Class Added": [], "Class Deleted": []}, {"File": "/home/ubuntu/Projects/Code/Classfier/byte-buddy_abb435772e39a456e934a59fcf8b12badc8de71c/byte-buddy-dep/src/main/java/net/bytebuddy/dynamic/loading/ClassReloadingStrategy.java", "Import Modified": [], "Import Added": [], "Import Deleted": [], "Class Modified": [{"Class": "ClassReloadingStrategy", "Function Modified": [{"Function": "fromInstalledAgent", "Block Modified": "No", "Block Added/Deleted": "Yes", "Param Modified": 0, "Param Added/Deleted": 0, "Return Type Modified": "No", "Modifier Modified": "No"}], "Function Added": [], "Function Deleted": [], "Modifier Modified": "No", "Field Declaration Modified": 0, "Field Declaration Added": 0, "Field Declaration Deleted": 0}], "Class Added": [], "Class Deleted": []}, {"File": "/home/ubuntu/Projects/Code/Classfier/byte-buddy_e42ef1daed89717bd8bc5376d9f1071223b37be2/byte-buddy-dep/src/main/java/net/bytebuddy/dynamic/loading/ClassReloadingStrategy.java", "Import Modified": [], "Import Added": [], "Import Deleted": [], "Class Modified": [{"Class": "ClassReloadingStrategy", "Function Modified": [{"Function": "fromInstalledAgent", "Block Modified": "No", "Block Added/Deleted": "Yes", "Param Modified": 0, "Param Added/Deleted": 0, "Return Type Modified": "No", "Modifier Modified": "No"}], "Function Added": [], "Function Deleted": [], "Modifier Modified": "No", "Field Declaration Modified": 0, "Field Declaration Added": 0, "Field Declaration Deleted": 0}], "Class Added": [], "Class Deleted": []}], "Files Added": [], "Files Deleted": []}, "BUILD_FILES": {}}