{"TEST_FILES": {"Files Modified": [], "Files Added": [], "Files Deleted": []}, "SRC_FILES": {"Files Modified": [{"File": "/home/ubuntu/Projects/Code/Classfier/Baragon_77a9430/BaragonData/src/main/java/com/hubspot/baragon/data/BaragonStateDatastore.java", "Import Modified": [], "Import Added": [], "Import Deleted": ["com.fasterxml.jackson.core.type.TypeReference"], "Class Modified": [], "Class Added": [], "Class Deleted": []}, {"File": "/home/ubuntu/Projects/Code/Classfier/Baragon_77a9430/BaragonData/src/main/java/com/hubspot/baragon/migrations/UpstreamsMigration.java", "Import Modified": [], "Import Added": [], "Import Deleted": ["com.fasterxml.jackson.databind.ObjectMapper"], "Class Modified": [], "Class Added": [], "Class Deleted": []}, {"File": "/home/ubuntu/Projects/Code/Classfier/Baragon_77a9430/BaragonData/src/main/java/com/hubspot/baragon/migrations/ZkDataMigrationRunner.java", "Import Modified": [], "Import Added": [], "Import Deleted": ["org.apache.curator.utils.ZKPaths"], "Class Modified": [], "Class Added": [], "Class Deleted": []}], "Files Added": [], "Files Deleted": []}, "BUILD_FILES": {}}