{"TEST_FILES": {"Files Modified": [], "Files Added": [], "Files Deleted": []}, "SRC_FILES": {"Files Modified": [{"File": "/home/ubuntu/Projects/Code/Classfier/byte-buddy_ac4df446d02b3336c683224a6975ea233a269c89/byte-buddy-dep/src/main/java/net/bytebuddy/pool/TypePool.java", "Import Modified": [], "Import Added": [], "Import Deleted": [], "Class Modified": [{"Class": "TypePool", "Function Modified": [{"Function": "getUpperBounds", "Block Modified": "No", "Block Added/Deleted": "No", "Param Modified": 0, "Param Added/Deleted": 0, "Return Type Modified": "No", "Modifier Modified": "No"}, {"Function": "toGenericType", "Block Modified": "No", "Block Added/Deleted": "Yes", "Param Modified": 0, "Param Added/Deleted": 0, "Return Type Modified": "No", "Modifier Modified": "No"}], "Function Added": [], "Function Deleted": [], "Modifier Modified": "No", "Field Declaration Modified": 0, "Field Declaration Added": 0, "Field Declaration Deleted": 0}], "Class Added": [], "Class Deleted": []}, {"File": "/home/ubuntu/Projects/Code/Classfier/byte-buddy_c790d26d9d9ec011df8f7845345c05309f541bdf/byte-buddy-dep/src/main/java/net/bytebuddy/pool/TypePool.java", "Import Modified": [], "Import Added": [], "Import Deleted": [], "Class Modified": [{"Class": "TypePool", "Function Modified": [{"Function": "toGenericType", "Block Modified": "No", "Block Added/Deleted": "Yes", "Param Modified": 0, "Param Added/Deleted": 0, "Return Type Modified": "No", "Modifier Modified": "No"}], "Function Added": [], "Function Deleted": [], "Modifier Modified": "No", "Field Declaration Modified": 0, "Field Declaration Added": 0, "Field Declaration Deleted": 0}], "Class Added": [], "Class Deleted": []}], "Files Added": [], "Files Deleted": []}, "BUILD_FILES": {}}