{"TEST_FILES": {"Files Modified": [{"File": "/home/ubuntu/Projects/Code/Classfier/orbit_f95a75d/actors/json/src/test/java/cloud/orbit/actors/extensions/json/JsonSerializerTest.java", "Import Modified": [], "Import Added": [], "Import Deleted": [], "Class Modified": [{"Class": "JsonSerializerTest", "Function Modified": [{"Function": "testMessage", "Block Modified": "No", "Block Added/Deleted": "Yes", "Param Modified": 0, "Param Added/Deleted": 0, "Return Type Modified": "No", "Modifier Modified": "No"}], "Function Added": [], "Function Deleted": [], "Modifier Modified": "No", "Field Declaration Modified": 0, "Field Declaration Added": 0, "Field Declaration Deleted": 0}], "Class Added": [], "Class Deleted": []}, {"File": "/home/ubuntu/Projects/Code/Classfier/orbit_f95a75d/actors/test/benchmarks/src/main/java/cloud/orbit/actors/test/SingleNodeBenchmark.java", "Import Modified": [], "Import Added": [], "Import Deleted": [], "Class Modified": [{"Class": "SingleNodeBenchmark", "Function Modified": [{"Function": "createStage", "Block Modified": "No", "Block Added/Deleted": "Yes", "Param Modified": 0, "Param Added/Deleted": 0, "Return Type Modified": "No", "Modifier Modified": "No"}], "Function Added": [], "Function Deleted": [], "Modifier Modified": "No", "Field Declaration Modified": 0, "Field Declaration Added": 0, "Field Declaration Deleted": 0}], "Class Added": [], "Class Deleted": []}], "Files Added": [], "Files Deleted": []}, "SRC_FILES": {"Files Modified": [{"File": "/home/ubuntu/Projects/Code/Classfier/orbit_f95a75d/actors/core/src/main/java/cloud/orbit/actors/extensions/MessageSerializer.java", "Import Modified": [], "Import Added": [], "Import Deleted": ["java.io.OutputStream"], "Class Modified": [{"Class": "MessageSerializer", "Function Modified": [{"Function": "serializeMessage", "Block Modified": "No", "Block Added/Deleted": "No", "Param Modified": 0, "Param Added/Deleted": 0, "Return Type Modified": "No", "Modifier Modified": "No"}], "Function Added": [], "Function Deleted": [], "Modifier Modified": "No", "Field Declaration Modified": 0, "Field Declaration Added": 0, "Field Declaration Deleted": 0}], "Class Added": [], "Class Deleted": []}, {"File": "/home/ubuntu/Projects/Code/Classfier/orbit_f95a75d/actors/json/src/main/java/cloud/orbit/actors/extensions/json/JsonMessageSerializer.java", "Import Modified": [], "Import Added": [], "Import Deleted": [], "Class Modified": [{"Class": "JsonMessageSerializer", "Function Modified": [{"Function": "serializeMessage", "Block Modified": "No", "Block Added/Deleted": "No", "Param Modified": 0, "Param Added/Deleted": 0, "Return Type Modified": "No", "Modifier Modified": "No"}], "Function Added": [], "Function Deleted": [], "Modifier Modified": "No", "Field Declaration Modified": 0, "Field Declaration Added": 0, "Field Declaration Deleted": 0}], "Class Added": [], "Class Deleted": []}, {"File": "/home/ubuntu/Projects/Code/Classfier/orbit_f95a75d/actors/runtime/src/main/java/cloud/orbit/actors/Stage.java", "Import Modified": [], "Import Added": [], "Import Deleted": [], "Class Modified": [{"Class": "Stage", "Function Modified": [{"Function": "", "Block Modified": "No", "Block Added/Deleted": "No", "Param Modified": 0, "Param Added/Deleted": 0, "Return Type Modified": "No", "Modifier Modified": "No"}, {"Function": "build", "Block Modified": "No", "Block Added/Deleted": "Yes", "Param Modified": 0, "Param Added/Deleted": 0, "Return Type Modified": "No", "Modifier Modified": "No"}], "Function Added": [{"Function": "setEnableMessageLoopback", "Block Modified": "No", "Block Added/Deleted": "No", "Param Modified": 0, "Param Added/Deleted": 0, "Return Type Modified": "No", "Modifier Modified": "No"}], "Function Deleted": [], "Modifier Modified": "No", "Field Declaration Modified": 0, "Field Declaration Added": 1, "Field Declaration Deleted": 0}], "Class Added": [], "Class Deleted": []}, {"File": "/home/ubuntu/Projects/Code/Classfier/orbit_f95a75d/actors/runtime/src/main/java/cloud/orbit/actors/runtime/DefaultResponseCachingExtension.java", "Import Modified": [], "Import Added": [], "Import Deleted": ["java.io.IOException", "java.io.OutputStream", "java.security.DigestOutputStream"], "Class Modified": [{"Class": "DefaultResponseCachingExtension", "Function Modified": [{"Function": "generateParameterHash", "Block Modified": "No", "Block Added/Deleted": "No", "Param Modified": 0, "Param Added/Deleted": 0, "Return Type Modified": "No", "Modifier Modified": "No"}], "Function Added": [], "Function Deleted": [], "Modifier Modified": "No", "Field Declaration Modified": 0, "Field Declaration Added": 0, "Field Declaration Deleted": 0}], "Class Added": [], "Class Deleted": []}, {"File": "/home/ubuntu/Projects/Code/Classfier/orbit_f95a75d/actors/runtime/src/main/java/cloud/orbit/actors/runtime/JavaMessageSerializer.java", "Import Modified": [], "Import Added": ["java.io.ByteArrayOutputStream"], "Import Deleted": [], "Class Modified": [{"Class": "", "Function Modified": [], "Function Added": [], "Function Deleted": [], "Modifier Modified": "No", "Field Declaration Modified": 0, "Field Declaration Added": 0, "Field Declaration Deleted": 0}, {"Class": "JavaMessageSerializer", "Function Modified": [{"Function": "serializeMessage", "Block Modified": "No", "Block Added/Deleted": "Yes", "Param Modified": 0, "Param Added/Deleted": 0, "Return Type Modified": "No", "Modifier Modified": "No"}], "Function Added": [], "Function Deleted": [], "Modifier Modified": "No", "Field Declaration Modified": 0, "Field Declaration Added": 0, "Field Declaration Deleted": 0}], "Class Added": [], "Class Deleted": []}, {"File": "/home/ubuntu/Projects/Code/Classfier/orbit_f95a75d/actors/runtime/src/main/java/cloud/orbit/actors/runtime/KryoSerializer.java", "Import Modified": [], "Import Added": [], "Import Deleted": ["java.io.OutputStream"], "Class Modified": [{"Class": "KryoSerializer", "Function Modified": [{"Function": "serializeMessage", "Block Modified": "No", "Block Added/Deleted": "Yes", "Param Modified": 0, "Param Added/Deleted": 0, "Return Type Modified": "No", "Modifier Modified": "No"}], "Function Added": [], "Function Deleted": [], "Modifier Modified": "No", "Field Declaration Modified": 0, "Field Declaration Added": 3, "Field Declaration Deleted": 0}], "Class Added": [], "Class Deleted": []}, {"File": "/home/ubuntu/Projects/Code/Classfier/orbit_7f6f338f294aa776c6ec8121de8c6939e93a95b3/actors/runtime/src/main/java/cloud/orbit/actors/runtime/KryoSerializer.java", "Import Modified": [], "Import Added": [], "Import Deleted": [], "Class Modified": [{"Class": "KryoSerializer", "Function Modified": [{"Function": "deserializeMessage", "Block Modified": "No", "Block Added/Deleted": "Yes", "Param Modified": 0, "Param Added/Deleted": 0, "Return Type Modified": "No", "Modifier Modified": "No"}, {"Function": "serializeMessage", "Block Modified": "No", "Block Added/Deleted": "Yes", "Param Modified": 0, "Param Added/Deleted": 0, "Return Type Modified": "No", "Modifier Modified": "No"}], "Function Added": [], "Function Deleted": [], "Modifier Modified": "No", "Field Declaration Modified": 0, "Field Declaration Added": 0, "Field Declaration Deleted": 0}], "Class Added": [], "Class Deleted": []}, {"File": "/home/ubuntu/Projects/Code/Classfier/orbit_7f6f338f294aa776c6ec8121de8c6939e93a95b3/actors/runtime/src/main/java/cloud/orbit/actors/runtime/SerializationHandler.java", "Import Modified": [], "Import Added": [], "Import Deleted": [], "Class Modified": [{"Class": "SerializationHandler", "Function Modified": [{"Function": "write", "Block Modified": "No", "Block Added/Deleted": "Yes", "Param Modified": 0, "Param Added/Deleted": 0, "Return Type Modified": "No", "Modifier Modified": "No"}], "Function Added": [], "Function Deleted": [], "Modifier Modified": "No", "Field Declaration Modified": 0, "Field Declaration Added": 0, "Field Declaration Deleted": 0}], "Class Added": [], "Class Deleted": []}, {"File": "/home/ubuntu/Projects/Code/Classfier/orbit_f95a75d/actors/runtime/src/main/java/cloud/orbit/actors/runtime/SerializationHandler.java", "Import Modified": [], "Import Added": [], "Import Deleted": ["java.io.ByteArrayOutputStream"], "Class Modified": [{"Class": "SerializationHandler", "Function Modified": [{"Function": "write", "Block Modified": "No", "Block Added/Deleted": "No", "Param Modified": 0, "Param Added/Deleted": 0, "Return Type Modified": "No", "Modifier Modified": "No"}], "Function Added": [], "Function Deleted": [], "Modifier Modified": "No", "Field Declaration Modified": 0, "Field Declaration Added": 0, "Field Declaration Deleted": 0}], "Class Added": [], "Class Deleted": []}], "Files Added": [{"File": "/home/ubuntu/Projects/Code/Classfier/orbit_7f6f338f294aa776c6ec8121de8c6939e93a95b3/actors/runtime/src/main/java/cloud/orbit/actors/runtime/KryoInputPool.java"}, {"File": "/home/ubuntu/Projects/Code/Classfier/orbit_7f6f338f294aa776c6ec8121de8c6939e93a95b3/actors/runtime/src/main/java/cloud/orbit/actors/runtime/KryoOutputPool.java"}], "Files Deleted": []}, "BUILD_FILES": {}}