{"TEST_FILES": {"Files Modified": [], "Files Added": [], "Files Deleted": []}, "SRC_FILES": {"Files Modified": [{"File": "/home/ubuntu/Projects/Code/Classfier/pgjdbc_397464a310749e08765a0b0e45cedb633693e0a7/pgjdbc/src/main/java/org/postgresql/core/v3/QueryExecutorImpl.java", "Import Modified": [], "Import Added": [], "Import Deleted": [], "Class Modified": [{"Class": "QueryExecutorImpl", "Function Modified": [{"Function": "interpretCommandStatus", "Block Modified": "No", "Block Added/Deleted": "Yes", "Param Modified": 0, "Param Added/Deleted": 0, "Return Type Modified": "No", "Modifier Modified": "No"}], "Function Added": [], "Function Deleted": [], "Modifier Modified": "No", "Field Declaration Modified": 0, "Field Declaration Added": 0, "Field Declaration Deleted": 0}], "Class Added": [], "Class Deleted": []}, {"File": "/home/ubuntu/Projects/Code/Classfier/pgjdbc_a699965/pgjdbc/src/main/java/org/postgresql/core/v3/QueryExecutorImpl.java", "Import Modified": [], "Import Added": [], "Import Deleted": ["java.util.regex.Matcher", "java.util.regex.Pattern"], "Class Modified": [], "Class Added": [], "Class Deleted": [{"Class": "QueryExecutorImpl", "Function Modified": [], "Function Added": [], "Function Deleted": [], "Modifier Modified": "No", "Field Declaration Modified": 0, "Field Declaration Added": 0, "Field Declaration Deleted": 1}, {"Class": "QueryExecutorImpl", "Function Modified": [], "Function Added": [], "Function Deleted": [{"Function": "interpretCommandStatus"}], "Modifier Modified": "No", "Field Declaration Modified": 0, "Field Declaration Added": 0, "Field Declaration Deleted": 0}, {"Class": "QueryExecutorImpl", "Function Modified": [], "Function Added": [], "Function Deleted": [{"Function": "interpretCommandStatus"}], "Modifier Modified": "No", "Field Declaration Modified": 0, "Field Declaration Added": 0, "Field Declaration Deleted": 0}, {"Class": "QueryExecutorImpl", "Function Modified": [], "Function Added": [], "Function Deleted": [{"Function": "interpretCommandStatus"}], "Modifier Modified": "No", "Field Declaration Modified": 0, "Field Declaration Added": 0, "Field Declaration Deleted": 0}, {"Class": "QueryExecutorImpl", "Function Modified": [], "Function Added": [], "Function Deleted": [{"Function": "interpretCommandStatus"}], "Modifier Modified": "No", "Field Declaration Modified": 0, "Field Declaration Added": 0, "Field Declaration Deleted": 0}, {"Class": "QueryExecutorImpl", "Function Modified": [], "Function Added": [], "Function Deleted": [{"Function": "interpretCommandStatus"}], "Modifier Modified": "No", "Field Declaration Modified": 0, "Field Declaration Added": 0, "Field Declaration Deleted": 0}, {"Class": "QueryExecutorImpl", "Function Modified": [], "Function Added": [], "Function Deleted": [{"Function": "interpretCommandStatus"}], "Modifier Modified": "No", "Field Declaration Modified": 0, "Field Declaration Added": 0, "Field Declaration Deleted": 0}, {"Class": "QueryExecutorImpl", "Function Modified": [], "Function Added": [], "Function Deleted": [{"Function": "interpretCommandStatus"}], "Modifier Modified": "No", "Field Declaration Modified": 0, "Field Declaration Added": 0, "Field Declaration Deleted": 0}, {"Class": "QueryExecutorImpl", "Function Modified": [], "Function Added": [], "Function Deleted": [{"Function": "interpretCommandStatus"}], "Modifier Modified": "No", "Field Declaration Modified": 0, "Field Declaration Added": 0, "Field Declaration Deleted": 0}, {"Class": "QueryExecutorImpl", "Function Modified": [], "Function Added": [], "Function Deleted": [{"Function": "interpretCommandStatus"}], "Modifier Modified": "No", "Field Declaration Modified": 0, "Field Declaration Added": 0, "Field Declaration Deleted": 0}]}], "Files Added": [], "Files Deleted": []}, "BUILD_FILES": {}}