{"TEST_FILES": {"Files Modified": [], "Files Added": [], "Files Deleted": []}, "SRC_FILES": {"Files Modified": [{"File": "/home/ubuntu/Projects/Code/Classfier/sonar-java_e2354a499917388c100503f817a073527db7e7bc/java-checks/src/main/java/org/sonar/java/checks/spring/SpringAutoConfigurationCheck.java", "Import Modified": [], "Import Added": [], "Import Deleted": [], "Class Modified": [{"Class": "SpringAutoConfigurationCheck", "Function Modified": [{"Function": "visitNode", "Block Modified": "No", "Block Added/Deleted": "Yes", "Param Modified": 0, "Param Added/Deleted": 0, "Return Type Modified": "No", "Modifier Modified": "No"}], "Function Added": [], "Function Deleted": [], "Modifier Modified": "No", "Field Declaration Modified": 0, "Field Declaration Added": 0, "Field Declaration Deleted": 0}], "Class Added": [], "Class Deleted": []}, {"File": "/home/ubuntu/Projects/Code/Classfier/sonar-java_497b736/java-checks/src/main/java/org/sonar/java/checks/spring/SpringAutoConfigurationCheck.java", "Import Modified": [], "Import Added": [], "Import Deleted": ["java.util.stream.Collectors"], "Class Modified": [{"Class": "SpringAutoConfigurationCheck", "Function Modified": [{"Function": "doNotHaveExclude", "Block Modified": "No", "Block Added/Deleted": "No", "Param Modified": 0, "Param Added/Deleted": 0, "Return Type Modified": "No", "Modifier Modified": "No"}], "Function Added": [], "Function Deleted": [], "Modifier Modified": "No", "Field Declaration Modified": 0, "Field Declaration Added": 0, "Field Declaration Deleted": 0}], "Class Added": [], "Class Deleted": []}], "Files Added": [], "Files Deleted": []}, "BUILD_FILES": {}}