{"TEST_FILES": {"Files Modified": [], "Files Added": [], "Files Deleted": []}, "SRC_FILES": {"Files Modified": [{"File": "/home/ubuntu/Projects/Code/Classfier/BungeeCord_4872075bf7841dc463cd8d41e6c27630b021af08/proxy/src/main/java/net/md_5/bungee/entitymap/EntityMap_1_8.java", "Import Modified": [], "Import Added": [], "Import Deleted": [], "Class Modified": [{"Class": "EntityMap_1_8", "Function Modified": [{"Function": "rewriteClientbound", "Block Modified": "No", "Block Added/Deleted": "Yes", "Param Modified": 0, "Param Added/Deleted": 0, "Return Type Modified": "No", "Modifier Modified": "No"}], "Function Added": [], "Function Deleted": [], "Modifier Modified": "No", "Field Declaration Modified": 0, "Field Declaration Added": 0, "Field Declaration Deleted": 0}], "Class Added": [], "Class Deleted": []}], "Files Added": [], "Files Deleted": []}, "BUILD_FILES": {}}