{"TEST_FILES": {"Files Modified": [], "Files Added": [], "Files Deleted": []}, "SRC_FILES": {"Files Modified": [{"File": "/home/ubuntu/Projects/Code/Classfier/quasar_5c2d0c5246f7686e62af0db86485be895b0cf7e4/quasar-core/src/main/java/co/paralleluniverse/strands/channels/Channels.java", "Import Modified": [], "Import Added": [], "Import Deleted": [], "Class Modified": [{"Class": "Channels", "Function Modified": [], "Function Added": [{"Function": "FixedTapSendPort", "Block Modified": "No", "Block Added/Deleted": "No", "Param Modified": 0, "Param Added/Deleted": 0, "Return Type Modified": "No", "Modifier Modified": "No"}, {"Function": "FixedTapSendPort", "Block Modified": "No", "Block Added/Deleted": "No", "Param Modified": 0, "Param Added/Deleted": 0, "Return Type Modified": "No", "Modifier Modified": "No"}], "Function Deleted": [], "Modifier Modified": "No", "Field Declaration Modified": 0, "Field Declaration Added": 0, "Field Declaration Deleted": 0}], "Class Added": [], "Class Deleted": []}, {"File": "/home/ubuntu/Projects/Code/Classfier/quasar_7a5304fae5ee6de236ff85962701e1c3162aaf46/quasar-core/src/main/java/co/paralleluniverse/strands/channels/Channels.java", "Import Modified": [], "Import Added": [], "Import Deleted": [], "Class Modified": [{"Class": "Channels", "Function Modified": [{"Function": "fiberTransform", "Block Modified": "No", "Block Added/Deleted": "Yes", "Param Modified": 0, "Param Added/Deleted": 0, "Return Type Modified": "No", "Modifier Modified": "No"}], "Function Added": [], "Function Deleted": [], "Modifier Modified": "No", "Field Declaration Modified": 0, "Field Declaration Added": 0, "Field Declaration Deleted": 0}], "Class Added": [], "Class Deleted": []}, {"File": "/home/ubuntu/Projects/Code/Classfier/quasar_5c2d0c5246f7686e62af0db86485be895b0cf7e4/quasar-core/src/main/java/co/paralleluniverse/strands/channels/TransformingSendPort.java", "Import Modified": [], "Import Added": ["co.paralleluniverse.strands.StrandFactory"], "Import Deleted": [], "Class Modified": [{"Class": "", "Function Modified": [], "Function Added": [], "Function Deleted": [], "Modifier Modified": "No", "Field Declaration Modified": 0, "Field Declaration Added": 0, "Field Declaration Deleted": 0}, {"Class": "TransformingSendPort", "Function Modified": [], "Function Added": [{"Function": "FixedTapSendPort", "Block Modified": "No", "Block Added/Deleted": "No", "Param Modified": 0, "Param Added/Deleted": 0, "Return Type Modified": "No", "Modifier Modified": "No"}, {"Function": "FixedTapSendPort", "Block Modified": "No", "Block Added/Deleted": "No", "Param Modified": 0, "Param Added/Deleted": 0, "Return Type Modified": "No", "Modifier Modified": "No"}], "Function Deleted": [], "Modifier Modified": "No", "Field Declaration Modified": 0, "Field Declaration Added": 0, "Field Declaration Deleted": 0}], "Class Added": [], "Class Deleted": []}], "Files Added": [{"File": "/home/ubuntu/Projects/Code/Classfier/quasar_7a5304fae5ee6de236ff85962701e1c3162aaf46/quasar-core/src/main/java/co/paralleluniverse/strands/channels/FixedTapSendPort.java"}, {"File": "/home/ubuntu/Projects/Code/Classfier/quasar_7a5304fae5ee6de236ff85962701e1c3162aaf46/quasar-core/src/main/java/co/paralleluniverse/strands/channels/TapSendPort.java"}], "Files Deleted": []}, "BUILD_FILES": {}}