{"TEST_FILES": {"Files Modified": [{"File": "/home/ubuntu/Projects/Code/Classfier/orbit_6a44c1c/actors/runtime/src/test/java/cloud/orbit/actors/extensions/test/ConstructionTest.java", "Import Modified": [], "Import Added": ["cloud.orbit.actors.extensions.ActorConstructionExtension"], "Import Deleted": [], "Class Modified": [{"Class": "", "Function Modified": [], "Function Added": [], "Function Deleted": [], "Modifier Modified": "No", "Field Declaration Modified": 0, "Field Declaration Added": 0, "Field Declaration Deleted": 0}, {"Class": "ConstructionTest", "Function Modified": [], "Function Added": [], "Function Deleted": [], "Modifier Modified": "No", "Field Declaration Modified": 0, "Field Declaration Added": 0, "Field Declaration Deleted": 0}], "Class Added": [], "Class Deleted": []}], "Files Added": [], "Files Deleted": []}, "SRC_FILES": {"Files Modified": [{"File": "/home/ubuntu/Projects/Code/Classfier/orbit_6a44c1c/actors/core/src/main/java/cloud/orbit/actors/extensions/LifetimeExtension.java", "Import Modified": [], "Import Added": [], "Import Deleted": [], "Class Modified": [{"Class": "LifetimeExtension", "Function Modified": [], "Function Added": [], "Function Deleted": [{"Function": "newInstance"}], "Modifier Modified": "No", "Field Declaration Modified": 0, "Field Declaration Added": 0, "Field Declaration Deleted": 0}], "Class Added": [], "Class Deleted": []}, {"File": "/home/ubuntu/Projects/Code/Classfier/orbit_6a44c1c/actors/runtime/src/main/java/cloud/orbit/actors/runtime/ActorEntry.java", "Import Modified": [], "Import Added": ["cloud.orbit.actors.extensions.ActorConstructionExtension"], "Import Deleted": [], "Class Modified": [{"Class": "", "Function Modified": [], "Function Added": [], "Function Deleted": [], "Modifier Modified": "No", "Field Declaration Modified": 0, "Field Declaration Added": 0, "Field Declaration Deleted": 0}, {"Class": "ActorEntry", "Function Modified": [{"Function": "activate", "Block Modified": "No", "Block Added/Deleted": "No", "Param Modified": 0, "Param Added/Deleted": 0, "Return Type Modified": "No", "Modifier Modified": "No"}], "Function Added": [], "Function Deleted": [], "Modifier Modified": "No", "Field Declaration Modified": 0, "Field Declaration Added": 0, "Field Declaration Deleted": 0}], "Class Added": [], "Class Deleted": []}], "Files Added": [{"File": "/home/ubuntu/Projects/Code/Classfier/orbit_bdafdffdcc7138b90fff09d97db0204e4488e506/actors/core/src/main/java/cloud/orbit/actors/extensions/ActorConstructionExtension.java"}], "Files Deleted": []}, "BUILD_FILES": {}}