{"TEST_FILES": {"Files Modified": [], "Files Added": [], "Files Deleted": []}, "SRC_FILES": {"Files Modified": [{"File": "/home/ubuntu/Projects/Code/Classfier/deadcode4j_56c1474df3404c65bb530513e71d753934453a50/src/main/java/de/is24/deadcode4j/Utils.java", "Import Modified": [], "Import Added": ["org.codehaus.plexus.util.StringUtils"], "Import Deleted": [], "Class Modified": [{"Class": "", "Function Modified": [], "Function Added": [], "Function Deleted": [], "Modifier Modified": "No", "Field Declaration Modified": 0, "Field Declaration Added": 0, "Field Declaration Deleted": 0}, {"Class": "Utils", "Function Modified": [], "Function Added": [{"Function": "isBlank", "Block Modified": "No", "Block Added/Deleted": "No", "Param Modified": 0, "Param Added/Deleted": 0, "Return Type Modified": "No", "Modifier Modified": "No"}], "Function Deleted": [], "Modifier Modified": "No", "Field Declaration Modified": 0, "Field Declaration Added": 0, "Field Declaration Deleted": 0}], "Class Added": [], "Class Deleted": []}, {"File": "/home/ubuntu/Projects/Code/Classfier/deadcode4j_56c1474df3404c65bb530513e71d753934453a50/src/main/java/de/is24/deadcode4j/analyzer/ExtendedXmlAnalyzer.java", "Import Modified": [], "Import Added": ["de.is24.deadcode4j.Utils.isBlank"], "Import Deleted": [], "Class Modified": [{"Class": "", "Function Modified": [], "Function Added": [], "Function Deleted": [], "Modifier Modified": "No", "Field Declaration Modified": 0, "Field Declaration Added": 0, "Field Declaration Deleted": 0}], "Class Added": [], "Class Deleted": [{"Class": "ExtendedXmlAnalyzer", "Function Modified": [], "Function Added": [], "Function Deleted": [{"Function": "toString"}], "Modifier Modified": "No", "Field Declaration Modified": 0, "Field Declaration Added": 0, "Field Declaration Deleted": 0}]}, {"File": "/home/ubuntu/Projects/Code/Classfier/deadcode4j_56c1474df3404c65bb530513e71d753934453a50/src/main/java/de/is24/deadcode4j/analyzer/SimpleXmlAnalyzer.java", "Import Modified": [], "Import Added": ["de.is24.deadcode4j.Utils.isBlank"], "Import Deleted": [], "Class Modified": [{"Class": "", "Function Modified": [], "Function Added": [], "Function Deleted": [], "Modifier Modified": "No", "Field Declaration Modified": 0, "Field Declaration Added": 0, "Field Declaration Deleted": 0}, {"Class": "SimpleXmlAnalyzer", "Function Modified": [{"Function": "withAttributeValue", "Block Modified": "No", "Block Added/Deleted": "No", "Param Modified": 0, "Param Added/Deleted": 0, "Return Type Modified": "No", "Modifier Modified": "No"}], "Function Added": [], "Function Deleted": [], "Modifier Modified": "No", "Field Declaration Modified": 0, "Field Declaration Added": 0, "Field Declaration Deleted": 0}], "Class Added": [], "Class Deleted": []}, {"File": "/home/ubuntu/Projects/Code/Classfier/deadcode4j_5d32dbef57eb4c7534f45c2c3027d1c0a9a80ddd/src/main/java/de/is24/deadcode4j/analyzer/SpringWebXmlAnalyzer.java", "Import Modified": [], "Import Added": [], "Import Deleted": [], "Class Modified": [{"Class": "SpringWebXmlAnalyzer", "Function Modified": [{"Function": "createWebXmlHandlerFor", "Block Modified": "No", "Block Added/Deleted": "Yes", "Param Modified": 0, "Param Added/Deleted": 0, "Return Type Modified": "No", "Modifier Modified": "No"}], "Function Added": [], "Function Deleted": [], "Modifier Modified": "No", "Field Declaration Modified": 0, "Field Declaration Added": 0, "Field Declaration Deleted": 0}], "Class Added": [], "Class Deleted": []}, {"File": "/home/ubuntu/Projects/Code/Classfier/deadcode4j_56c1474df3404c65bb530513e71d753934453a50/src/main/java/de/is24/deadcode4j/analyzer/XmlAnalyzer.java", "Import Modified": [], "Import Added": ["de.is24.deadcode4j.Utils.isBlank"], "Import Deleted": [], "Class Modified": [{"Class": "", "Function Modified": [], "Function Added": [], "Function Deleted": [], "Modifier Modified": "No", "Field Declaration Modified": 0, "Field Declaration Added": 0, "Field Declaration Deleted": 0}], "Class Added": [], "Class Deleted": []}, {"File": "/home/ubuntu/Projects/Code/Classfier/deadcode4j_56c1474df3404c65bb530513e71d753934453a50/src/main/java/de/is24/deadcode4j/plugin/UsageStatisticsManager.java", "Import Modified": [], "Import Added": [], "Import Deleted": [], "Class Modified": [{"Class": "UsageStatisticsManager", "Function Modified": [], "Function Added": [], "Function Deleted": [], "Modifier Modified": "Yes", "Field Declaration Modified": 0, "Field Declaration Added": 0, "Field Declaration Deleted": 0}], "Class Added": [], "Class Deleted": []}], "Files Added": [], "Files Deleted": []}, "BUILD_FILES": {}}