{"TEST_FILES": {"Files Modified": [], "Files Added": [], "Files Deleted": []}, "SRC_FILES": {"Files Modified": [{"File": "/home/ubuntu/Projects/Code/Classfier/Baragon_67b46e7/BaragonData/src/main/java/com/hubspot/baragon/data/BaragonStateDatastore.java", "Import Modified": [], "Import Added": [], "Import Deleted": [], "Class Modified": [{"Class": "BaragonStateDatastore", "Function Modified": [], "Function Added": [], "Function Deleted": [{"Function": "updateService"}], "Modifier Modified": "No", "Field Declaration Modified": 0, "Field Declaration Added": 0, "Field Declaration Deleted": 0}], "Class Added": [], "Class Deleted": []}], "Files Added": [], "Files Deleted": []}, "BUILD_FILES": {}}