{"TEST_FILES": {"Files Modified": [], "Files Added": [], "Files Deleted": []}, "SRC_FILES": {"Files Modified": [{"File": "/home/ubuntu/Projects/Code/Classfier/jackrabbit-oak_1db8224/oak-core/src/main/java/org/apache/jackrabbit/oak/plugins/index/Cursors.java", "Import Modified": [], "Import Added": [], "Import Deleted": [], "Class Modified": [{"Class": "Cursors", "Function Modified": [], "Function Added": [{"Function": "checkMemoryLimit", "Block Modified": "No", "Block Added/Deleted": "No", "Param Modified": 0, "Param Added/Deleted": 0, "Return Type Modified": "No", "Modifier Modified": "No"}, {"Function": "checkReadLimit", "Block Modified": "No", "Block Added/Deleted": "No", "Param Modified": 0, "Param Added/Deleted": 0, "Return Type Modified": "No", "Modifier Modified": "No"}], "Function Deleted": [], "Modifier Modified": "No", "Field Declaration Modified": 0, "Field Declaration Added": 0, "Field Declaration Deleted": 0}], "Class Added": [], "Class Deleted": []}, {"File": "/home/ubuntu/Projects/Code/Classfier/jackrabbit-oak_1db8224/oak-lucene/src/main/java/org/apache/jackrabbit/oak/plugins/index/lucene/LuceneIndex.java", "Import Modified": [], "Import Added": ["org.apache.jackrabbit.oak.plugins.index.Cursors"], "Import Deleted": ["org.apache.lucene.index.FieldInfo", "org.apache.lucene.index.StoredFieldVisitor", "org.apache.jackrabbit.oak.plugins.index.lucene.FieldNames.PATH"], "Class Modified": [{"Class": "", "Function Modified": [], "Function Added": [], "Function Deleted": [], "Modifier Modified": "No", "Field Declaration Modified": 0, "Field Declaration Added": 0, "Field Declaration Deleted": 0}, {"Class": "LuceneIndex", "Function Modified": [{"Function": "LucenePathCursor", "Block Modified": "No", "Block Added/Deleted": "No", "Param Modified": 0, "Param Added/Deleted": 0, "Return Type Modified": "No", "Modifier Modified": "No"}], "Function Added": [], "Function Deleted": [], "Modifier Modified": "No", "Field Declaration Modified": 0, "Field Declaration Added": 0, "Field Declaration Deleted": 0}], "Class Added": [], "Class Deleted": []}, {"File": "/home/ubuntu/Projects/Code/Classfier/jackrabbit-oak_1db8224/oak-lucene/src/main/java/org/apache/jackrabbit/oak/plugins/index/lucene/LucenePropertyIndex.java", "Import Modified": [], "Import Added": ["org.apache.jackrabbit.oak.plugins.index.Cursors"], "Import Deleted": [], "Class Modified": [{"Class": "", "Function Modified": [], "Function Added": [], "Function Deleted": [], "Modifier Modified": "No", "Field Declaration Modified": 0, "Field Declaration Added": 0, "Field Declaration Deleted": 0}, {"Class": "LucenePropertyIndex", "Function Modified": [{"Function": "LucenePathCursor", "Block Modified": "No", "Block Added/Deleted": "Yes", "Param Modified": 0, "Param Added/Deleted": 0, "Return Type Modified": "No", "Modifier Modified": "No"}], "Function Added": [], "Function Deleted": [], "Modifier Modified": "No", "Field Declaration Modified": 0, "Field Declaration Added": 0, "Field Declaration Deleted": 0}], "Class Added": [], "Class Deleted": []}], "Files Added": [], "Files Deleted": []}, "BUILD_FILES": {}}