{"TEST_FILES": {"Files Modified": [{"File": "/home/ubuntu/Projects/Code/Classfier/sonar-php_e7366a1/php-checks/src/test/java/org/sonar/php/checks/BooleanEqualityComparisonCheckTest.java", "Import Modified": [], "Import Added": [], "Import Deleted": ["org.sonar.plugins.php.CheckTest"], "Class Modified": [], "Class Added": [], "Class Deleted": [{"Class": "BooleanEqualityComparisonCheckTest", "Function Modified": [], "Function Added": [], "Function Deleted": [], "Modifier Modified": "No", "Field Declaration Modified": 0, "Field Declaration Added": 0, "Field Declaration Deleted": 0}]}, {"File": "/home/ubuntu/Projects/Code/Classfier/sonar-php_e7366a1/php-frontend/src/test/java/org/sonar/php/utils/Assertions.java", "Import Modified": [], "Import Added": [], "Import Deleted": ["org.sonar.php.parser.PHPGrammar"], "Class Modified": [], "Class Added": [], "Class Deleted": []}], "Files Added": [], "Files Deleted": [{"File": "/home/ubuntu/Projects/Code/Classfier/sonar-php_e7366a1/php-checks/src/test/java/org/sonar/plugins/php/CheckTest.java"}]}, "SRC_FILES": {"Files Modified": [{"File": "/home/ubuntu/Projects/Code/Classfier/sonar-php_e7366a1/php-checks/src/main/java/org/sonar/php/checks/utils/CheckUtils.java", "Import Modified": [], "Import Added": [], "Import Deleted": ["com.google.common.base.Preconditions", "com.sonar.sslr.api.AstNode", "com.sonar.sslr.api.Token", "org.sonar.php.api.PHPKeyword", "org.sonar.php.parser.PHPGrammar"], "Class Modified": [], "Class Added": [], "Class Deleted": [{"Class": "CheckUtils", "Function Modified": [], "Function Added": [], "Function Deleted": [{"Function": "isStaticClassMember"}], "Modifier Modified": "No", "Field Declaration Modified": 0, "Field Declaration Added": 0, "Field Declaration Deleted": 0}, {"Class": "CheckUtils", "Function Modified": [], "Function Added": [], "Function Deleted": [{"Function": "isExpressionABooleanLiteral"}], "Modifier Modified": "No", "Field Declaration Modified": 0, "Field Declaration Added": 0, "Field Declaration Deleted": 0}, {"Class": "CheckUtils", "Function Modified": [], "Function Added": [], "Function Deleted": [{"Function": "getExpressionAsString"}], "Modifier Modified": "No", "Field Declaration Modified": 0, "Field Declaration Added": 0, "Field Declaration Deleted": 0}, {"Class": "CheckUtils", "Function Modified": [], "Function Added": [], "Function Deleted": [{"Function": "areSyntacticallyEquivalent"}], "Modifier Modified": "No", "Field Declaration Modified": 0, "Field Declaration Added": 0, "Field Declaration Deleted": 0}]}, {"File": "/home/ubuntu/Projects/Code/Classfier/sonar-php_e7366a1/php-checks/src/main/java/org/sonar/php/checks/utils/FunctionUtils.java", "Import Modified": [], "Import Added": [], "Import Deleted": ["com.google.common.base.Preconditions", "com.google.common.collect.Lists", "com.sonar.sslr.api.AstNode", "org.sonar.php.api.PHPKeyword", "org.sonar.php.api.PHPPunctuator", "org.sonar.php.parser.PHPGrammar", "org.sonar.sslr.grammar.GrammarRuleKey", "java.util.Arrays"], "Class Modified": [{"Class": "FunctionUtils", "Function Modified": [{"Function": "isOverriding", "Block Modified": "No", "Block Added/Deleted": "No", "Param Modified": 0, "Param Added/Deleted": 0, "Return Type Modified": "No", "Modifier Modified": "No"}], "Function Added": [], "Function Deleted": [], "Modifier Modified": "No", "Field Declaration Modified": 0, "Field Declaration Added": 0, "Field Declaration Deleted": 1}], "Class Added": [], "Class Deleted": []}, {"File": "/home/ubuntu/Projects/Code/Classfier/sonar-php_e7366a1/php-frontend/src/main/java/org/sonar/php/api/PHPKeyword.java", "Import Modified": [], "Import Added": [], "Import Deleted": ["org.sonar.sslr.grammar.GrammarRuleKey"], "Class Modified": [], "Class Added": [], "Class Deleted": [{"Class": "", "Function Modified": [], "Function Added": [], "Function Deleted": [], "Modifier Modified": "No", "Field Declaration Modified": 0, "Field Declaration Added": 0, "Field Declaration Deleted": 0}]}, {"File": "/home/ubuntu/Projects/Code/Classfier/sonar-php_e7366a1/php-frontend/src/main/java/org/sonar/php/api/PHPPunctuator.java", "Import Modified": [], "Import Added": [], "Import Deleted": ["org.sonar.sslr.grammar.GrammarRuleKey"], "Class Modified": [], "Class Added": [], "Class Deleted": [{"Class": "", "Function Modified": [], "Function Added": [], "Function Deleted": [], "Modifier Modified": "No", "Field Declaration Modified": 0, "Field Declaration Added": 0, "Field Declaration Deleted": 0}]}, {"File": "/home/ubuntu/Projects/Code/Classfier/sonar-php_e7366a1/sonar-php-plugin/src/main/java/org/sonar/plugins/php/PHPSensor.java", "Import Modified": [], "Import Added": [], "Import Deleted": ["org.sonar.api.issue.Issue", "org.sonar.php.PHPAstScanner", "org.sonar.php.PHPConfiguration", "org.sonar.squidbridge.AstScanner", "org.sonar.squidbridge.SquidAstVisitor", "org.sonar.squidbridge.api.CheckMessage", "org.sonar.squidbridge.api.CodeVisitor", "org.sonar.squidbridge.api.SourceCode", "org.sonar.squidbridge.api.SourceFile", "org.sonar.squidbridge.indexer.QueryByType", "org.sonar.sslr.parser.LexerlessGrammar", "java.util.Collection", "java.util.Locale"], "Class Modified": [{"Class": "PHPSensor", "Function Modified": [{"Function": "getCheckVisitors", "Block Modified": "No", "Block Added/Deleted": "No", "Param Modified": 0, "Param Added/Deleted": 0, "Return Type Modified": "No", "Modifier Modified": "No"}], "Function Added": [], "Function Deleted": [], "Modifier Modified": "No", "Field Declaration Modified": 0, "Field Declaration Added": 0, "Field Declaration Deleted": 2}], "Class Added": [], "Class Deleted": []}], "Files Added": [], "Files Deleted": [{"File": "/home/ubuntu/Projects/Code/Classfier/sonar-php_e7366a1/php-checks/src/main/java/org/sonar/php/checks/utils/LocalVariableScope.java"}, {"File": "/home/ubuntu/Projects/Code/Classfier/sonar-php_e7366a1/php-checks/src/main/java/org/sonar/php/checks/utils/Variable.java"}, {"File": "/home/ubuntu/Projects/Code/Classfier/sonar-php_e7366a1/php-frontend/src/main/java/org/sonar/php/PHPAstScanner.java"}, {"File": "/home/ubuntu/Projects/Code/Classfier/sonar-php_e7366a1/php-frontend/src/main/java/org/sonar/php/PHPConfiguration.java"}, {"File": "/home/ubuntu/Projects/Code/Classfier/sonar-php_e7366a1/php-frontend/src/main/java/org/sonar/php/parser/PHPGrammar.java"}, {"File": "/home/ubuntu/Projects/Code/Classfier/sonar-php_e7366a1/php-frontend/src/main/java/org/sonar/php/parser/PHPParser.java"}]}, "BUILD_FILES": {}}