{"TEST_FILES": {"Files Modified": [{"File": "/home/ubuntu/Projects/Code/Classfier/okhttp_291870e/mockwebserver/src/test/java/com/squareup/okhttp/mockwebserver/MockWebServerTest.java", "Import Modified": [], "Import Added": ["java.net.ConnectException", "java.util.concurrent.atomic.AtomicBoolean", "org.junit.After", "org.junit.runner.Description", "org.junit.runners.model.Statement", "org.junit.Assert.assertNotEquals", "org.junit.Assert.assertNotNull"], "Import Deleted": ["com.squareup.okhttp.mockwebserver.rule.MockWebServerRule"], "Class Modified": [{"Class": "", "Function Modified": [], "Function Added": [], "Function Deleted": [], "Modifier Modified": "No", "Field Declaration Modified": 0, "Field Declaration Added": 0, "Field Declaration Deleted": 0}, {"Class": "MockWebServerTest", "Function Modified": [], "Function Added": [{"Function": "Test", "Block Modified": "No", "Block Added/Deleted": "No", "Param Modified": 0, "Param Added/Deleted": 0, "Return Type Modified": "No", "Modifier Modified": "No"}, {"Function": "Test", "Block Modified": "No", "Block Added/Deleted": "No", "Param Modified": 0, "Param Added/Deleted": 0, "Return Type Modified": "No", "Modifier Modified": "No"}, {"Function": "Test", "Block Modified": "No", "Block Added/Deleted": "No", "Param Modified": 0, "Param Added/Deleted": 0, "Return Type Modified": "No", "Modifier Modified": "No"}, {"Function": "Test", "Block Modified": "No", "Block Added/Deleted": "No", "Param Modified": 0, "Param Added/Deleted": 0, "Return Type Modified": "No", "Modifier Modified": "No"}], "Function Deleted": [], "Modifier Modified": "No", "Field Declaration Modified": 0, "Field Declaration Added": 0, "Field Declaration Deleted": 2}], "Class Added": [], "Class Deleted": []}, {"File": "/home/ubuntu/Projects/Code/Classfier/okhttp_662c2912d94f6ba016ce83fe7dbb3ba7c17d294d/mockwebserver/src/test/java/com/squareup/okhttp/mockwebserver/MockWebServerTest.java", "Import Modified": [], "Import Added": [], "Import Deleted": [], "Class Modified": [{"Class": "MockWebServerTest", "Function Modified": [{"Function": "tearDown", "Block Modified": "No", "Block Added/Deleted": "No", "Param Modified": 0, "Param Added/Deleted": 0, "Return Type Modified": "No", "Modifier Modified": "No"}, {"Function": "statementStartsAndStops", "Block Modified": "No", "Block Added/Deleted": "No", "Param Modified": 0, "Param Added/Deleted": 0, "Return Type Modified": "No", "Modifier Modified": "No"}, {"Function": "shutdownWithoutStart", "Block Modified": "No", "Block Added/Deleted": "Yes", "Param Modified": 0, "Param Added/Deleted": 0, "Return Type Modified": "No", "Modifier Modified": "No"}], "Function Added": [], "Function Deleted": [], "Modifier Modified": "No", "Field Declaration Modified": 0, "Field Declaration Added": 1, "Field Declaration Deleted": 0}], "Class Added": [], "Class Deleted": []}, {"File": "/home/ubuntu/Projects/Code/Classfier/okhttp_291870e/okhttp-android-support/src/test/java/com/squareup/okhttp/android/HttpResponseCacheTest.java", "Import Modified": [], "Import Added": [], "Import Deleted": ["com.squareup.okhttp.mockwebserver.rule.MockWebServerRule"], "Class Modified": [{"Class": "HttpResponseCacheTest", "Function Modified": [], "Function Added": [], "Function Deleted": [], "Modifier Modified": "No", "Field Declaration Modified": 2, "Field Declaration Added": 0, "Field Declaration Deleted": 2}], "Class Added": [], "Class Deleted": []}, {"File": "/home/ubuntu/Projects/Code/Classfier/okhttp_291870e/okhttp-android-support/src/test/java/com/squareup/okhttp/internal/huc/JavaApiConverterTest.java", "Import Modified": [], "Import Added": ["com.squareup.okhttp.mockwebserver.MockWebServer"], "Import Deleted": ["com.squareup.okhttp.mockwebserver.rule.MockWebServerRule"], "Class Modified": [{"Class": "", "Function Modified": [], "Function Added": [], "Function Deleted": [], "Modifier Modified": "No", "Field Declaration Modified": 0, "Field Declaration Added": 0, "Field Declaration Deleted": 0}], "Class Added": [], "Class Deleted": [{"Class": "JavaApiConverterTest", "Function Modified": [], "Function Added": [], "Function Deleted": [], "Modifier Modified": "No", "Field Declaration Modified": 0, "Field Declaration Added": 0, "Field Declaration Deleted": 1}, {"Class": "JavaApiConverterTest", "Function Modified": [], "Function Added": [], "Function Deleted": [], "Modifier Modified": "No", "Field Declaration Modified": 0, "Field Declaration Added": 0, "Field Declaration Deleted": 1}]}, {"File": "/home/ubuntu/Projects/Code/Classfier/okhttp_662c2912d94f6ba016ce83fe7dbb3ba7c17d294d/okhttp-android-support/src/test/java/com/squareup/okhttp/internal/huc/JavaApiConverterTest.java", "Import Modified": [], "Import Added": [], "Import Deleted": [], "Class Modified": [{"Class": "JavaApiConverterTest", "Function Modified": [], "Function Added": [], "Function Deleted": [], "Modifier Modified": "No", "Field Declaration Modified": 0, "Field Declaration Added": 1, "Field Declaration Deleted": 0}], "Class Added": [], "Class Deleted": []}, {"File": "/home/ubuntu/Projects/Code/Classfier/okhttp_662c2912d94f6ba016ce83fe7dbb3ba7c17d294d/okhttp-android-support/src/test/java/com/squareup/okhttp/internal/huc/ResponseCacheTest.java", "Import Modified": [], "Import Added": [], "Import Deleted": [], "Class Modified": [{"Class": "ResponseCacheTest", "Function Modified": [{"Function": "", "Block Modified": "No", "Block Added/Deleted": "No", "Param Modified": 0, "Param Added/Deleted": 0, "Return Type Modified": "No", "Modifier Modified": "No"}], "Function Added": [], "Function Deleted": [], "Modifier Modified": "No", "Field Declaration Modified": 0, "Field Declaration Added": 1, "Field Declaration Deleted": 0}], "Class Added": [], "Class Deleted": []}, {"File": "/home/ubuntu/Projects/Code/Classfier/okhttp_291870e/okhttp-android-support/src/test/java/com/squareup/okhttp/internal/huc/ResponseCacheTest.java", "Import Modified": [], "Import Added": [], "Import Deleted": ["com.squareup.okhttp.mockwebserver.rule.MockWebServerRule"], "Class Modified": [], "Class Added": [], "Class Deleted": [{"Class": "ResponseCacheTest", "Function Modified": [], "Function Added": [], "Function Deleted": [], "Modifier Modified": "No", "Field Declaration Modified": 0, "Field Declaration Added": 0, "Field Declaration Deleted": 1}, {"Class": "ResponseCacheTest", "Function Modified": [], "Function Added": [], "Function Deleted": [], "Modifier Modified": "No", "Field Declaration Modified": 0, "Field Declaration Added": 0, "Field Declaration Deleted": 1}, {"Class": "ResponseCacheTest", "Function Modified": [], "Function Added": [], "Function Deleted": [], "Modifier Modified": "No", "Field Declaration Modified": 0, "Field Declaration Added": 0, "Field Declaration Deleted": 1}, {"Class": "ResponseCacheTest", "Function Modified": [], "Function Added": [], "Function Deleted": [], "Modifier Modified": "No", "Field Declaration Modified": 0, "Field Declaration Added": 0, "Field Declaration Deleted": 1}, {"Class": "ResponseCacheTest", "Function Modified": [], "Function Added": [], "Function Deleted": [], "Modifier Modified": "No", "Field Declaration Modified": 0, "Field Declaration Added": 0, "Field Declaration Deleted": 1}, {"Class": "ResponseCacheTest", "Function Modified": [], "Function Added": [], "Function Deleted": [], "Modifier Modified": "No", "Field Declaration Modified": 0, "Field Declaration Added": 0, "Field Declaration Deleted": 1}, {"Class": "ResponseCacheTest", "Function Modified": [], "Function Added": [], "Function Deleted": [{"Function": "setUp"}], "Modifier Modified": "No", "Field Declaration Modified": 0, "Field Declaration Added": 0, "Field Declaration Deleted": 0}, {"Class": "ResponseCacheTest", "Function Modified": [], "Function Added": [], "Function Deleted": [{"Function": "setUp"}], "Modifier Modified": "No", "Field Declaration Modified": 0, "Field Declaration Added": 0, "Field Declaration Deleted": 0}]}, {"File": "/home/ubuntu/Projects/Code/Classfier/okhttp_662c2912d94f6ba016ce83fe7dbb3ba7c17d294d/okhttp-tests/src/test/java/com/squareup/okhttp/CacheTest.java", "Import Modified": [], "Import Added": [], "Import Deleted": [], "Class Modified": [{"Class": "CacheTest", "Function Modified": [{"Function": "", "Block Modified": "No", "Block Added/Deleted": "No", "Param Modified": 0, "Param Added/Deleted": 0, "Return Type Modified": "No", "Modifier Modified": "No"}], "Function Added": [], "Function Deleted": [], "Modifier Modified": "No", "Field Declaration Modified": 0, "Field Declaration Added": 1, "Field Declaration Deleted": 0}], "Class Added": [], "Class Deleted": []}, {"File": "/home/ubuntu/Projects/Code/Classfier/okhttp_291870e/okhttp-tests/src/test/java/com/squareup/okhttp/CacheTest.java", "Import Modified": [], "Import Added": [], "Import Deleted": ["com.squareup.okhttp.mockwebserver.rule.MockWebServerRule"], "Class Modified": [], "Class Added": [], "Class Deleted": [{"Class": "CacheTest", "Function Modified": [], "Function Added": [], "Function Deleted": [], "Modifier Modified": "No", "Field Declaration Modified": 0, "Field Declaration Added": 0, "Field Declaration Deleted": 1}, {"Class": "CacheTest", "Function Modified": [], "Function Added": [], "Function Deleted": [], "Modifier Modified": "No", "Field Declaration Modified": 0, "Field Declaration Added": 0, "Field Declaration Deleted": 1}, {"Class": "CacheTest", "Function Modified": [], "Function Added": [], "Function Deleted": [], "Modifier Modified": "No", "Field Declaration Modified": 0, "Field Declaration Added": 0, "Field Declaration Deleted": 1}, {"Class": "CacheTest", "Function Modified": [], "Function Added": [], "Function Deleted": [], "Modifier Modified": "No", "Field Declaration Modified": 0, "Field Declaration Added": 0, "Field Declaration Deleted": 1}, {"Class": "CacheTest", "Function Modified": [], "Function Added": [], "Function Deleted": [], "Modifier Modified": "No", "Field Declaration Modified": 0, "Field Declaration Added": 0, "Field Declaration Deleted": 1}, {"Class": "CacheTest", "Function Modified": [], "Function Added": [], "Function Deleted": [], "Modifier Modified": "No", "Field Declaration Modified": 0, "Field Declaration Added": 0, "Field Declaration Deleted": 1}, {"Class": "CacheTest", "Function Modified": [], "Function Added": [], "Function Deleted": [{"Function": "setUp"}], "Modifier Modified": "No", "Field Declaration Modified": 0, "Field Declaration Added": 0, "Field Declaration Deleted": 0}, {"Class": "CacheTest", "Function Modified": [], "Function Added": [], "Function Deleted": [{"Function": "setUp"}], "Modifier Modified": "No", "Field Declaration Modified": 0, "Field Declaration Added": 0, "Field Declaration Deleted": 0}]}, {"File": "/home/ubuntu/Projects/Code/Classfier/okhttp_291870e/okhttp-tests/src/test/java/com/squareup/okhttp/CallTest.java", "Import Modified": [], "Import Added": ["com.squareup.okhttp.mockwebserver.MockWebServer"], "Import Deleted": ["com.squareup.okhttp.mockwebserver.rule.MockWebServerRule"], "Class Modified": [{"Class": "", "Function Modified": [], "Function Added": [], "Function Deleted": [], "Modifier Modified": "No", "Field Declaration Modified": 0, "Field Declaration Added": 0, "Field Declaration Deleted": 0}, {"Class": "CallTest", "Function Modified": [{"Function": "unmatchingPinnedCertificate", "Block Modified": "No", "Block Added/Deleted": "No", "Param Modified": 0, "Param Added/Deleted": 0, "Return Type Modified": "No", "Modifier Modified": "No"}], "Function Added": [], "Function Deleted": [], "Modifier Modified": "No", "Field Declaration Modified": 0, "Field Declaration Added": 0, "Field Declaration Deleted": 4}], "Class Added": [], "Class Deleted": []}, {"File": "/home/ubuntu/Projects/Code/Classfier/okhttp_662c2912d94f6ba016ce83fe7dbb3ba7c17d294d/okhttp-tests/src/test/java/com/squareup/okhttp/CallTest.java", "Import Modified": [], "Import Added": [], "Import Deleted": [], "Class Modified": [{"Class": "CallTest", "Function Modified": [{"Function": "", "Block Modified": "No", "Block Added/Deleted": "No", "Param Modified": 0, "Param Added/Deleted": 0, "Return Type Modified": "No", "Modifier Modified": "No"}], "Function Added": [], "Function Deleted": [], "Modifier Modified": "No", "Field Declaration Modified": 0, "Field Declaration Added": 1, "Field Declaration Deleted": 0}], "Class Added": [], "Class Deleted": []}, {"File": "/home/ubuntu/Projects/Code/Classfier/okhttp_291870e/okhttp-tests/src/test/java/com/squareup/okhttp/InterceptorTest.java", "Import Modified": [], "Import Added": ["com.squareup.okhttp.mockwebserver.MockWebServer"], "Import Deleted": ["com.squareup.okhttp.mockwebserver.rule.MockWebServerRule"], "Class Modified": [{"Class": "", "Function Modified": [], "Function Added": [], "Function Deleted": [], "Modifier Modified": "No", "Field Declaration Modified": 0, "Field Declaration Added": 0, "Field Declaration Deleted": 0}, {"Class": "InterceptorTest", "Function Modified": [{"Function": "applicationInterceptorsCanShortCircuitResponses", "Block Modified": "No", "Block Added/Deleted": "No", "Param Modified": 0, "Param Added/Deleted": 0, "Return Type Modified": "No", "Modifier Modified": "No"}], "Function Added": [], "Function Deleted": [], "Modifier Modified": "No", "Field Declaration Modified": 0, "Field Declaration Added": 0, "Field Declaration Deleted": 2}], "Class Added": [], "Class Deleted": []}, {"File": "/home/ubuntu/Projects/Code/Classfier/okhttp_662c2912d94f6ba016ce83fe7dbb3ba7c17d294d/okhttp-tests/src/test/java/com/squareup/okhttp/InterceptorTest.java", "Import Modified": [], "Import Added": [], "Import Deleted": [], "Class Modified": [{"Class": "InterceptorTest", "Function Modified": [], "Function Added": [], "Function Deleted": [], "Modifier Modified": "No", "Field Declaration Modified": 0, "Field Declaration Added": 1, "Field Declaration Deleted": 0}], "Class Added": [], "Class Deleted": []}, {"File": "/home/ubuntu/Projects/Code/Classfier/okhttp_291870e/okhttp-tests/src/test/java/com/squareup/okhttp/internal/http/HttpOverSpdyTest.java", "Import Modified": [], "Import Added": ["com.squareup.okhttp.mockwebserver.MockWebServer"], "Import Deleted": ["com.squareup.okhttp.mockwebserver.rule.MockWebServerRule"], "Class Modified": [{"Class": "", "Function Modified": [], "Function Added": [], "Function Deleted": [], "Modifier Modified": "No", "Field Declaration Modified": 0, "Field Declaration Added": 0, "Field Declaration Deleted": 0}, {"Class": "HttpOverSpdyTest", "Function Modified": [{"Function": "acceptAndTransmitCookies", "Block Modified": "No", "Block Added/Deleted": "No", "Param Modified": 0, "Param Added/Deleted": 0, "Return Type Modified": "No", "Modifier Modified": "No"}], "Function Added": [], "Function Deleted": [], "Modifier Modified": "No", "Field Declaration Modified": 0, "Field Declaration Added": 0, "Field Declaration Deleted": 2}], "Class Added": [], "Class Deleted": []}, {"File": "/home/ubuntu/Projects/Code/Classfier/okhttp_662c2912d94f6ba016ce83fe7dbb3ba7c17d294d/okhttp-tests/src/test/java/com/squareup/okhttp/internal/http/HttpOverSpdyTest.java", "Import Modified": [], "Import Added": [], "Import Deleted": [], "Class Modified": [{"Class": "HttpOverSpdyTest", "Function Modified": [], "Function Added": [], "Function Deleted": [], "Modifier Modified": "No", "Field Declaration Modified": 0, "Field Declaration Added": 1, "Field Declaration Deleted": 0}], "Class Added": [], "Class Deleted": []}, {"File": "/home/ubuntu/Projects/Code/Classfier/okhttp_662c2912d94f6ba016ce83fe7dbb3ba7c17d294d/okhttp-tests/src/test/java/com/squareup/okhttp/internal/http/URLConnectionTest.java", "Import Modified": [], "Import Added": [], "Import Deleted": [], "Class Modified": [{"Class": "URLConnectionTest", "Function Modified": [{"Function": "", "Block Modified": "No", "Block Added/Deleted": "No", "Param Modified": 0, "Param Added/Deleted": 0, "Return Type Modified": "No", "Modifier Modified": "No"}], "Function Added": [], "Function Deleted": [], "Modifier Modified": "No", "Field Declaration Modified": 0, "Field Declaration Added": 1, "Field Declaration Deleted": 0}], "Class Added": [], "Class Deleted": []}, {"File": "/home/ubuntu/Projects/Code/Classfier/okhttp_291870e/okhttp-tests/src/test/java/com/squareup/okhttp/internal/http/URLConnectionTest.java", "Import Modified": [], "Import Added": [], "Import Deleted": ["com.squareup.okhttp.mockwebserver.rule.MockWebServerRule"], "Class Modified": [{"Class": "URLConnectionTest", "Function Modified": [{"Function": "connectViaHttpsWithSSLFallback", "Block Modified": "No", "Block Added/Deleted": "No", "Param Modified": 0, "Param Added/Deleted": 0, "Return Type Modified": "No", "Modifier Modified": "No"}], "Function Added": [], "Function Deleted": [], "Modifier Modified": "No", "Field Declaration Modified": 0, "Field Declaration Added": 0, "Field Declaration Deleted": 4}], "Class Added": [], "Class Deleted": []}, {"File": "/home/ubuntu/Projects/Code/Classfier/okhttp_291870e/okhttp-urlconnection/src/test/java/com/squareup/okhttp/OkUrlFactoryTest.java", "Import Modified": [], "Import Added": [], "Import Deleted": ["com.squareup.okhttp.mockwebserver.rule.MockWebServerRule"], "Class Modified": [{"Class": "OkUrlFactoryTest", "Function Modified": [], "Function Added": [], "Function Deleted": [], "Modifier Modified": "No", "Field Declaration Modified": 2, "Field Declaration Added": 0, "Field Declaration Deleted": 2}], "Class Added": [], "Class Deleted": []}, {"File": "/home/ubuntu/Projects/Code/Classfier/okhttp_662c2912d94f6ba016ce83fe7dbb3ba7c17d294d/okhttp-urlconnection/src/test/java/com/squareup/okhttp/UrlConnectionCacheTest.java", "Import Modified": [], "Import Added": [], "Import Deleted": [], "Class Modified": [{"Class": "UrlConnectionCacheTest", "Function Modified": [{"Function": "", "Block Modified": "No", "Block Added/Deleted": "No", "Param Modified": 0, "Param Added/Deleted": 0, "Return Type Modified": "No", "Modifier Modified": "No"}], "Function Added": [], "Function Deleted": [], "Modifier Modified": "No", "Field Declaration Modified": 0, "Field Declaration Added": 1, "Field Declaration Deleted": 0}], "Class Added": [], "Class Deleted": []}, {"File": "/home/ubuntu/Projects/Code/Classfier/okhttp_291870e/okhttp-urlconnection/src/test/java/com/squareup/okhttp/UrlConnectionCacheTest.java", "Import Modified": [], "Import Added": [], "Import Deleted": ["com.squareup.okhttp.mockwebserver.rule.MockWebServerRule"], "Class Modified": [], "Class Added": [], "Class Deleted": [{"Class": "UrlConnectionCacheTest", "Function Modified": [], "Function Added": [], "Function Deleted": [], "Modifier Modified": "No", "Field Declaration Modified": 0, "Field Declaration Added": 0, "Field Declaration Deleted": 1}, {"Class": "UrlConnectionCacheTest", "Function Modified": [], "Function Added": [], "Function Deleted": [], "Modifier Modified": "No", "Field Declaration Modified": 0, "Field Declaration Added": 0, "Field Declaration Deleted": 1}, {"Class": "UrlConnectionCacheTest", "Function Modified": [], "Function Added": [], "Function Deleted": [], "Modifier Modified": "No", "Field Declaration Modified": 0, "Field Declaration Added": 0, "Field Declaration Deleted": 1}, {"Class": "UrlConnectionCacheTest", "Function Modified": [], "Function Added": [], "Function Deleted": [], "Modifier Modified": "No", "Field Declaration Modified": 0, "Field Declaration Added": 0, "Field Declaration Deleted": 1}, {"Class": "UrlConnectionCacheTest", "Function Modified": [], "Function Added": [], "Function Deleted": [], "Modifier Modified": "No", "Field Declaration Modified": 0, "Field Declaration Added": 0, "Field Declaration Deleted": 1}, {"Class": "UrlConnectionCacheTest", "Function Modified": [], "Function Added": [], "Function Deleted": [], "Modifier Modified": "No", "Field Declaration Modified": 0, "Field Declaration Added": 0, "Field Declaration Deleted": 1}, {"Class": "UrlConnectionCacheTest", "Function Modified": [], "Function Added": [], "Function Deleted": [{"Function": "setUp"}], "Modifier Modified": "No", "Field Declaration Modified": 0, "Field Declaration Added": 0, "Field Declaration Deleted": 0}, {"Class": "UrlConnectionCacheTest", "Function Modified": [], "Function Added": [], "Function Deleted": [{"Function": "setUp"}], "Modifier Modified": "No", "Field Declaration Modified": 0, "Field Declaration Added": 0, "Field Declaration Deleted": 0}]}, {"File": "/home/ubuntu/Projects/Code/Classfier/okhttp_291870e/okhttp-ws-tests/src/test/java/com/squareup/okhttp/ws/WebSocketCallTest.java", "Import Modified": [], "Import Added": ["com.squareup.okhttp.mockwebserver.MockWebServer"], "Import Deleted": ["com.squareup.okhttp.mockwebserver.rule.MockWebServerRule"], "Class Modified": [{"Class": "", "Function Modified": [], "Function Added": [], "Function Deleted": [], "Modifier Modified": "No", "Field Declaration Modified": 0, "Field Declaration Added": 0, "Field Declaration Deleted": 0}], "Class Added": [], "Class Deleted": [{"Class": "WebSocketCallTest", "Function Modified": [], "Function Added": [], "Function Deleted": [], "Modifier Modified": "No", "Field Declaration Modified": 0, "Field Declaration Added": 0, "Field Declaration Deleted": 1}, {"Class": "WebSocketCallTest", "Function Modified": [], "Function Added": [], "Function Deleted": [], "Modifier Modified": "No", "Field Declaration Modified": 0, "Field Declaration Added": 0, "Field Declaration Deleted": 1}]}, {"File": "/home/ubuntu/Projects/Code/Classfier/okhttp_662c2912d94f6ba016ce83fe7dbb3ba7c17d294d/okhttp-ws-tests/src/test/java/com/squareup/okhttp/ws/WebSocketCallTest.java", "Import Modified": [], "Import Added": [], "Import Deleted": [], "Class Modified": [{"Class": "WebSocketCallTest", "Function Modified": [], "Function Added": [], "Function Deleted": [], "Modifier Modified": "No", "Field Declaration Modified": 0, "Field Declaration Added": 1, "Field Declaration Deleted": 0}], "Class Added": [], "Class Deleted": []}], "Files Added": [], "Files Deleted": []}, "SRC_FILES": {"Files Modified": [{"File": "/home/ubuntu/Projects/Code/Classfier/okhttp_291870e/mockwebserver/src/main/java/com/squareup/okhttp/mockwebserver/MockWebServer.java", "Import Modified": [], "Import Added": ["org.junit.rules.TestRule", "org.junit.runner.Description", "org.junit.runners.model.Statement"], "Import Deleted": ["java.net.MalformedURLException"], "Class Modified": [{"Class": "", "Function Modified": [], "Function Added": [], "Function Deleted": [], "Modifier Modified": "No", "Field Declaration Modified": 0, "Field Declaration Added": 0, "Field Declaration Deleted": 0}, {"Class": "MockWebServer", "Function Modified": [{"Function": "start", "Block Modified": "No", "Block Added/Deleted": "Yes", "Param Modified": 0, "Param Added/Deleted": 0, "Return Type Modified": "No", "Modifier Modified": "No"}, {"Function": "shutdown", "Block Modified": "No", "Block Added/Deleted": "Yes", "Param Modified": 0, "Param Added/Deleted": 0, "Return Type Modified": "No", "Modifier Modified": "No"}], "Function Added": [], "Function Deleted": [], "Modifier Modified": "No", "Field Declaration Modified": 0, "Field Declaration Added": 1, "Field Declaration Deleted": 0}], "Class Added": [], "Class Deleted": []}, {"File": "/home/ubuntu/Projects/Code/Classfier/okhttp_662c2912d94f6ba016ce83fe7dbb3ba7c17d294d/mockwebserver/src/main/java/com/squareup/okhttp/mockwebserver/MockWebServer.java", "Import Modified": [], "Import Added": [], "Import Deleted": [], "Class Modified": [{"Class": "MockWebServer", "Function Modified": [{"Function": "apply", "Block Modified": "No", "Block Added/Deleted": "No", "Param Modified": 0, "Param Added/Deleted": 0, "Return Type Modified": "No", "Modifier Modified": "No"}, {"Function": "getUrl", "Block Modified": "No", "Block Added/Deleted": "No", "Param Modified": 0, "Param Added/Deleted": 0, "Return Type Modified": "No", "Modifier Modified": "No"}, {"Function": "maybeStart", "Block Modified": "No", "Block Added/Deleted": "Yes", "Param Modified": 0, "Param Added/Deleted": 0, "Return Type Modified": "No", "Modifier Modified": "No"}, {"Function": "getPort", "Block Modified": "No", "Block Added/Deleted": "Yes", "Param Modified": 0, "Param Added/Deleted": 0, "Return Type Modified": "No", "Modifier Modified": "No"}, {"Function": "getHostName", "Block Modified": "No", "Block Added/Deleted": "Yes", "Param Modified": 0, "Param Added/Deleted": 0, "Return Type Modified": "No", "Modifier Modified": "No"}], "Function Added": [], "Function Deleted": [], "Modifier Modified": "No", "Field Declaration Modified": 0, "Field Declaration Added": 0, "Field Declaration Deleted": 0}], "Class Added": [], "Class Deleted": []}], "Files Added": [], "Files Deleted": []}, "BUILD_FILES": {}}