{"TEST_FILES": {"Files Modified": [], "Files Added": [], "Files Deleted": []}, "SRC_FILES": {"Files Modified": [{"File": "/home/ubuntu/Projects/Code/Classfier/graphhopper_7c6927c/reader-gtfs/src/main/java/com/graphhopper/reader/gtfs/GraphHopperGtfs.java", "Import Modified": [], "Import Added": ["com.graphhopper.routing.util.HintsMap", "java.time.format.DateTimeParseException"], "Import Deleted": [], "Class Modified": [{"Class": "", "Function Modified": [], "Function Added": [], "Function Deleted": [], "Modifier Modified": "No", "Field Declaration Modified": 0, "Field Declaration Added": 0, "Field Declaration Deleted": 0}, {"Class": "GraphHopperGtfs", "Function Modified": [{"Function": "RequestHandler", "Block Modified": "No", "Block Added/Deleted": "Yes", "Param Modified": 0, "Param Added/Deleted": 0, "Return Type Modified": "No", "Modifier Modified": "No"}], "Function Added": [], "Function Deleted": [], "Modifier Modified": "No", "Field Declaration Modified": 0, "Field Declaration Added": 0, "Field Declaration Deleted": 0}], "Class Added": [], "Class Deleted": []}, {"File": "/home/ubuntu/Projects/Code/Classfier/graphhopper_3c2d8f34cc5c8b95f1210f62a7b289ed915e4f85/reader-gtfs/src/main/java/com/graphhopper/reader/gtfs/GraphHopperGtfs.java", "Import Modified": [], "Import Added": [], "Import Deleted": [], "Class Modified": [{"Class": "GraphHopperGtfs", "Function Modified": [{"Function": "RequestHandler", "Block Modified": "No", "Block Added/Deleted": "Yes", "Param Modified": 0, "Param Added/Deleted": 0, "Return Type Modified": "No", "Modifier Modified": "No"}], "Function Added": [], "Function Deleted": [], "Modifier Modified": "No", "Field Declaration Modified": 0, "Field Declaration Added": 0, "Field Declaration Deleted": 0}], "Class Added": [], "Class Deleted": []}], "Files Added": [], "Files Deleted": []}, "BUILD_FILES": {}}