{"TEST_FILES": {"Files Modified": [], "Files Added": [], "Files Deleted": []}, "SRC_FILES": {"Files Modified": [{"File": "/home/ubuntu/Projects/Code/Classfier/goclipse_fae24137004dc085ecfd4cbacc992a5431259163/plugin_tooling/src/com/googlecode/goclipse/tooling/oracle/GoDocParser.java", "Import Modified": [], "Import Added": [], "Import Deleted": [], "Class Modified": [{"Class": "GoDocParser", "Function Modified": [{"Function": "getCommentPrefix", "Block Modified": "No", "Block Added/Deleted": "Yes", "Param Modified": 0, "Param Added/Deleted": 0, "Return Type Modified": "No", "Modifier Modified": "No"}], "Function Added": [], "Function Deleted": [], "Modifier Modified": "No", "Field Declaration Modified": 0, "Field Declaration Added": 0, "Field Declaration Deleted": 0}], "Class Added": [], "Class Deleted": []}], "Files Added": [], "Files Deleted": []}, "BUILD_FILES": {}}