{"TEST_FILES": {"Files Modified": [{"File": "/home/ubuntu/Projects/Code/Classfier/okhttp_7756c4e/okhttp-tests/src/test/java/com/squareup/okhttp/internal/ws/WebSocketReaderTest.java", "Import Modified": [], "Import Added": ["org.junit.After", "com.squareup.okhttp.internal.ws.WebSocketRecorder.MessageDelegate"], "Import Deleted": ["com.squareup.okhttp.internal.ws.RecordingWebSocketListener.MessageDelegate"], "Class Modified": [{"Class": "", "Function Modified": [], "Function Added": [], "Function Deleted": [], "Modifier Modified": "No", "Field Declaration Modified": 0, "Field Declaration Added": 0, "Field Declaration Deleted": 0}, {"Class": "WebSocketReaderTest", "Function Modified": [{"Function": "clientTwoFrameHelloWithPongs", "Block Modified": "No", "Block Added/Deleted": "Yes", "Param Modified": 0, "Param Added/Deleted": 0, "Return Type Modified": "No", "Modifier Modified": "No"}, {"Function": "closeExhaustsMessageOverControlFrames", "Block Modified": "No", "Block Added/Deleted": "Yes", "Param Modified": 0, "Param Added/Deleted": 0, "Return Type Modified": "No", "Modifier Modified": "No"}], "Function Added": [{"Function": "After", "Block Modified": "No", "Block Added/Deleted": "No", "Param Modified": 0, "Param Added/Deleted": 0, "Return Type Modified": "No", "Modifier Modified": "No"}], "Function Deleted": [], "Modifier Modified": "No", "Field Declaration Modified": 0, "Field Declaration Added": 1, "Field Declaration Deleted": 2}], "Class Added": [], "Class Deleted": []}, {"File": "/home/ubuntu/Projects/Code/Classfier/okhttp_3084ab8a177736a3e585477cb798faad2e227807/okhttp-tests/src/test/java/com/squareup/okhttp/internal/ws/WebSocketReaderTest.java", "Import Modified": [], "Import Added": [], "Import Deleted": [], "Class Modified": [{"Class": "WebSocketReaderTest", "Function Modified": [{"Function": "closeExhaustsMessageOverControlFrames", "Block Modified": "No", "Block Added/Deleted": "Yes", "Param Modified": 0, "Param Added/Deleted": 0, "Return Type Modified": "No", "Modifier Modified": "No"}], "Function Added": [], "Function Deleted": [], "Modifier Modified": "No", "Field Declaration Modified": 0, "Field Declaration Added": 0, "Field Declaration Deleted": 0}], "Class Added": [], "Class Deleted": []}, {"File": "/home/ubuntu/Projects/Code/Classfier/okhttp_3084ab8a177736a3e585477cb798faad2e227807/okhttp-tests/src/test/java/com/squareup/okhttp/internal/ws/WebSocketWriterTest.java", "Import Modified": [], "Import Added": [], "Import Deleted": [], "Class Modified": [{"Class": "WebSocketWriterTest", "Function Modified": [{"Function": "pongTooLongThrows", "Block Modified": "No", "Block Added/Deleted": "No", "Param Modified": 0, "Param Added/Deleted": 0, "Return Type Modified": "No", "Modifier Modified": "No"}], "Function Added": [], "Function Deleted": [], "Modifier Modified": "No", "Field Declaration Modified": 0, "Field Declaration Added": 0, "Field Declaration Deleted": 0}], "Class Added": [], "Class Deleted": []}, {"File": "/home/ubuntu/Projects/Code/Classfier/okhttp_7756c4e/okhttp-tests/src/test/java/com/squareup/okhttp/internal/ws/WebSocketWriterTest.java", "Import Modified": [], "Import Added": [], "Import Deleted": [], "Class Modified": [{"Class": "WebSocketWriterTest", "Function Modified": [{"Function": "controlFrameTooLongThrows", "Block Modified": "No", "Block Added/Deleted": "Yes", "Param Modified": 0, "Param Added/Deleted": 0, "Return Type Modified": "No", "Modifier Modified": "No"}], "Function Added": [], "Function Deleted": [], "Modifier Modified": "No", "Field Declaration Modified": 0, "Field Declaration Added": 0, "Field Declaration Deleted": 0}], "Class Added": [], "Class Deleted": []}], "Files Added": [{"File": "/home/ubuntu/Projects/Code/Classfier/okhttp_3084ab8a177736a3e585477cb798faad2e227807/okhttp-tests/src/test/java/com/squareup/okhttp/internal/ws/RealWebSocketTest.java"}, {"File": "/home/ubuntu/Projects/Code/Classfier/okhttp_3084ab8a177736a3e585477cb798faad2e227807/okhttp-tests/src/test/java/com/squareup/okhttp/internal/ws/WebSocketRecorder.java"}], "Files Deleted": [{"File": "/home/ubuntu/Projects/Code/Classfier/okhttp_7756c4e/okhttp-tests/src/test/java/com/squareup/okhttp/internal/ws/RecordingReaderFrameCallback.java"}, {"File": "/home/ubuntu/Projects/Code/Classfier/okhttp_7756c4e/okhttp-tests/src/test/java/com/squareup/okhttp/internal/ws/RecordingWebSocketListener.java"}]}, "SRC_FILES": {"Files Modified": [{"File": "/home/ubuntu/Projects/Code/Classfier/okhttp_7756c4e/okhttp/src/main/java/com/squareup/okhttp/OkHttpClient.java", "Import Modified": [], "Import Added": [], "Import Deleted": [], "Class Modified": [{"Class": "OkHttpClient", "Function Modified": [], "Function Added": [], "Function Deleted": [{"Function": "newCall"}], "Modifier Modified": "No", "Field Declaration Modified": 0, "Field Declaration Added": 0, "Field Declaration Deleted": 0}], "Class Added": [], "Class Deleted": []}, {"File": "/home/ubuntu/Projects/Code/Classfier/okhttp_7756c4e/okhttp/src/main/java/com/squareup/okhttp/internal/Internal.java", "Import Modified": [], "Import Added": [], "Import Deleted": ["com.squareup.okhttp.Response"], "Class Modified": [], "Class Added": [], "Class Deleted": [{"Class": "Internal", "Function Modified": [], "Function Added": [], "Function Deleted": [{"Function": "newCall"}], "Modifier Modified": "No", "Field Declaration Modified": 0, "Field Declaration Added": 0, "Field Declaration Deleted": 0}, {"Class": "Internal", "Function Modified": [], "Function Added": [], "Function Deleted": [{"Function": "callGetResponse"}], "Modifier Modified": "No", "Field Declaration Modified": 0, "Field Declaration Added": 0, "Field Declaration Deleted": 0}, {"Class": "Internal", "Function Modified": [], "Function Added": [], "Function Deleted": [{"Function": "connectionClearOwner"}], "Modifier Modified": "No", "Field Declaration Modified": 0, "Field Declaration Added": 0, "Field Declaration Deleted": 0}, {"Class": "Internal", "Function Modified": [], "Function Added": [], "Function Deleted": [{"Function": "connectionCloseIfOwnedBy"}], "Modifier Modified": "No", "Field Declaration Modified": 0, "Field Declaration Added": 0, "Field Declaration Deleted": 0}]}, {"File": "/home/ubuntu/Projects/Code/Classfier/okhttp_7756c4e/okhttp/src/main/java/com/squareup/okhttp/internal/ws/WebSocket.java", "Import Modified": [], "Import Added": [], "Import Deleted": ["com.squareup.okhttp.Call", "com.squareup.okhttp.Connection", "com.squareup.okhttp.OkHttpClient", "com.squareup.okhttp.Request", "com.squareup.okhttp.Response", "com.squareup.okhttp.internal.Internal", "com.squareup.okhttp.internal.NamedRunnable", "com.squareup.okhttp.internal.Util", "java.net.ProtocolException", "java.net.Socket", "java.security.SecureRandom", "java.util.Collections", "java.util.Random", "java.util.concurrent.Executor", "java.util.concurrent.LinkedBlockingDeque", "java.util.concurrent.ThreadPoolExecutor", "okio.BufferedSource", "okio.ByteString", "okio.Okio", "com.squareup.okhttp.internal.ws.WebSocketReader.FrameCallback", "java.util.concurrent.TimeUnit.SECONDS"], "Class Modified": [{"Class": "WebSocket", "Function Modified": [], "Function Added": [], "Function Deleted": [], "Modifier Modified": "No", "Field Declaration Modified": 0, "Field Declaration Added": 0, "Field Declaration Deleted": 13}], "Class Added": [], "Class Deleted": []}, {"File": "/home/ubuntu/Projects/Code/Classfier/okhttp_7756c4e/okhttp/src/main/java/com/squareup/okhttp/internal/ws/WebSocketListener.java", "Import Modified": [], "Import Added": ["com.squareup.okhttp.Response", "okio.Buffer"], "Import Deleted": [], "Class Modified": [{"Class": "", "Function Modified": [], "Function Added": [], "Function Deleted": [], "Modifier Modified": "No", "Field Declaration Modified": 0, "Field Declaration Added": 0, "Field Declaration Deleted": 0}, {"Class": "WebSocketListener", "Function Modified": [], "Function Added": [{"Function": "onOpen", "Block Modified": "No", "Block Added/Deleted": "No", "Param Modified": 0, "Param Added/Deleted": 0, "Return Type Modified": "No", "Modifier Modified": "No"}, {"Function": "WebSocket", "Block Modified": "No", "Block Added/Deleted": "No", "Param Modified": 0, "Param Added/Deleted": 0, "Return Type Modified": "No", "Modifier Modified": "No"}], "Function Deleted": [], "Modifier Modified": "No", "Field Declaration Modified": 0, "Field Declaration Added": 0, "Field Declaration Deleted": 0}], "Class Added": [], "Class Deleted": []}, {"File": "/home/ubuntu/Projects/Code/Classfier/okhttp_7756c4e/okhttp/src/main/java/com/squareup/okhttp/internal/ws/WebSocketReader.java", "Import Modified": [], "Import Added": [], "Import Deleted": [], "Class Modified": [{"Class": "WebSocketReader", "Function Modified": [{"Function": "readMessage", "Block Modified": "No", "Block Added/Deleted": "No", "Param Modified": 0, "Param Added/Deleted": 0, "Return Type Modified": "No", "Modifier Modified": "No"}, {"Function": "read", "Block Modified": "No", "Block Added/Deleted": "Yes", "Param Modified": 0, "Param Added/Deleted": 0, "Return Type Modified": "No", "Modifier Modified": "No"}], "Function Added": [], "Function Deleted": [], "Modifier Modified": "No", "Field Declaration Modified": 0, "Field Declaration Added": 0, "Field Declaration Deleted": 1}], "Class Added": [], "Class Deleted": []}, {"File": "/home/ubuntu/Projects/Code/Classfier/okhttp_3084ab8a177736a3e585477cb798faad2e227807/okhttp/src/main/java/com/squareup/okhttp/internal/ws/WebSocketReader.java", "Import Modified": [], "Import Added": [], "Import Deleted": [], "Class Modified": [{"Class": "WebSocketReader", "Function Modified": [{"Function": "processNextFrame", "Block Modified": "No", "Block Added/Deleted": "No", "Param Modified": 0, "Param Added/Deleted": 0, "Return Type Modified": "No", "Modifier Modified": "No"}, {"Function": "onClose", "Block Modified": "No", "Block Added/Deleted": "No", "Param Modified": 0, "Param Added/Deleted": 0, "Return Type Modified": "No", "Modifier Modified": "No"}], "Function Added": [], "Function Deleted": [], "Modifier Modified": "No", "Field Declaration Modified": 0, "Field Declaration Added": 0, "Field Declaration Deleted": 0}], "Class Added": [], "Class Deleted": []}, {"File": "/home/ubuntu/Projects/Code/Classfier/okhttp_7756c4e/okhttp/src/main/java/com/squareup/okhttp/internal/ws/WebSocketWriter.java", "Import Modified": [], "Import Added": [], "Import Deleted": [], "Class Modified": [{"Class": "WebSocketWriter", "Function Modified": [{"Function": "writeFrame", "Block Modified": "No", "Block Added/Deleted": "Yes", "Param Modified": 0, "Param Added/Deleted": 0, "Return Type Modified": "No", "Modifier Modified": "No"}, {"Function": "close", "Block Modified": "No", "Block Added/Deleted": "Yes", "Param Modified": 0, "Param Added/Deleted": 0, "Return Type Modified": "No", "Modifier Modified": "No"}], "Function Added": [], "Function Deleted": [], "Modifier Modified": "No", "Field Declaration Modified": 0, "Field Declaration Added": 0, "Field Declaration Deleted": 0}], "Class Added": [], "Class Deleted": []}, {"File": "/home/ubuntu/Projects/Code/Classfier/okhttp_3084ab8a177736a3e585477cb798faad2e227807/okhttp/src/main/java/com/squareup/okhttp/internal/ws/WebSocketWriter.java", "Import Modified": [], "Import Added": [], "Import Deleted": [], "Class Modified": [{"Class": "WebSocketWriter", "Function Modified": [{"Function": "writePing", "Block Modified": "No", "Block Added/Deleted": "Yes", "Param Modified": 0, "Param Added/Deleted": 0, "Return Type Modified": "No", "Modifier Modified": "No"}, {"Function": "writePong", "Block Modified": "No", "Block Added/Deleted": "Yes", "Param Modified": 0, "Param Added/Deleted": 0, "Return Type Modified": "No", "Modifier Modified": "No"}], "Function Added": [], "Function Deleted": [], "Modifier Modified": "No", "Field Declaration Modified": 0, "Field Declaration Added": 0, "Field Declaration Deleted": 0}], "Class Added": [], "Class Deleted": []}, {"File": "/home/ubuntu/Projects/Code/Classfier/okhttp_7756c4e/samples/guide/src/main/java/com/squareup/okhttp/recipes/WebSocketEcho.java", "Import Modified": [], "Import Added": ["com.squareup.okhttp.internal.ws.WebSocketCall", "com.squareup.okhttp.internal.ws.WebSocketResponse"], "Import Deleted": ["com.squareup.okhttp.Response"], "Class Modified": [{"Class": "", "Function Modified": [], "Function Added": [], "Function Deleted": [], "Modifier Modified": "No", "Field Declaration Modified": 0, "Field Declaration Added": 0, "Field Declaration Deleted": 0}, {"Class": "WebSocketEcho", "Function Modified": [{"Function": "run", "Block Modified": "No", "Block Added/Deleted": "Yes", "Param Modified": 0, "Param Added/Deleted": 0, "Return Type Modified": "No", "Modifier Modified": "No"}], "Function Added": [], "Function Deleted": [], "Modifier Modified": "No", "Field Declaration Modified": 0, "Field Declaration Added": 0, "Field Declaration Deleted": 0}], "Class Added": [], "Class Deleted": []}, {"File": "/home/ubuntu/Projects/Code/Classfier/okhttp_3084ab8a177736a3e585477cb798faad2e227807/samples/guide/src/main/java/com/squareup/okhttp/recipes/WebSocketEcho.java", "Import Modified": [], "Import Added": [], "Import Deleted": [], "Class Modified": [{"Class": "WebSocketEcho", "Function Modified": [{"Function": "run", "Block Modified": "No", "Block Added/Deleted": "Yes", "Param Modified": 0, "Param Added/Deleted": 0, "Return Type Modified": "No", "Modifier Modified": "No"}], "Function Added": [], "Function Deleted": [], "Modifier Modified": "No", "Field Declaration Modified": 0, "Field Declaration Added": 0, "Field Declaration Deleted": 0}], "Class Added": [], "Class Deleted": []}], "Files Added": [{"File": "/home/ubuntu/Projects/Code/Classfier/okhttp_3084ab8a177736a3e585477cb798faad2e227807/okhttp/src/main/java/com/squareup/okhttp/internal/ws/RealWebSocket.java"}, {"File": "/home/ubuntu/Projects/Code/Classfier/okhttp_3084ab8a177736a3e585477cb798faad2e227807/okhttp/src/main/java/com/squareup/okhttp/internal/ws/WebSocketCall.java"}], "Files Deleted": []}, "BUILD_FILES": {}}