{"TEST_FILES": {"Files Modified": [], "Files Added": [], "Files Deleted": []}, "SRC_FILES": {"Files Modified": [{"File": "/home/ubuntu/Projects/Code/Classfier/ontop_986fbe79e2d08307d386f609068c19e371fc33dd/obdalib-core/src/main/java/it/unibz/krdb/sql/QuotedID.java", "Import Modified": [], "Import Added": [], "Import Deleted": [], "Class Modified": [{"Class": "QuotedID", "Function Modified": [{"Function": "createIdFromDatabaseRecord", "Block Modified": "No", "Block Added/Deleted": "No", "Param Modified": 0, "Param Added/Deleted": 0, "Return Type Modified": "No", "Modifier Modified": "No"}], "Function Added": [], "Function Deleted": [], "Modifier Modified": "No", "Field Declaration Modified": 0, "Field Declaration Added": 0, "Field Declaration Deleted": 0}], "Class Added": [], "Class Deleted": []}], "Files Added": [], "Files Deleted": []}, "BUILD_FILES": {}}