{"TEST_FILES": {"Files Modified": [{"File": "/home/ubuntu/Projects/Code/Classfier/retrofit_25b6bac7b2b90b80605273bf3886ad56519d6f08/retrofit-adapters/guava/src/test/java/retrofit2/adapter/guava/ListenableFutureTest.java", "Import Modified": [], "Import Added": [], "Import Deleted": [], "Class Modified": [{"Class": "ListenableFutureTest", "Function Modified": [{"Function": "bodySuccess404", "Block Modified": "No", "Block Added/Deleted": "Yes", "Param Modified": 0, "Param Added/Deleted": 0, "Return Type Modified": "No", "Modifier Modified": "No"}], "Function Added": [], "Function Deleted": [], "Modifier Modified": "No", "Field Declaration Modified": 0, "Field Declaration Added": 0, "Field Declaration Deleted": 0}], "Class Added": [], "Class Deleted": []}, {"File": "/home/ubuntu/Projects/Code/Classfier/retrofit_25b6bac7b2b90b80605273bf3886ad56519d6f08/retrofit-adapters/java8/src/test/java/retrofit2/adapter/java8/CompletableFutureTest.java", "Import Modified": [], "Import Added": [], "Import Deleted": [], "Class Modified": [{"Class": "CompletableFutureTest", "Function Modified": [{"Function": "bodySuccess404", "Block Modified": "No", "Block Added/Deleted": "Yes", "Param Modified": 0, "Param Added/Deleted": 0, "Return Type Modified": "No", "Modifier Modified": "No"}], "Function Added": [], "Function Deleted": [], "Modifier Modified": "No", "Field Declaration Modified": 0, "Field Declaration Added": 0, "Field Declaration Deleted": 0}], "Class Added": [], "Class Deleted": []}], "Files Added": [{"File": "/home/ubuntu/Projects/Code/Classfier/retrofit_25b6bac7b2b90b80605273bf3886ad56519d6f08/retrofit/src/test/java/retrofit2/HttpExceptionTest.java"}], "Files Deleted": [{"File": "/home/ubuntu/Projects/Code/Classfier/retrofit_78e0cd8/retrofit-adapters/rxjava/src/test/java/retrofit2/adapter/rxjava/HttpExceptionTest.java"}, {"File": "/home/ubuntu/Projects/Code/Classfier/retrofit_78e0cd8/retrofit-adapters/rxjava2/src/test/java/retrofit2/adapter/rxjava2/HttpExceptionTest.java"}]}, "SRC_FILES": {"Files Modified": [{"File": "/home/ubuntu/Projects/Code/Classfier/retrofit_78e0cd8/retrofit-adapters/guava/src/main/java/retrofit2/adapter/guava/GuavaCallAdapterFactory.java", "Import Modified": [], "Import Added": [], "Import Deleted": [], "Class Modified": [{"Class": "GuavaCallAdapterFactory", "Function Modified": [], "Function Added": [], "Function Deleted": [], "Modifier Modified": "No", "Field Declaration Modified": 0, "Field Declaration Added": 0, "Field Declaration Deleted": 0}], "Class Added": [], "Class Deleted": []}, {"File": "/home/ubuntu/Projects/Code/Classfier/retrofit_78e0cd8/retrofit-adapters/guava/src/main/java/retrofit2/adapter/guava/HttpException.java", "Import Modified": [], "Import Added": [], "Import Deleted": [], "Class Modified": [{"Class": "HttpException", "Function Modified": [{"Function": "", "Block Modified": "No", "Block Added/Deleted": "No", "Param Modified": 0, "Param Added/Deleted": 0, "Return Type Modified": "No", "Modifier Modified": "No"}], "Function Added": [], "Function Deleted": [], "Modifier Modified": "No", "Field Declaration Modified": 0, "Field Declaration Added": 0, "Field Declaration Deleted": 3}], "Class Added": [], "Class Deleted": []}, {"File": "/home/ubuntu/Projects/Code/Classfier/retrofit_78e0cd8/retrofit-adapters/java8/src/main/java/retrofit2/adapter/java8/HttpException.java", "Import Modified": [], "Import Added": [], "Import Deleted": [], "Class Modified": [{"Class": "HttpException", "Function Modified": [{"Function": "", "Block Modified": "No", "Block Added/Deleted": "No", "Param Modified": 0, "Param Added/Deleted": 0, "Return Type Modified": "No", "Modifier Modified": "No"}], "Function Added": [], "Function Deleted": [], "Modifier Modified": "No", "Field Declaration Modified": 0, "Field Declaration Added": 0, "Field Declaration Deleted": 3}], "Class Added": [], "Class Deleted": []}, {"File": "/home/ubuntu/Projects/Code/Classfier/retrofit_78e0cd8/retrofit-adapters/java8/src/main/java/retrofit2/adapter/java8/Java8CallAdapterFactory.java", "Import Modified": [], "Import Added": [], "Import Deleted": [], "Class Modified": [{"Class": "Java8CallAdapterFactory", "Function Modified": [], "Function Added": [], "Function Deleted": [], "Modifier Modified": "No", "Field Declaration Modified": 0, "Field Declaration Added": 0, "Field Declaration Deleted": 0}], "Class Added": [], "Class Deleted": []}, {"File": "/home/ubuntu/Projects/Code/Classfier/retrofit_78e0cd8/retrofit-adapters/rxjava/src/main/java/retrofit2/adapter/rxjava/BodyOnSubscribe.java", "Import Modified": [], "Import Added": ["retrofit2.HttpException"], "Import Deleted": [], "Class Modified": [{"Class": "", "Function Modified": [], "Function Added": [], "Function Deleted": [], "Modifier Modified": "No", "Field Declaration Modified": 0, "Field Declaration Added": 0, "Field Declaration Deleted": 0}], "Class Added": [], "Class Deleted": []}, {"File": "/home/ubuntu/Projects/Code/Classfier/retrofit_78e0cd8/retrofit-adapters/rxjava/src/main/java/retrofit2/adapter/rxjava/HttpException.java", "Import Modified": [], "Import Added": [], "Import Deleted": [], "Class Modified": [{"Class": "HttpException", "Function Modified": [{"Function": "", "Block Modified": "No", "Block Added/Deleted": "No", "Param Modified": 0, "Param Added/Deleted": 0, "Return Type Modified": "No", "Modifier Modified": "No"}], "Function Added": [], "Function Deleted": [], "Modifier Modified": "No", "Field Declaration Modified": 0, "Field Declaration Added": 0, "Field Declaration Deleted": 3}], "Class Added": [], "Class Deleted": []}, {"File": "/home/ubuntu/Projects/Code/Classfier/retrofit_78e0cd8/retrofit-adapters/rxjava/src/main/java/retrofit2/adapter/rxjava/RxJavaCallAdapterFactory.java", "Import Modified": [], "Import Added": ["retrofit2.HttpException"], "Import Deleted": [], "Class Modified": [{"Class": "", "Function Modified": [], "Function Added": [], "Function Deleted": [], "Modifier Modified": "No", "Field Declaration Modified": 0, "Field Declaration Added": 0, "Field Declaration Deleted": 0}], "Class Added": [], "Class Deleted": []}, {"File": "/home/ubuntu/Projects/Code/Classfier/retrofit_78e0cd8/retrofit-adapters/rxjava2/src/main/java/retrofit2/adapter/rxjava2/HttpException.java", "Import Modified": [], "Import Added": [], "Import Deleted": [], "Class Modified": [{"Class": "HttpException", "Function Modified": [{"Function": "", "Block Modified": "No", "Block Added/Deleted": "No", "Param Modified": 0, "Param Added/Deleted": 0, "Return Type Modified": "No", "Modifier Modified": "No"}], "Function Added": [], "Function Deleted": [], "Modifier Modified": "No", "Field Declaration Modified": 0, "Field Declaration Added": 0, "Field Declaration Deleted": 3}], "Class Added": [], "Class Deleted": []}, {"File": "/home/ubuntu/Projects/Code/Classfier/retrofit_78e0cd8/retrofit-adapters/rxjava2/src/main/java/retrofit2/adapter/rxjava2/RxJava2CallAdapterFactory.java", "Import Modified": [], "Import Added": ["retrofit2.HttpException"], "Import Deleted": [], "Class Modified": [{"Class": "", "Function Modified": [], "Function Added": [], "Function Deleted": [], "Modifier Modified": "No", "Field Declaration Modified": 0, "Field Declaration Added": 0, "Field Declaration Deleted": 0}], "Class Added": [], "Class Deleted": []}], "Files Added": [{"File": "/home/ubuntu/Projects/Code/Classfier/retrofit_25b6bac7b2b90b80605273bf3886ad56519d6f08/retrofit/src/main/java/retrofit2/HttpException.java"}], "Files Deleted": []}, "BUILD_FILES": {}}