{"TEST_FILES": {"Files Modified": [{"File": "/home/ubuntu/Projects/Code/Classfier/azure-sdk-for-java_8ea6259/azure/src/test/java/com/microsoft/azure/TestNetworkInterface.java", "Import Modified": [], "Import Added": [], "Import Deleted": [], "Class Modified": [{"Class": "TestNetworkInterface", "Function Modified": [{"Function": "createResource", "Block Modified": "No", "Block Added/Deleted": "No", "Param Modified": 0, "Param Added/Deleted": 0, "Return Type Modified": "No", "Modifier Modified": "No"}], "Function Added": [], "Function Deleted": [], "Modifier Modified": "No", "Field Declaration Modified": 0, "Field Declaration Added": 0, "Field Declaration Deleted": 0}], "Class Added": [], "Class Deleted": []}], "Files Added": [], "Files Deleted": []}, "SRC_FILES": {"Files Modified": [{"File": "/home/ubuntu/Projects/Code/Classfier/azure-sdk-for-java_8ea6259/azure-mgmt-network/src/main/java/com/microsoft/azure/management/network/NetworkInterface.java", "Import Modified": [], "Import Added": [], "Import Deleted": [], "Class Modified": [{"Class": "NetworkInterface", "Function Modified": [{"Function": "withIpForwardingEnabled", "Block Modified": "No", "Block Added/Deleted": "No", "Param Modified": 0, "Param Added/Deleted": 0, "Return Type Modified": "No", "Modifier Modified": "No"}], "Function Added": [], "Function Deleted": [], "Modifier Modified": "No", "Field Declaration Modified": 0, "Field Declaration Added": 0, "Field Declaration Deleted": 0}], "Class Added": [], "Class Deleted": []}, {"File": "/home/ubuntu/Projects/Code/Classfier/azure-sdk-for-java_c18a7db7795e248cb4aad265204c3eb3dde26c8a/azure-mgmt-network/src/main/java/com/microsoft/azure/management/network/NicIpConfiguration.java", "Import Modified": [], "Import Added": [], "Import Deleted": [], "Class Modified": [{"Class": "NicIpConfiguration", "Function Modified": [], "Function Added": [], "Function Deleted": [], "Modifier Modified": "No", "Field Declaration Modified": 0, "Field Declaration Added": 0, "Field Declaration Deleted": 0}], "Class Added": [], "Class Deleted": []}, {"File": "/home/ubuntu/Projects/Code/Classfier/azure-sdk-for-java_8ea6259/azure-mgmt-network/src/main/java/com/microsoft/azure/management/network/NicIpConfiguration.java", "Import Modified": [], "Import Added": [], "Import Deleted": [], "Class Modified": [{"Class": "NicIpConfiguration", "Function Modified": [{"Function": "withExistingNetwork", "Block Modified": "No", "Block Added/Deleted": "No", "Param Modified": 0, "Param Added/Deleted": 0, "Return Type Modified": "No", "Modifier Modified": "No"}], "Function Added": [], "Function Deleted": [], "Modifier Modified": "No", "Field Declaration Modified": 0, "Field Declaration Added": 0, "Field Declaration Deleted": 0}], "Class Added": [], "Class Deleted": []}, {"File": "/home/ubuntu/Projects/Code/Classfier/azure-sdk-for-java_8ea6259/azure-mgmt-network/src/main/java/com/microsoft/azure/management/network/implementation/NetworkInterfaceImpl.java", "Import Modified": [], "Import Added": [], "Import Deleted": [], "Class Modified": [{"Class": "NetworkInterfaceImpl", "Function Modified": [{"Function": "withIpForwardingEnabled", "Block Modified": "No", "Block Added/Deleted": "No", "Param Modified": 0, "Param Added/Deleted": 0, "Return Type Modified": "No", "Modifier Modified": "No"}], "Function Added": [], "Function Deleted": [], "Modifier Modified": "No", "Field Declaration Modified": 0, "Field Declaration Added": 0, "Field Declaration Deleted": 0}], "Class Added": [], "Class Deleted": []}], "Files Added": [], "Files Deleted": []}, "BUILD_FILES": {}}