{"TEST_FILES": {"Files Modified": [], "Files Added": [], "Files Deleted": []}, "SRC_FILES": {"Files Modified": [{"File": "/home/ubuntu/Projects/Code/Classfier/byte-buddy_9d52f2c0ce84de0ca529c72e4d7508db277a9440/byte-buddy-dep/src/main/java/net/bytebuddy/dynamic/Nexus.java", "Import Modified": [], "Import Added": [], "Import Deleted": [], "Class Modified": [{"Class": "Nexus", "Function Modified": [], "Function Added": [], "Function Deleted": [], "Modifier Modified": "No", "Field Declaration Modified": 0, "Field Declaration Added": 1, "Field Declaration Deleted": 0}], "Class Added": [], "Class Deleted": []}, {"File": "/home/ubuntu/Projects/Code/Classfier/byte-buddy_9d52f2c0ce84de0ca529c72e4d7508db277a9440/byte-buddy-dep/src/main/java/net/bytebuddy/dynamic/NexusAccessor.java", "Import Modified": [], "Import Added": ["net.bytebuddy.dynamic.loading.ClassLoadingStrategy"], "Import Deleted": [], "Class Modified": [{"Class": "", "Function Modified": [], "Function Added": [], "Function Deleted": [], "Modifier Modified": "No", "Field Declaration Modified": 0, "Field Declaration Added": 0, "Field Declaration Deleted": 0}, {"Class": "NexusAccessor", "Function Modified": [], "Function Added": [], "Function Deleted": [], "Modifier Modified": "No", "Field Declaration Modified": 0, "Field Declaration Added": 1, "Field Declaration Deleted": 0}], "Class Added": [], "Class Deleted": []}, {"File": "/home/ubuntu/Projects/Code/Classfier/byte-buddy_3ea2b18bf095c307a8425b53782d878944cc82d9/byte-buddy-dep/src/main/java/net/bytebuddy/dynamic/NexusAccessor.java", "Import Modified": [], "Import Added": [], "Import Deleted": [], "Class Modified": [{"Class": "NexusAccessor", "Function Modified": [{"Function": "run", "Block Modified": "No", "Block Added/Deleted": "Yes", "Param Modified": 0, "Param Added/Deleted": 0, "Return Type Modified": "No", "Modifier Modified": "No"}], "Function Added": [], "Function Deleted": [], "Modifier Modified": "No", "Field Declaration Modified": 0, "Field Declaration Added": 0, "Field Declaration Deleted": 0}], "Class Added": [], "Class Deleted": []}], "Files Added": [], "Files Deleted": []}, "BUILD_FILES": {}}