{"TEST_FILES": {"Files Modified": [{"File": "/home/ubuntu/Projects/Code/Classfier/RinSim_8b89f511ab0808c3d26c739c36ede61c58d16ee5/core/src/test/java/com/github/rinde/rinsim/core/model/time/RealtimeModelTest.java", "Import Modified": [], "Import Added": ["com.github.rinde.rinsim.core.model.time.Clock.ClockEventType", "com.github.rinde.rinsim.core.model.time.RealtimeClockController.RtClockEventType", "com.github.rinde.rinsim.event.ListenerEventHistory", "com.github.rinde.rinsim.testutil.TestUtil", "com.google.common.collect.ImmutableSet"], "Import Deleted": [], "Class Modified": [{"Class": "", "Function Modified": [], "Function Added": [], "Function Deleted": [], "Modifier Modified": "No", "Field Declaration Modified": 0, "Field Declaration Added": 0, "Field Declaration Deleted": 0}, {"Class": "RealtimeModelTest", "Function Modified": [{"Function": "testSwitching", "Block Modified": "No", "Block Added/Deleted": "Yes", "Param Modified": 0, "Param Added/Deleted": 0, "Return Type Modified": "No", "Modifier Modified": "No"}], "Function Added": [{"Function": "Test", "Block Modified": "No", "Block Added/Deleted": "No", "Param Modified": 0, "Param Added/Deleted": 0, "Return Type Modified": "No", "Modifier Modified": "No"}], "Function Deleted": [], "Modifier Modified": "No", "Field Declaration Modified": 0, "Field Declaration Added": 0, "Field Declaration Deleted": 0}], "Class Added": [], "Class Deleted": []}, {"File": "/home/ubuntu/Projects/Code/Classfier/RinSim_8b89f511ab0808c3d26c739c36ede61c58d16ee5/core/src/test/java/com/github/rinde/rinsim/core/model/time/RealtimeModelTestRT.java", "Import Modified": [], "Import Added": ["java.util.Arrays.asList", "java.util.Collection", "org.junit.runners.Parameterized.Parameters"], "Import Deleted": [], "Class Modified": [{"Class": "", "Function Modified": [], "Function Added": [], "Function Deleted": [], "Modifier Modified": "No", "Field Declaration Modified": 0, "Field Declaration Added": 0, "Field Declaration Deleted": 0}, {"Class": "RealtimeModelTestRT", "Function Modified": [], "Function Added": [{"Function": "Parameters", "Block Modified": "No", "Block Added/Deleted": "No", "Param Modified": 0, "Param Added/Deleted": 0, "Return Type Modified": "No", "Modifier Modified": "No"}], "Function Deleted": [], "Modifier Modified": "No", "Field Declaration Modified": 0, "Field Declaration Added": 0, "Field Declaration Deleted": 0}], "Class Added": [], "Class Deleted": []}, {"File": "/home/ubuntu/Projects/Code/Classfier/RinSim_8b89f511ab0808c3d26c739c36ede61c58d16ee5/core/src/test/java/com/github/rinde/rinsim/core/model/time/SimulatedTimeModelTest.java", "Import Modified": [], "Import Added": [], "Import Deleted": [], "Class Modified": [{"Class": "SimulatedTimeModelTest", "Function Modified": [{"Function": "testProvidingTypes", "Block Modified": "No", "Block Added/Deleted": "No", "Param Modified": 0, "Param Added/Deleted": 0, "Return Type Modified": "No", "Modifier Modified": "No"}], "Function Added": [{"Function": "Test", "Block Modified": "No", "Block Added/Deleted": "No", "Param Modified": 0, "Param Added/Deleted": 0, "Return Type Modified": "No", "Modifier Modified": "No"}], "Function Deleted": [], "Modifier Modified": "No", "Field Declaration Modified": 0, "Field Declaration Added": 0, "Field Declaration Deleted": 0}], "Class Added": [], "Class Deleted": []}, {"File": "/home/ubuntu/Projects/Code/Classfier/RinSim_8b89f511ab0808c3d26c739c36ede61c58d16ee5/core/src/test/java/com/github/rinde/rinsim/core/model/time/TickListenerChecker.java", "Import Modified": [], "Import Added": [], "Import Deleted": [], "Class Modified": [{"Class": "TickListenerChecker", "Function Modified": [{"Function": "assertCountEquals", "Block Modified": "No", "Block Added/Deleted": "No", "Param Modified": 0, "Param Added/Deleted": 0, "Return Type Modified": "No", "Modifier Modified": "No"}], "Function Added": [], "Function Deleted": [], "Modifier Modified": "No", "Field Declaration Modified": 0, "Field Declaration Added": 0, "Field Declaration Deleted": 0}], "Class Added": [], "Class Deleted": []}], "Files Added": [], "Files Deleted": []}, "SRC_FILES": {"Files Modified": [{"File": "/home/ubuntu/Projects/Code/Classfier/RinSim_8b89f511ab0808c3d26c739c36ede61c58d16ee5/core/src/main/java/com/github/rinde/rinsim/core/model/time/RealtimeClockController.java", "Import Modified": [], "Import Added": [], "Import Deleted": [], "Class Modified": [{"Class": "RealtimeClockController", "Function Modified": [{"Function": "tick", "Block Modified": "No", "Block Added/Deleted": "No", "Param Modified": 0, "Param Added/Deleted": 0, "Return Type Modified": "No", "Modifier Modified": "No"}], "Function Added": [], "Function Deleted": [], "Modifier Modified": "No", "Field Declaration Modified": 0, "Field Declaration Added": 0, "Field Declaration Deleted": 0}], "Class Added": [], "Class Deleted": []}, {"File": "/home/ubuntu/Projects/Code/Classfier/RinSim_8b89f511ab0808c3d26c739c36ede61c58d16ee5/core/src/main/java/com/github/rinde/rinsim/core/model/time/RealtimeModel.java", "Import Modified": [], "Import Added": ["com.github.rinde.rinsim.core.model.time.RealtimeClockController.RtClockEventType.SWITCH_TO_REAL_TIME", "com.github.rinde.rinsim.core.model.time.RealtimeClockController.RtClockEventType.SWITCH_TO_SIM_TIME", "com.github.rinde.rinsim.event.Event", "com.github.rinde.rinsim.event.Listener", "com.github.rinde.rinsim.fsm.StateMachine.StateMachineEvent", "com.github.rinde.rinsim.fsm.StateMachine.StateTransitionEvent"], "Import Deleted": [], "Class Modified": [{"Class": "", "Function Modified": [], "Function Added": [], "Function Deleted": [], "Modifier Modified": "No", "Field Declaration Modified": 0, "Field Declaration Added": 0, "Field Declaration Deleted": 0}, {"Class": "RealtimeModel", "Function Modified": [{"Function": "RealtimeModel", "Block Modified": "No", "Block Added/Deleted": "Yes", "Param Modified": 0, "Param Added/Deleted": 0, "Return Type Modified": "No", "Modifier Modified": "No"}], "Function Added": [], "Function Deleted": [], "Modifier Modified": "No", "Field Declaration Modified": 0, "Field Declaration Added": 0, "Field Declaration Deleted": 0}], "Class Added": [], "Class Deleted": []}, {"File": "/home/ubuntu/Projects/Code/Classfier/RinSim_8b89f511ab0808c3d26c739c36ede61c58d16ee5/core/src/main/java/com/github/rinde/rinsim/core/model/time/TimeModel.java", "Import Modified": [], "Import Added": ["com.google.common.collect.ImmutableSet"], "Import Deleted": [], "Class Modified": [{"Class": "", "Function Modified": [], "Function Added": [], "Function Deleted": [], "Modifier Modified": "No", "Field Declaration Modified": 0, "Field Declaration Added": 0, "Field Declaration Deleted": 0}, {"Class": "TimeModel", "Function Modified": [{"Function": "TimeModel", "Block Modified": "No", "Block Added/Deleted": "No", "Param Modified": 0, "Param Added/Deleted": 0, "Return Type Modified": "No", "Modifier Modified": "No"}, {"Function": "withStartInClockMode", "Block Modified": "No", "Block Added/Deleted": "Yes", "Param Modified": 0, "Param Added/Deleted": 0, "Return Type Modified": "No", "Modifier Modified": "No"}], "Function Added": [], "Function Deleted": [], "Modifier Modified": "No", "Field Declaration Modified": 0, "Field Declaration Added": 0, "Field Declaration Deleted": 0}], "Class Added": [], "Class Deleted": []}, {"File": "/home/ubuntu/Projects/Code/Classfier/RinSim_c21bef76aa91a8412660e761b544731231ee2cd7/core/src/main/java/com/github/rinde/rinsim/core/model/time/TimeModel.java", "Import Modified": [], "Import Added": [], "Import Deleted": [], "Class Modified": [{"Class": "TimeModel", "Function Modified": [{"Function": "TimeModel", "Block Modified": "No", "Block Added/Deleted": "Yes", "Param Modified": 0, "Param Added/Deleted": 0, "Return Type Modified": "No", "Modifier Modified": "No"}], "Function Added": [], "Function Deleted": [], "Modifier Modified": "No", "Field Declaration Modified": 0, "Field Declaration Added": 0, "Field Declaration Deleted": 0}], "Class Added": [], "Class Deleted": []}], "Files Added": [], "Files Deleted": []}, "BUILD_FILES": {}}