{"TEST_FILES": {"Files Modified": [{"File": "/home/ubuntu/Projects/Code/Classfier/pgjdbc_354d285/pgjdbc/src/test/java/org/postgresql/test/jdbc2/Jdbc2TestSuite.java", "Import Modified": ["replace org.postgresql.jdbc.PrimitiveArraySupportTest by org.postgresql.jdbc.ArraysTestSuite"], "Import Added": ["org.postgresql.jdbc.ArraysTest"], "Import Deleted": [], "Class Modified": [{"Class": "", "Function Modified": [], "Function Added": [], "Function Deleted": [], "Modifier Modified": "No", "Field Declaration Modified": 0, "Field Declaration Added": 0, "Field Declaration Deleted": 0}, {"Class": "Jdbc2TestSuite", "Function Modified": [], "Function Added": [], "Function Deleted": [], "Modifier Modified": "No", "Field Declaration Modified": 0, "Field Declaration Added": 0, "Field Declaration Deleted": 0}], "Class Added": [], "Class Deleted": []}, {"File": "/home/ubuntu/Projects/Code/Classfier/pgjdbc_354d285/pgjdbc/src/test/java/org/postgresql/test/jdbc4/ArrayTest.java", "Import Modified": [], "Import Added": ["org.postgresql.test.util.RegexMatcher"], "Import Deleted": [], "Class Modified": [{"Class": "", "Function Modified": [], "Function Added": [], "Function Deleted": [], "Modifier Modified": "No", "Field Declaration Modified": 0, "Field Declaration Added": 0, "Field Declaration Deleted": 0}, {"Class": "ArrayTest", "Function Modified": [{"Function": "multiDimIntArray", "Block Modified": "No", "Block Added/Deleted": "Yes", "Param Modified": 0, "Param Added/Deleted": 0, "Return Type Modified": "No", "Modifier Modified": "No"}, {"Function": "testToString", "Block Modified": "No", "Block Added/Deleted": "Yes", "Param Modified": 0, "Param Added/Deleted": 0, "Return Type Modified": "No", "Modifier Modified": "No"}], "Function Added": [{"Function": "Test", "Block Modified": "No", "Block Added/Deleted": "No", "Param Modified": 0, "Param Added/Deleted": 0, "Return Type Modified": "No", "Modifier Modified": "No"}, {"Function": "Test", "Block Modified": "No", "Block Added/Deleted": "No", "Param Modified": 0, "Param Added/Deleted": 0, "Return Type Modified": "No", "Modifier Modified": "No"}, {"Function": "Test", "Block Modified": "No", "Block Added/Deleted": "No", "Param Modified": 0, "Param Added/Deleted": 0, "Return Type Modified": "No", "Modifier Modified": "No"}], "Function Deleted": [], "Modifier Modified": "No", "Field Declaration Modified": 0, "Field Declaration Added": 0, "Field Declaration Deleted": 0}], "Class Added": [], "Class Deleted": []}, {"File": "/home/ubuntu/Projects/Code/Classfier/pgjdbc_64f94adefb3537cb04e2ea25b699280126387559/pgjdbc/src/test/java/org/postgresql/test/jdbc4/ArrayTest.java", "Import Modified": [], "Import Added": [], "Import Deleted": [], "Class Modified": [{"Class": "ArrayTest", "Function Modified": [{"Function": "testToString", "Block Modified": "No", "Block Added/Deleted": "Yes", "Param Modified": 0, "Param Added/Deleted": 0, "Return Type Modified": "No", "Modifier Modified": "No"}], "Function Added": [], "Function Deleted": [], "Modifier Modified": "No", "Field Declaration Modified": 0, "Field Declaration Added": 0, "Field Declaration Deleted": 0}], "Class Added": [], "Class Deleted": []}], "Files Added": [{"File": "/home/ubuntu/Projects/Code/Classfier/pgjdbc_64f94adefb3537cb04e2ea25b699280126387559/pgjdbc/src/test/java/org/postgresql/jdbc/AbstractArraysTest.java"}, {"File": "/home/ubuntu/Projects/Code/Classfier/pgjdbc_64f94adefb3537cb04e2ea25b699280126387559/pgjdbc/src/test/java/org/postgresql/jdbc/ArraysTest.java"}, {"File": "/home/ubuntu/Projects/Code/Classfier/pgjdbc_64f94adefb3537cb04e2ea25b699280126387559/pgjdbc/src/test/java/org/postgresql/jdbc/ArraysTestSuite.java"}, {"File": "/home/ubuntu/Projects/Code/Classfier/pgjdbc_64f94adefb3537cb04e2ea25b699280126387559/pgjdbc/src/test/java/org/postgresql/jdbc/BigDecimalObjectArraysTest.java"}, {"File": "/home/ubuntu/Projects/Code/Classfier/pgjdbc_64f94adefb3537cb04e2ea25b699280126387559/pgjdbc/src/test/java/org/postgresql/jdbc/BooleanArraysTest.java"}, {"File": "/home/ubuntu/Projects/Code/Classfier/pgjdbc_64f94adefb3537cb04e2ea25b699280126387559/pgjdbc/src/test/java/org/postgresql/jdbc/BooleanObjectArraysTest.java"}, {"File": "/home/ubuntu/Projects/Code/Classfier/pgjdbc_64f94adefb3537cb04e2ea25b699280126387559/pgjdbc/src/test/java/org/postgresql/jdbc/ByteaArraysTest.java"}, {"File": "/home/ubuntu/Projects/Code/Classfier/pgjdbc_64f94adefb3537cb04e2ea25b699280126387559/pgjdbc/src/test/java/org/postgresql/jdbc/DoubleArraysTest.java"}, {"File": "/home/ubuntu/Projects/Code/Classfier/pgjdbc_64f94adefb3537cb04e2ea25b699280126387559/pgjdbc/src/test/java/org/postgresql/jdbc/DoubleObjectArraysTest.java"}, {"File": "/home/ubuntu/Projects/Code/Classfier/pgjdbc_64f94adefb3537cb04e2ea25b699280126387559/pgjdbc/src/test/java/org/postgresql/jdbc/FloatArraysTest.java"}, {"File": "/home/ubuntu/Projects/Code/Classfier/pgjdbc_64f94adefb3537cb04e2ea25b699280126387559/pgjdbc/src/test/java/org/postgresql/jdbc/FloatObjectArraysTest.java"}, {"File": "/home/ubuntu/Projects/Code/Classfier/pgjdbc_64f94adefb3537cb04e2ea25b699280126387559/pgjdbc/src/test/java/org/postgresql/jdbc/IntArraysTest.java"}, {"File": "/home/ubuntu/Projects/Code/Classfier/pgjdbc_64f94adefb3537cb04e2ea25b699280126387559/pgjdbc/src/test/java/org/postgresql/jdbc/IntegerObjectArraysTest.java"}, {"File": "/home/ubuntu/Projects/Code/Classfier/pgjdbc_64f94adefb3537cb04e2ea25b699280126387559/pgjdbc/src/test/java/org/postgresql/jdbc/LongArraysTest.java"}, {"File": "/home/ubuntu/Projects/Code/Classfier/pgjdbc_64f94adefb3537cb04e2ea25b699280126387559/pgjdbc/src/test/java/org/postgresql/jdbc/LongObjectArraysTest.java"}, {"File": "/home/ubuntu/Projects/Code/Classfier/pgjdbc_64f94adefb3537cb04e2ea25b699280126387559/pgjdbc/src/test/java/org/postgresql/jdbc/ShortArraysTest.java"}, {"File": "/home/ubuntu/Projects/Code/Classfier/pgjdbc_64f94adefb3537cb04e2ea25b699280126387559/pgjdbc/src/test/java/org/postgresql/jdbc/ShortObjectArraysTest.java"}, {"File": "/home/ubuntu/Projects/Code/Classfier/pgjdbc_64f94adefb3537cb04e2ea25b699280126387559/pgjdbc/src/test/java/org/postgresql/jdbc/StringArraysTest.java"}, {"File": "/home/ubuntu/Projects/Code/Classfier/pgjdbc_64f94adefb3537cb04e2ea25b699280126387559/pgjdbc/src/test/java/org/postgresql/test/util/RegexMatcher.java"}], "Files Deleted": [{"File": "/home/ubuntu/Projects/Code/Classfier/pgjdbc_354d285/pgjdbc/src/test/java/org/postgresql/jdbc/PrimitiveArraySupportTest.java"}]}, "SRC_FILES": {"Files Modified": [{"File": "/home/ubuntu/Projects/Code/Classfier/pgjdbc_354d285/pgjdbc/src/main/java/org/postgresql/jdbc/PgConnection.java", "Import Modified": [], "Import Added": [], "Import Deleted": [], "Class Modified": [{"Class": "PgConnection", "Function Modified": [{"Function": "createArrayOf", "Block Modified": "No", "Block Added/Deleted": "No", "Param Modified": 0, "Param Added/Deleted": 0, "Return Type Modified": "No", "Modifier Modified": "No"}, {"Function": "PgConnection", "Block Modified": "No", "Block Added/Deleted": "Yes", "Param Modified": 0, "Param Added/Deleted": 0, "Return Type Modified": "No", "Modifier Modified": "No"}], "Function Added": [], "Function Deleted": [], "Modifier Modified": "No", "Field Declaration Modified": 0, "Field Declaration Added": 0, "Field Declaration Deleted": 0}], "Class Added": [], "Class Deleted": []}, {"File": "/home/ubuntu/Projects/Code/Classfier/pgjdbc_354d285/pgjdbc/src/main/java/org/postgresql/jdbc/PgPreparedStatement.java", "Import Modified": [], "Import Added": ["java.sql.SQLFeatureNotSupportedException"], "Import Deleted": [], "Class Modified": [{"Class": "", "Function Modified": [], "Function Added": [], "Function Deleted": [], "Modifier Modified": "No", "Field Declaration Modified": 0, "Field Declaration Added": 0, "Field Declaration Deleted": 0}, {"Class": "PgPreparedStatement", "Function Modified": [{"Function": "setPrimitiveArray", "Block Modified": "No", "Block Added/Deleted": "Yes", "Param Modified": 0, "Param Added/Deleted": 0, "Return Type Modified": "No", "Modifier Modified": "No"}], "Function Added": [], "Function Deleted": [], "Modifier Modified": "No", "Field Declaration Modified": 0, "Field Declaration Added": 0, "Field Declaration Deleted": 0}], "Class Added": [], "Class Deleted": []}, {"File": "/home/ubuntu/Projects/Code/Classfier/pgjdbc_64f94adefb3537cb04e2ea25b699280126387559/pgjdbc/src/main/java/org/postgresql/jdbc/PgPreparedStatement.java", "Import Modified": [], "Import Added": [], "Import Deleted": [], "Class Modified": [{"Class": "PgPreparedStatement", "Function Modified": [{"Function": "setObjectArray", "Block Modified": "No", "Block Added/Deleted": "Yes", "Param Modified": 0, "Param Added/Deleted": 0, "Return Type Modified": "No", "Modifier Modified": "No"}, {"Function": "setObject", "Block Modified": "No", "Block Added/Deleted": "Yes", "Param Modified": 0, "Param Added/Deleted": 0, "Return Type Modified": "No", "Modifier Modified": "No"}], "Function Added": [], "Function Deleted": [], "Modifier Modified": "No", "Field Declaration Modified": 0, "Field Declaration Added": 0, "Field Declaration Deleted": 0}], "Class Added": [], "Class Deleted": []}], "Files Added": [{"File": "/home/ubuntu/Projects/Code/Classfier/pgjdbc_64f94adefb3537cb04e2ea25b699280126387559/pgjdbc/src/main/java/org/postgresql/jdbc/Arrays.java"}], "Files Deleted": [{"File": "/home/ubuntu/Projects/Code/Classfier/pgjdbc_354d285/pgjdbc/src/main/java/org/postgresql/jdbc/PrimitiveArraySupport.java"}]}, "BUILD_FILES": {}}