{"TEST_FILES": {"Files Modified": [{"File": "/home/ubuntu/Projects/Code/Classfier/sonar-php_b63dc2a487665e0db7c5228b78022a773aa32079/php-frontend/src/test/java/org/sonar/php/parser/statement/IfStatementTest.java", "Import Modified": [], "Import Added": [], "Import Deleted": [], "Class Modified": [{"Class": "IfStatementTest", "Function Modified": [{"Function": "test", "Block Modified": "No", "Block Added/Deleted": "Yes", "Param Modified": 0, "Param Added/Deleted": 0, "Return Type Modified": "No", "Modifier Modified": "No"}], "Function Added": [], "Function Deleted": [], "Modifier Modified": "No", "Field Declaration Modified": 0, "Field Declaration Added": 0, "Field Declaration Deleted": 0}], "Class Added": [], "Class Deleted": []}, {"File": "/home/ubuntu/Projects/Code/Classfier/sonar-php_bff7682/php-frontend/src/test/java/org/sonar/php/parser/statement/IfStatementTest.java", "Import Modified": ["replace org.sonar.php.parser.PHPGrammar by org.sonar.php.parser.PHPLexicalGrammar", "replace org.sonar.php.parser.RuleTest by org.sonar.php.utils.Assertions.assertThat"], "Import Added": [], "Import Deleted": ["org.junit.Before"], "Class Modified": [{"Class": "IfStatementTest", "Function Modified": [{"Function": "realLife", "Block Modified": "No", "Block Added/Deleted": "Yes", "Param Modified": 0, "Param Added/Deleted": 0, "Return Type Modified": "No", "Modifier Modified": "No"}], "Function Added": [], "Function Deleted": [], "Modifier Modified": "No", "Field Declaration Modified": 0, "Field Declaration Added": 0, "Field Declaration Deleted": 0}], "Class Added": [], "Class Deleted": []}], "Files Added": [{"File": "/home/ubuntu/Projects/Code/Classfier/sonar-php_b63dc2a487665e0db7c5228b78022a773aa32079/php-frontend/src/test/java/org/sonar/php/tree/impl/statement/IfStatementTreeTest.java"}], "Files Deleted": [{"File": "/home/ubuntu/Projects/Code/Classfier/sonar-php_bff7682/php-frontend/src/test/java/org/sonar/php/parser/statement/NewIfStatementTest.java"}]}, "SRC_FILES": {"Files Modified": [{"File": "/home/ubuntu/Projects/Code/Classfier/sonar-php_bff7682/php-frontend/src/main/java/org/sonar/php/parser/NewPHPGrammar.java", "Import Modified": [], "Import Added": ["org.sonar.plugins.php.api.tree.statement.ElseClauseTree", "org.sonar.plugins.php.api.tree.statement.ElseifClauseTree", "org.sonar.plugins.php.api.tree.statement.IfStatementTree"], "Import Deleted": [], "Class Modified": [{"Class": "", "Function Modified": [], "Function Added": [], "Function Deleted": [], "Modifier Modified": "No", "Field Declaration Modified": 0, "Field Declaration Added": 0, "Field Declaration Deleted": 0}, {"Class": "NewPHPGrammar", "Function Modified": [{"Function": "STATEMENT", "Block Modified": "No", "Block Added/Deleted": "Yes", "Param Modified": 0, "Param Added/Deleted": 0, "Return Type Modified": "No", "Modifier Modified": "No"}], "Function Added": [{"Function": "IfStatementTree", "Block Modified": "No", "Block Added/Deleted": "No", "Param Modified": 0, "Param Added/Deleted": 0, "Return Type Modified": "No", "Modifier Modified": "No"}, {"Function": "IfStatementTree", "Block Modified": "No", "Block Added/Deleted": "No", "Param Modified": 0, "Param Added/Deleted": 0, "Return Type Modified": "No", "Modifier Modified": "No"}, {"Function": "IfStatementTree", "Block Modified": "No", "Block Added/Deleted": "No", "Param Modified": 0, "Param Added/Deleted": 0, "Return Type Modified": "No", "Modifier Modified": "No"}, {"Function": "ElseClauseTree", "Block Modified": "No", "Block Added/Deleted": "No", "Param Modified": 0, "Param Added/Deleted": 0, "Return Type Modified": "No", "Modifier Modified": "No"}, {"Function": "ElseifClauseTree", "Block Modified": "No", "Block Added/Deleted": "No", "Param Modified": 0, "Param Added/Deleted": 0, "Return Type Modified": "No", "Modifier Modified": "No"}, {"Function": "ElseClauseTree", "Block Modified": "No", "Block Added/Deleted": "No", "Param Modified": 0, "Param Added/Deleted": 0, "Return Type Modified": "No", "Modifier Modified": "No"}, {"Function": "ElseifClauseTree", "Block Modified": "No", "Block Added/Deleted": "No", "Param Modified": 0, "Param Added/Deleted": 0, "Return Type Modified": "No", "Modifier Modified": "No"}], "Function Deleted": [], "Modifier Modified": "No", "Field Declaration Modified": 0, "Field Declaration Added": 0, "Field Declaration Deleted": 0}], "Class Added": [], "Class Deleted": []}, {"File": "/home/ubuntu/Projects/Code/Classfier/sonar-php_bff7682/php-frontend/src/main/java/org/sonar/php/parser/PHPLexicalGrammar.java", "Import Modified": [], "Import Added": [], "Import Deleted": [], "Class Modified": [{"Class": "", "Function Modified": [], "Function Added": [], "Function Deleted": [], "Modifier Modified": "No", "Field Declaration Modified": 0, "Field Declaration Added": 0, "Field Declaration Deleted": 0}], "Class Added": [], "Class Deleted": [{"Class": "", "Function Modified": [], "Function Added": [], "Function Deleted": [], "Modifier Modified": "No", "Field Declaration Modified": 0, "Field Declaration Added": 0, "Field Declaration Deleted": 0}]}, {"File": "/home/ubuntu/Projects/Code/Classfier/sonar-php_bff7682/php-frontend/src/main/java/org/sonar/php/parser/TreeFactory.java", "Import Modified": [], "Import Added": ["org.sonar.php.tree.impl.statement.ElseClauseTreeImpl", "org.sonar.php.tree.impl.statement.ElseifClauseTreeImpl", "org.sonar.php.tree.impl.statement.IfStatementTreeImpl", "org.sonar.plugins.php.api.tree.statement.ElseClauseTree", "org.sonar.plugins.php.api.tree.statement.ElseifClauseTree", "org.sonar.plugins.php.api.tree.statement.IfStatementTree"], "Import Deleted": [], "Class Modified": [{"Class": "", "Function Modified": [], "Function Added": [], "Function Deleted": [], "Modifier Modified": "No", "Field Declaration Modified": 0, "Field Declaration Added": 0, "Field Declaration Deleted": 0}, {"Class": "TreeFactory", "Function Modified": [], "Function Added": [{"Function": "ElseClauseTree", "Block Modified": "No", "Block Added/Deleted": "No", "Param Modified": 0, "Param Added/Deleted": 0, "Return Type Modified": "No", "Modifier Modified": "No"}, {"Function": "IfStatementTree", "Block Modified": "No", "Block Added/Deleted": "No", "Param Modified": 0, "Param Added/Deleted": 0, "Return Type Modified": "No", "Modifier Modified": "No"}, {"Function": "ElseifClauseTree", "Block Modified": "No", "Block Added/Deleted": "No", "Param Modified": 0, "Param Added/Deleted": 0, "Return Type Modified": "No", "Modifier Modified": "No"}, {"Function": "IfStatementTree", "Block Modified": "No", "Block Added/Deleted": "No", "Param Modified": 0, "Param Added/Deleted": 0, "Return Type Modified": "No", "Modifier Modified": "No"}, {"Function": "ElseClauseTree", "Block Modified": "No", "Block Added/Deleted": "No", "Param Modified": 0, "Param Added/Deleted": 0, "Return Type Modified": "No", "Modifier Modified": "No"}, {"Function": "ElseifClauseTree", "Block Modified": "No", "Block Added/Deleted": "No", "Param Modified": 0, "Param Added/Deleted": 0, "Return Type Modified": "No", "Modifier Modified": "No"}], "Function Deleted": [], "Modifier Modified": "No", "Field Declaration Modified": 0, "Field Declaration Added": 0, "Field Declaration Deleted": 0}], "Class Added": [], "Class Deleted": []}, {"File": "/home/ubuntu/Projects/Code/Classfier/sonar-php_bff7682/php-frontend/src/main/java/org/sonar/plugins/php/api/tree/statement/ElseClauseTree.java", "Import Modified": [], "Import Added": [], "Import Deleted": [], "Class Modified": [{"Class": "ElseClauseTree", "Function Modified": [{"Function": "elseKeyword", "Block Modified": "No", "Block Added/Deleted": "No", "Param Modified": 0, "Param Added/Deleted": 0, "Return Type Modified": "No", "Modifier Modified": "No"}], "Function Added": [], "Function Deleted": [], "Modifier Modified": "No", "Field Declaration Modified": 0, "Field Declaration Added": 0, "Field Declaration Deleted": 0}], "Class Added": [], "Class Deleted": []}, {"File": "/home/ubuntu/Projects/Code/Classfier/sonar-php_bff7682/php-frontend/src/main/java/org/sonar/plugins/php/api/tree/statement/ElseifClauseTree.java", "Import Modified": ["replace org.sonar.plugins.php.api.tree.expression.ParenthesisedExpressionTree by org.sonar.plugins.php.api.tree.expression.ExpressionTree"], "Import Added": [], "Import Deleted": [], "Class Modified": [{"Class": "ElseifClauseTree", "Function Modified": [{"Function": "statements", "Block Modified": "No", "Block Added/Deleted": "No", "Param Modified": 0, "Param Added/Deleted": 0, "Return Type Modified": "No", "Modifier Modified": "No"}], "Function Added": [], "Function Deleted": [], "Modifier Modified": "No", "Field Declaration Modified": 0, "Field Declaration Added": 0, "Field Declaration Deleted": 0}], "Class Added": [], "Class Deleted": []}, {"File": "/home/ubuntu/Projects/Code/Classfier/sonar-php_bff7682/php-frontend/src/main/java/org/sonar/plugins/php/api/tree/statement/IfStatementTree.java", "Import Modified": ["replace org.sonar.plugins.php.api.tree.expression.ParenthesisedExpressionTree by org.sonar.plugins.php.api.tree.expression.ExpressionTree"], "Import Added": [], "Import Deleted": ["org.sonar.plugins.php.api.tree.Tree"], "Class Modified": [{"Class": "IfStatementTree", "Function Modified": [{"Function": "statements", "Block Modified": "No", "Block Added/Deleted": "No", "Param Modified": 0, "Param Added/Deleted": 0, "Return Type Modified": "No", "Modifier Modified": "No"}], "Function Added": [], "Function Deleted": [], "Modifier Modified": "No", "Field Declaration Modified": 0, "Field Declaration Added": 0, "Field Declaration Deleted": 0}], "Class Added": [], "Class Deleted": []}, {"File": "/home/ubuntu/Projects/Code/Classfier/sonar-php_bff7682/php-frontend/src/main/java/org/sonar/plugins/php/api/visitors/TreeVisitor.java", "Import Modified": [], "Import Added": ["org.sonar.plugins.php.api.tree.statement.ElseClauseTree", "org.sonar.plugins.php.api.tree.statement.ElseifClauseTree", "org.sonar.plugins.php.api.tree.statement.IfStatementTree"], "Import Deleted": [], "Class Modified": [{"Class": "", "Function Modified": [], "Function Added": [], "Function Deleted": [], "Modifier Modified": "No", "Field Declaration Modified": 0, "Field Declaration Added": 0, "Field Declaration Deleted": 0}, {"Class": "TreeVisitor", "Function Modified": [], "Function Added": [{"Function": "visitIfStatement", "Block Modified": "No", "Block Added/Deleted": "No", "Param Modified": 0, "Param Added/Deleted": 0, "Return Type Modified": "No", "Modifier Modified": "No"}, {"Function": "visitElseClause", "Block Modified": "No", "Block Added/Deleted": "No", "Param Modified": 0, "Param Added/Deleted": 0, "Return Type Modified": "No", "Modifier Modified": "No"}], "Function Deleted": [], "Modifier Modified": "No", "Field Declaration Modified": 0, "Field Declaration Added": 0, "Field Declaration Deleted": 0}], "Class Added": [], "Class Deleted": []}, {"File": "/home/ubuntu/Projects/Code/Classfier/sonar-php_b63dc2a487665e0db7c5228b78022a773aa32079/php-frontend/src/main/java/org/sonar/plugins/php/api/visitors/TreeVisitor.java", "Import Modified": [], "Import Added": [], "Import Deleted": [], "Class Modified": [{"Class": "TreeVisitor", "Function Modified": [{"Function": "visitElseifClause", "Block Modified": "No", "Block Added/Deleted": "No", "Param Modified": 0, "Param Added/Deleted": 0, "Return Type Modified": "No", "Modifier Modified": "No"}], "Function Added": [], "Function Deleted": [], "Modifier Modified": "No", "Field Declaration Modified": 0, "Field Declaration Added": 0, "Field Declaration Deleted": 0}], "Class Added": [], "Class Deleted": []}], "Files Added": [{"File": "/home/ubuntu/Projects/Code/Classfier/sonar-php_b63dc2a487665e0db7c5228b78022a773aa32079/php-frontend/src/main/java/org/sonar/php/tree/impl/statement/ElseClauseTreeImpl.java"}, {"File": "/home/ubuntu/Projects/Code/Classfier/sonar-php_b63dc2a487665e0db7c5228b78022a773aa32079/php-frontend/src/main/java/org/sonar/php/tree/impl/statement/ElseifClauseTreeImpl.java"}, {"File": "/home/ubuntu/Projects/Code/Classfier/sonar-php_b63dc2a487665e0db7c5228b78022a773aa32079/php-frontend/src/main/java/org/sonar/php/tree/impl/statement/IfStatementTreeImpl.java"}], "Files Deleted": []}, "BUILD_FILES": {}}