{"TEST_FILES": {"Files Modified": [{"File": "/home/ubuntu/Projects/Code/Classfier/sonar-java_b50a345/java-checks/src/test/java/org/sonar/java/checks/methods/MethodMatcherTest.java", "Import Modified": [], "Import Added": ["org.sonar.java.checks.helpers.TypePredicates"], "Import Deleted": [], "Class Modified": [{"Class": "", "Function Modified": [], "Function Added": [], "Function Deleted": [], "Modifier Modified": "No", "Field Declaration Modified": 0, "Field Declaration Added": 0, "Field Declaration Deleted": 0}, {"Class": "MethodMatcherTest", "Function Modified": [{"Function": "detected", "Block Modified": "No", "Block Added/Deleted": "No", "Param Modified": 0, "Param Added/Deleted": 0, "Return Type Modified": "No", "Modifier Modified": "No"}], "Function Added": [], "Function Deleted": [], "Modifier Modified": "No", "Field Declaration Modified": 0, "Field Declaration Added": 0, "Field Declaration Deleted": 0}], "Class Added": [], "Class Deleted": []}], "Files Added": [{"File": "/home/ubuntu/Projects/Code/Classfier/sonar-java_c6c51ca538a2b04035eae2ee533bc55f7088304c/java-checks/src/test/java/org/sonar/java/checks/helpers/NamePredicatesTest.java"}], "Files Deleted": [{"File": "/home/ubuntu/Projects/Code/Classfier/sonar-java_b50a345/java-checks/src/test/java/org/sonar/java/checks/methods/NameCriteriaTest.java"}]}, "SRC_FILES": {"Files Modified": [{"File": "/home/ubuntu/Projects/Code/Classfier/sonar-java_b50a345/java-checks/src/main/java/org/sonar/java/checks/AbsOnNegativeCheck.java", "Import Modified": [], "Import Added": ["org.sonar.java.checks.helpers.TypePredicates"], "Import Deleted": ["org.sonar.java.checks.methods.TypeCriteria"], "Class Modified": [{"Class": "", "Function Modified": [], "Function Added": [], "Function Deleted": [], "Modifier Modified": "No", "Field Declaration Modified": 0, "Field Declaration Added": 0, "Field Declaration Deleted": 0}, {"Class": "AbsOnNegativeCheck", "Function Modified": [], "Function Added": [], "Function Deleted": [], "Modifier Modified": "No", "Field Declaration Modified": 7, "Field Declaration Added": 0, "Field Declaration Deleted": 0}], "Class Added": [], "Class Deleted": []}, {"File": "/home/ubuntu/Projects/Code/Classfier/sonar-java_b50a345/java-checks/src/main/java/org/sonar/java/checks/AbstractSerializableInnerClassRule.java", "Import Modified": ["replace org.sonar.java.checks.helpers.SyntaxNodePredicates by org.sonar.java.checks.helpers.TypePredicates"], "Import Added": [], "Import Deleted": [], "Class Modified": [{"Class": "AbstractSerializableInnerClassRule", "Function Modified": [{"Function": "directlyImplementsSerializable", "Block Modified": "No", "Block Added/Deleted": "No", "Param Modified": 0, "Param Added/Deleted": 0, "Return Type Modified": "No", "Modifier Modified": "No"}], "Function Added": [], "Function Deleted": [], "Modifier Modified": "No", "Field Declaration Modified": 0, "Field Declaration Added": 0, "Field Declaration Deleted": 0}], "Class Added": [], "Class Deleted": []}, {"File": "/home/ubuntu/Projects/Code/Classfier/sonar-java_b50a345/java-checks/src/main/java/org/sonar/java/checks/ArrayHashCodeAndToStringCheck.java", "Import Modified": [], "Import Added": ["com.google.common.base.Predicate"], "Import Deleted": ["org.sonar.java.checks.methods.TypeCriteria"], "Class Modified": [{"Class": "", "Function Modified": [], "Function Added": [], "Function Deleted": [], "Modifier Modified": "No", "Field Declaration Modified": 0, "Field Declaration Added": 0, "Field Declaration Deleted": 0}, {"Class": "ArrayHashCodeAndToStringCheck", "Function Modified": [], "Function Added": [], "Function Deleted": [], "Modifier Modified": "No", "Field Declaration Modified": 2, "Field Declaration Added": 0, "Field Declaration Deleted": 0}], "Class Added": [], "Class Deleted": []}, {"File": "/home/ubuntu/Projects/Code/Classfier/sonar-java_c6c51ca538a2b04035eae2ee533bc55f7088304c/java-checks/src/main/java/org/sonar/java/checks/ArrayHashCodeAndToStringCheck.java", "Import Modified": [], "Import Added": [], "Import Deleted": [], "Class Modified": [{"Class": "ArrayHashCodeAndToStringCheck", "Function Modified": [{"Function": "", "Block Modified": "No", "Block Added/Deleted": "No", "Param Modified": 0, "Param Added/Deleted": 0, "Return Type Modified": "No", "Modifier Modified": "No"}, {"Function": "apply", "Block Modified": "No", "Block Added/Deleted": "No", "Param Modified": 0, "Param Added/Deleted": 0, "Return Type Modified": "No", "Modifier Modified": "No"}], "Function Added": [], "Function Deleted": [], "Modifier Modified": "No", "Field Declaration Modified": 0, "Field Declaration Added": 1, "Field Declaration Deleted": 0}], "Class Added": [], "Class Deleted": []}, {"File": "/home/ubuntu/Projects/Code/Classfier/sonar-java_b50a345/java-checks/src/main/java/org/sonar/java/checks/AssertionInThreadRunCheck.java", "Import Modified": ["replace org.sonar.java.checks.helpers.SyntaxNodePredicates by org.sonar.java.checks.helpers.TypePredicates"], "Import Added": [], "Import Deleted": [], "Class Modified": [{"Class": "AssertionInThreadRunCheck", "Function Modified": [{"Function": "visitMethodInvocation", "Block Modified": "No", "Block Added/Deleted": "No", "Param Modified": 0, "Param Added/Deleted": 0, "Return Type Modified": "No", "Modifier Modified": "No"}], "Function Added": [], "Function Deleted": [], "Modifier Modified": "No", "Field Declaration Modified": 0, "Field Declaration Added": 0, "Field Declaration Deleted": 0}], "Class Added": [], "Class Deleted": []}, {"File": "/home/ubuntu/Projects/Code/Classfier/sonar-java_b50a345/java-checks/src/main/java/org/sonar/java/checks/AssertionsCompletenessCheck.java", "Import Modified": [], "Import Added": ["com.google.common.base.Predicate", "com.google.common.base.Predicates", "org.sonar.java.checks.helpers.NamePredicates", "org.sonar.java.checks.helpers.TypePredicates"], "Import Deleted": ["org.sonar.java.checks.methods.NameCriteria", "org.sonar.java.checks.methods.TypeCriteria"], "Class Modified": [{"Class": "", "Function Modified": [], "Function Added": [], "Function Deleted": [], "Modifier Modified": "No", "Field Declaration Modified": 0, "Field Declaration Added": 0, "Field Declaration Deleted": 0}, {"Class": "AssertionsCompletenessCheck", "Function Modified": [], "Function Added": [], "Function Deleted": [], "Modifier Modified": "No", "Field Declaration Modified": 7, "Field Declaration Added": 0, "Field Declaration Deleted": 0}], "Class Added": [], "Class Deleted": []}, {"File": "/home/ubuntu/Projects/Code/Classfier/sonar-java_c6c51ca538a2b04035eae2ee533bc55f7088304c/java-checks/src/main/java/org/sonar/java/checks/AssertionsCompletenessCheck.java", "Import Modified": [], "Import Added": [], "Import Deleted": [], "Class Modified": [{"Class": "AssertionsCompletenessCheck", "Function Modified": [{"Function": "methodWithName", "Block Modified": "No", "Block Added/Deleted": "No", "Param Modified": 0, "Param Added/Deleted": 0, "Return Type Modified": "No", "Modifier Modified": "No"}], "Function Added": [], "Function Deleted": [], "Modifier Modified": "No", "Field Declaration Modified": 0, "Field Declaration Added": 0, "Field Declaration Deleted": 0}], "Class Added": [], "Class Deleted": []}, {"File": "/home/ubuntu/Projects/Code/Classfier/sonar-java_b50a345/java-checks/src/main/java/org/sonar/java/checks/AssertionsInTestsCheck.java", "Import Modified": [], "Import Added": ["com.google.common.base.Predicates", "org.sonar.java.checks.helpers.NamePredicates", "org.sonar.java.checks.helpers.TypePredicates"], "Import Deleted": ["org.sonar.java.checks.methods.NameCriteria", "org.sonar.java.checks.methods.TypeCriteria"], "Class Modified": [{"Class": "", "Function Modified": [], "Function Added": [], "Function Deleted": [], "Modifier Modified": "No", "Field Declaration Modified": 0, "Field Declaration Added": 0, "Field Declaration Deleted": 0}, {"Class": "AssertionsInTestsCheck", "Function Modified": [], "Function Added": [], "Function Deleted": [], "Modifier Modified": "No", "Field Declaration Modified": 21, "Field Declaration Added": 0, "Field Declaration Deleted": 5}], "Class Added": [], "Class Deleted": []}, {"File": "/home/ubuntu/Projects/Code/Classfier/sonar-java_c6c51ca538a2b04035eae2ee533bc55f7088304c/java-checks/src/main/java/org/sonar/java/checks/AssertionsInTestsCheck.java", "Import Modified": [], "Import Added": [], "Import Deleted": [], "Class Modified": [{"Class": "AssertionsInTestsCheck", "Function Modified": [{"Function": "", "Block Modified": "No", "Block Added/Deleted": "No", "Param Modified": 0, "Param Added/Deleted": 0, "Return Type Modified": "No", "Modifier Modified": "No"}, {"Function": "", "Block Modified": "No", "Block Added/Deleted": "No", "Param Modified": 0, "Param Added/Deleted": 0, "Return Type Modified": "No", "Modifier Modified": "No"}, {"Function": "", "Block Modified": "No", "Block Added/Deleted": "No", "Param Modified": 0, "Param Added/Deleted": 0, "Return Type Modified": "No", "Modifier Modified": "No"}, {"Function": "", "Block Modified": "No", "Block Added/Deleted": "No", "Param Modified": 0, "Param Added/Deleted": 0, "Return Type Modified": "No", "Modifier Modified": "No"}], "Function Added": [], "Function Deleted": [], "Modifier Modified": "No", "Field Declaration Modified": 0, "Field Declaration Added": 1, "Field Declaration Deleted": 0}], "Class Added": [], "Class Deleted": []}, {"File": "/home/ubuntu/Projects/Code/Classfier/sonar-java_b50a345/java-checks/src/main/java/org/sonar/java/checks/AssertionsWithoutMessageCheck.java", "Import Modified": [], "Import Added": ["org.sonar.java.checks.helpers.NamePredicates", "org.sonar.java.checks.helpers.TypePredicates"], "Import Deleted": ["org.sonar.java.checks.methods.NameCriteria", "org.sonar.java.checks.methods.TypeCriteria"], "Class Modified": [{"Class": "", "Function Modified": [], "Function Added": [], "Function Deleted": [], "Modifier Modified": "No", "Field Declaration Modified": 0, "Field Declaration Added": 0, "Field Declaration Deleted": 0}, {"Class": "AssertionsWithoutMessageCheck", "Function Modified": [{"Function": "getMethodInvocationMatchers", "Block Modified": "No", "Block Added/Deleted": "No", "Param Modified": 0, "Param Added/Deleted": 0, "Return Type Modified": "No", "Modifier Modified": "No"}], "Function Added": [], "Function Deleted": [], "Modifier Modified": "No", "Field Declaration Modified": 0, "Field Declaration Added": 0, "Field Declaration Deleted": 0}], "Class Added": [], "Class Deleted": []}, {"File": "/home/ubuntu/Projects/Code/Classfier/sonar-java_b50a345/java-checks/src/main/java/org/sonar/java/checks/BooleanLiteralInAssertionsCheck.java", "Import Modified": [], "Import Added": ["org.sonar.java.checks.helpers.NamePredicates"], "Import Deleted": ["org.sonar.java.checks.methods.NameCriteria"], "Class Modified": [{"Class": "", "Function Modified": [], "Function Added": [], "Function Deleted": [], "Modifier Modified": "No", "Field Declaration Modified": 0, "Field Declaration Added": 0, "Field Declaration Deleted": 0}, {"Class": "BooleanLiteralInAssertionsCheck", "Function Modified": [{"Function": "getMethodInvocationMatchers", "Block Modified": "No", "Block Added/Deleted": "No", "Param Modified": 0, "Param Added/Deleted": 0, "Return Type Modified": "No", "Modifier Modified": "No"}], "Function Added": [], "Function Deleted": [], "Modifier Modified": "No", "Field Declaration Modified": 0, "Field Declaration Added": 0, "Field Declaration Deleted": 0}], "Class Added": [], "Class Deleted": []}, {"File": "/home/ubuntu/Projects/Code/Classfier/sonar-java_b50a345/java-checks/src/main/java/org/sonar/java/checks/CollectionInappropriateCallsCheck.java", "Import Modified": [], "Import Added": ["org.sonar.java.checks.helpers.TypePredicates"], "Import Deleted": ["org.sonar.java.checks.methods.TypeCriteria"], "Class Modified": [{"Class": "", "Function Modified": [], "Function Added": [], "Function Deleted": [], "Modifier Modified": "No", "Field Declaration Modified": 0, "Field Declaration Added": 0, "Field Declaration Deleted": 0}, {"Class": "CollectionInappropriateCallsCheck", "Function Modified": [{"Function": "collectionMethodInvocation", "Block Modified": "No", "Block Added/Deleted": "No", "Param Modified": 0, "Param Added/Deleted": 0, "Return Type Modified": "No", "Modifier Modified": "No"}], "Function Added": [], "Function Deleted": [], "Modifier Modified": "No", "Field Declaration Modified": 0, "Field Declaration Added": 0, "Field Declaration Deleted": 0}], "Class Added": [], "Class Deleted": []}, {"File": "/home/ubuntu/Projects/Code/Classfier/sonar-java_b50a345/java-checks/src/main/java/org/sonar/java/checks/CollectionIsEmptyCheck.java", "Import Modified": [], "Import Added": ["org.sonar.java.checks.helpers.TypePredicates"], "Import Deleted": ["org.sonar.java.checks.methods.TypeCriteria"], "Class Modified": [{"Class": "", "Function Modified": [], "Function Added": [], "Function Deleted": [], "Modifier Modified": "No", "Field Declaration Modified": 0, "Field Declaration Added": 0, "Field Declaration Deleted": 0}, {"Class": "CollectionIsEmptyCheck", "Function Modified": [{"Function": "getSizeMethodInvocationMatcher", "Block Modified": "No", "Block Added/Deleted": "No", "Param Modified": 0, "Param Added/Deleted": 0, "Return Type Modified": "No", "Modifier Modified": "No"}], "Function Added": [], "Function Deleted": [], "Modifier Modified": "No", "Field Declaration Modified": 0, "Field Declaration Added": 0, "Field Declaration Deleted": 0}], "Class Added": [], "Class Deleted": []}, {"File": "/home/ubuntu/Projects/Code/Classfier/sonar-java_b50a345/java-checks/src/main/java/org/sonar/java/checks/DynamicClassLoadCheck.java", "Import Modified": [], "Import Added": ["org.sonar.java.checks.helpers.TypePredicates"], "Import Deleted": ["org.sonar.java.checks.methods.TypeCriteria"], "Class Modified": [{"Class": "", "Function Modified": [], "Function Added": [], "Function Deleted": [], "Modifier Modified": "No", "Field Declaration Modified": 0, "Field Declaration Added": 0, "Field Declaration Deleted": 0}, {"Class": "DynamicClassLoadCheck", "Function Modified": [{"Function": "getMethodInvocationMatchers", "Block Modified": "No", "Block Added/Deleted": "No", "Param Modified": 0, "Param Added/Deleted": 0, "Return Type Modified": "No", "Modifier Modified": "No"}], "Function Added": [], "Function Deleted": [], "Modifier Modified": "No", "Field Declaration Modified": 0, "Field Declaration Added": 0, "Field Declaration Deleted": 0}], "Class Added": [], "Class Deleted": []}, {"File": "/home/ubuntu/Projects/Code/Classfier/sonar-java_b50a345/java-checks/src/main/java/org/sonar/java/checks/EqualsArgumentTypeCheck.java", "Import Modified": [], "Import Added": ["org.sonar.java.checks.helpers.TypePredicates"], "Import Deleted": ["org.sonar.java.checks.methods.TypeCriteria"], "Class Modified": [{"Class": "", "Function Modified": [], "Function Added": [], "Function Deleted": [], "Modifier Modified": "No", "Field Declaration Modified": 0, "Field Declaration Added": 0, "Field Declaration Deleted": 0}, {"Class": "EqualsArgumentTypeCheck", "Function Modified": [], "Function Added": [], "Function Deleted": [], "Modifier Modified": "No", "Field Declaration Modified": 1, "Field Declaration Added": 0, "Field Declaration Deleted": 0}], "Class Added": [], "Class Deleted": []}, {"File": "/home/ubuntu/Projects/Code/Classfier/sonar-java_b50a345/java-checks/src/main/java/org/sonar/java/checks/EqualsNotOverridenWithCompareToCheck.java", "Import Modified": ["replace org.sonar.java.checks.helpers.SyntaxNodePredicates by org.sonar.java.checks.helpers.TypePredicates"], "Import Added": [], "Import Deleted": [], "Class Modified": [{"Class": "EqualsNotOverridenWithCompareToCheck", "Function Modified": [{"Function": "isComparable", "Block Modified": "No", "Block Added/Deleted": "No", "Param Modified": 0, "Param Added/Deleted": 0, "Return Type Modified": "No", "Modifier Modified": "No"}], "Function Added": [], "Function Deleted": [], "Modifier Modified": "No", "Field Declaration Modified": 0, "Field Declaration Added": 0, "Field Declaration Deleted": 0}], "Class Added": [], "Class Deleted": []}, {"File": "/home/ubuntu/Projects/Code/Classfier/sonar-java_b50a345/java-checks/src/main/java/org/sonar/java/checks/EqualsOnAtomicClassCheck.java", "Import Modified": [], "Import Added": ["org.sonar.java.checks.helpers.TypePredicates"], "Import Deleted": ["org.sonar.java.checks.methods.TypeCriteria"], "Class Modified": [{"Class": "", "Function Modified": [], "Function Added": [], "Function Deleted": [], "Modifier Modified": "No", "Field Declaration Modified": 0, "Field Declaration Added": 0, "Field Declaration Deleted": 0}, {"Class": "EqualsOnAtomicClassCheck", "Function Modified": [{"Function": "equalsInvocationMatcher", "Block Modified": "No", "Block Added/Deleted": "No", "Param Modified": 0, "Param Added/Deleted": 0, "Return Type Modified": "No", "Modifier Modified": "No"}], "Function Added": [], "Function Deleted": [], "Modifier Modified": "No", "Field Declaration Modified": 0, "Field Declaration Added": 0, "Field Declaration Deleted": 0}], "Class Added": [], "Class Deleted": []}, {"File": "/home/ubuntu/Projects/Code/Classfier/sonar-java_b50a345/java-checks/src/main/java/org/sonar/java/checks/IgnoredReturnValueCheck.java", "Import Modified": ["replace org.sonar.java.checks.helpers.SyntaxNodePredicates by org.sonar.java.checks.helpers.TypePredicates"], "Import Added": [], "Import Deleted": [], "Class Modified": [{"Class": "IgnoredReturnValueCheck", "Function Modified": [{"Function": "isCheckedType", "Block Modified": "No", "Block Added/Deleted": "No", "Param Modified": 0, "Param Added/Deleted": 0, "Return Type Modified": "No", "Modifier Modified": "No"}], "Function Added": [], "Function Deleted": [], "Modifier Modified": "No", "Field Declaration Modified": 0, "Field Declaration Added": 0, "Field Declaration Deleted": 0}], "Class Added": [], "Class Deleted": []}, {"File": "/home/ubuntu/Projects/Code/Classfier/sonar-java_b50a345/java-checks/src/main/java/org/sonar/java/checks/IgnoredStreamReturnValueCheck.java", "Import Modified": [], "Import Added": ["org.sonar.java.checks.helpers.TypePredicates"], "Import Deleted": ["org.sonar.java.checks.methods.TypeCriteria"], "Class Modified": [{"Class": "", "Function Modified": [], "Function Added": [], "Function Deleted": [], "Modifier Modified": "No", "Field Declaration Modified": 0, "Field Declaration Added": 0, "Field Declaration Deleted": 0}, {"Class": "IgnoredStreamReturnValueCheck", "Function Modified": [{"Function": "inputStreamInvocationMatcher", "Block Modified": "No", "Block Added/Deleted": "No", "Param Modified": 0, "Param Added/Deleted": 0, "Return Type Modified": "No", "Modifier Modified": "No"}], "Function Added": [], "Function Deleted": [], "Modifier Modified": "No", "Field Declaration Modified": 0, "Field Declaration Added": 0, "Field Declaration Deleted": 0}], "Class Added": [], "Class Deleted": []}, {"File": "/home/ubuntu/Projects/Code/Classfier/sonar-java_b50a345/java-checks/src/main/java/org/sonar/java/checks/ImmediateReverseBoxingCheck.java", "Import Modified": [], "Import Added": ["org.sonar.java.checks.helpers.TypePredicates"], "Import Deleted": ["org.sonar.java.checks.methods.TypeCriteria"], "Class Modified": [{"Class": "", "Function Modified": [], "Function Added": [], "Function Deleted": [], "Modifier Modified": "No", "Field Declaration Modified": 0, "Field Declaration Added": 0, "Field Declaration Deleted": 0}, {"Class": "ImmediateReverseBoxingCheck", "Function Modified": [{"Function": "unboxingInvocationMatchers", "Block Modified": "No", "Block Added/Deleted": "No", "Param Modified": 0, "Param Added/Deleted": 0, "Return Type Modified": "No", "Modifier Modified": "No"}], "Function Added": [], "Function Deleted": [], "Modifier Modified": "No", "Field Declaration Modified": 0, "Field Declaration Added": 0, "Field Declaration Deleted": 0}], "Class Added": [], "Class Deleted": []}, {"File": "/home/ubuntu/Projects/Code/Classfier/sonar-java_b50a345/java-checks/src/main/java/org/sonar/java/checks/IndexOfWithPositiveNumberCheck.java", "Import Modified": [], "Import Added": ["org.sonar.java.checks.helpers.TypePredicates"], "Import Deleted": ["org.sonar.java.checks.methods.TypeCriteria"], "Class Modified": [{"Class": "", "Function Modified": [], "Function Added": [], "Function Deleted": [], "Modifier Modified": "No", "Field Declaration Modified": 0, "Field Declaration Added": 0, "Field Declaration Deleted": 0}, {"Class": "IndexOfWithPositiveNumberCheck", "Function Modified": [], "Function Added": [], "Function Deleted": [], "Modifier Modified": "No", "Field Declaration Modified": 2, "Field Declaration Added": 0, "Field Declaration Deleted": 0}], "Class Added": [], "Class Deleted": []}, {"File": "/home/ubuntu/Projects/Code/Classfier/sonar-java_b50a345/java-checks/src/main/java/org/sonar/java/checks/IteratorNextExceptionCheck.java", "Import Modified": ["replace org.sonar.java.checks.helpers.SyntaxNodePredicates by org.sonar.java.checks.helpers.TypePredicates"], "Import Added": [], "Import Deleted": ["org.sonar.java.checks.methods.TypeCriteria"], "Class Modified": [{"Class": "IteratorNextExceptionCheck", "Function Modified": [], "Function Added": [], "Function Deleted": [], "Modifier Modified": "No", "Field Declaration Modified": 2, "Field Declaration Added": 0, "Field Declaration Deleted": 0}], "Class Added": [], "Class Deleted": []}, {"File": "/home/ubuntu/Projects/Code/Classfier/sonar-java_b50a345/java-checks/src/main/java/org/sonar/java/checks/KeySetInsteadOfEntrySetCheck.java", "Import Modified": [], "Import Added": ["org.sonar.java.checks.helpers.TypePredicates"], "Import Deleted": ["org.sonar.java.checks.methods.TypeCriteria"], "Class Modified": [{"Class": "", "Function Modified": [], "Function Added": [], "Function Deleted": [], "Modifier Modified": "No", "Field Declaration Modified": 0, "Field Declaration Added": 0, "Field Declaration Deleted": 0}, {"Class": "KeySetInsteadOfEntrySetCheck", "Function Modified": [], "Function Added": [], "Function Deleted": [], "Modifier Modified": "No", "Field Declaration Modified": 4, "Field Declaration Added": 0, "Field Declaration Deleted": 0}], "Class Added": [], "Class Deleted": []}, {"File": "/home/ubuntu/Projects/Code/Classfier/sonar-java_b50a345/java-checks/src/main/java/org/sonar/java/checks/LDAPInjectionCheck.java", "Import Modified": [], "Import Added": ["org.sonar.java.checks.helpers.TypePredicates"], "Import Deleted": ["org.sonar.java.checks.methods.TypeCriteria"], "Class Modified": [{"Class": "", "Function Modified": [], "Function Added": [], "Function Deleted": [], "Modifier Modified": "No", "Field Declaration Modified": 0, "Field Declaration Added": 0, "Field Declaration Deleted": 0}, {"Class": "LDAPInjectionCheck", "Function Modified": [], "Function Added": [], "Function Deleted": [], "Modifier Modified": "No", "Field Declaration Modified": 2, "Field Declaration Added": 0, "Field Declaration Deleted": 0}], "Class Added": [], "Class Deleted": []}, {"File": "/home/ubuntu/Projects/Code/Classfier/sonar-java_b50a345/java-checks/src/main/java/org/sonar/java/checks/MutableMembersUsageCheck.java", "Import Modified": ["replace org.sonar.java.checks.helpers.SyntaxNodePredicates by org.sonar.java.checks.helpers.TypePredicates"], "Import Added": [], "Import Deleted": [], "Class Modified": [{"Class": "MutableMembersUsageCheck", "Function Modified": [{"Function": "isNotImmutable", "Block Modified": "No", "Block Added/Deleted": "No", "Param Modified": 0, "Param Added/Deleted": 0, "Return Type Modified": "No", "Modifier Modified": "No"}], "Function Added": [], "Function Deleted": [], "Modifier Modified": "No", "Field Declaration Modified": 0, "Field Declaration Added": 0, "Field Declaration Deleted": 0}], "Class Added": [], "Class Deleted": []}, {"File": "/home/ubuntu/Projects/Code/Classfier/sonar-java_b50a345/java-checks/src/main/java/org/sonar/java/checks/ObjectCreatedOnlyToCallGetClassCheck.java", "Import Modified": [], "Import Added": ["org.sonar.java.checks.helpers.TypePredicates"], "Import Deleted": ["org.sonar.java.checks.methods.TypeCriteria"], "Class Modified": [{"Class": "", "Function Modified": [], "Function Added": [], "Function Deleted": [], "Modifier Modified": "No", "Field Declaration Modified": 0, "Field Declaration Added": 0, "Field Declaration Deleted": 0}, {"Class": "ObjectCreatedOnlyToCallGetClassCheck", "Function Modified": [{"Function": "getMethodInvocationMatchers", "Block Modified": "No", "Block Added/Deleted": "No", "Param Modified": 0, "Param Added/Deleted": 0, "Return Type Modified": "No", "Modifier Modified": "No"}], "Function Added": [], "Function Deleted": [], "Modifier Modified": "No", "Field Declaration Modified": 0, "Field Declaration Added": 0, "Field Declaration Deleted": 0}], "Class Added": [], "Class Deleted": []}, {"File": "/home/ubuntu/Projects/Code/Classfier/sonar-java_b50a345/java-checks/src/main/java/org/sonar/java/checks/PreparedStatementAndResultSetCheck.java", "Import Modified": [], "Import Added": ["org.sonar.java.checks.helpers.NamePredicates", "org.sonar.java.checks.helpers.TypePredicates"], "Import Deleted": ["org.sonar.java.checks.methods.NameCriteria", "org.sonar.java.checks.methods.TypeCriteria"], "Class Modified": [{"Class": "", "Function Modified": [], "Function Added": [], "Function Deleted": [], "Modifier Modified": "No", "Field Declaration Modified": 0, "Field Declaration Added": 0, "Field Declaration Deleted": 0}, {"Class": "PreparedStatementAndResultSetCheck", "Function Modified": [{"Function": "getMethodInvocationMatchers", "Block Modified": "No", "Block Added/Deleted": "No", "Param Modified": 0, "Param Added/Deleted": 0, "Return Type Modified": "No", "Modifier Modified": "No"}], "Function Added": [], "Function Deleted": [], "Modifier Modified": "No", "Field Declaration Modified": 0, "Field Declaration Added": 0, "Field Declaration Deleted": 0}], "Class Added": [], "Class Deleted": []}, {"File": "/home/ubuntu/Projects/Code/Classfier/sonar-java_b50a345/java-checks/src/main/java/org/sonar/java/checks/PrimitiveTypeBoxingWithToStringCheck.java", "Import Modified": [], "Import Added": ["org.sonar.java.checks.helpers.TypePredicates"], "Import Deleted": ["org.sonar.java.checks.methods.TypeCriteria"], "Class Modified": [{"Class": "", "Function Modified": [], "Function Added": [], "Function Deleted": [], "Modifier Modified": "No", "Field Declaration Modified": 0, "Field Declaration Added": 0, "Field Declaration Deleted": 0}, {"Class": "PrimitiveTypeBoxingWithToStringCheck", "Function Modified": [{"Function": "getToStringMatchers", "Block Modified": "No", "Block Added/Deleted": "No", "Param Modified": 0, "Param Added/Deleted": 0, "Return Type Modified": "No", "Modifier Modified": "No"}], "Function Added": [], "Function Deleted": [], "Modifier Modified": "No", "Field Declaration Modified": 0, "Field Declaration Added": 0, "Field Declaration Deleted": 0}], "Class Added": [], "Class Deleted": []}, {"File": "/home/ubuntu/Projects/Code/Classfier/sonar-java_b50a345/java-checks/src/main/java/org/sonar/java/checks/PublicStaticMutableMembersCheck.java", "Import Modified": ["replace org.sonar.java.checks.helpers.SyntaxNodePredicates by org.sonar.java.checks.helpers.NamePredicates"], "Import Added": ["org.sonar.java.checks.helpers.TypePredicates"], "Import Deleted": ["org.sonar.java.checks.methods.NameCriteria", "org.sonar.java.checks.methods.TypeCriteria"], "Class Modified": [{"Class": "", "Function Modified": [], "Function Added": [], "Function Deleted": [], "Modifier Modified": "No", "Field Declaration Modified": 0, "Field Declaration Added": 0, "Field Declaration Deleted": 0}, {"Class": "PublicStaticMutableMembersCheck", "Function Modified": [], "Function Added": [], "Function Deleted": [], "Modifier Modified": "No", "Field Declaration Modified": 14, "Field Declaration Added": 0, "Field Declaration Deleted": 0}], "Class Added": [], "Class Deleted": []}, {"File": "/home/ubuntu/Projects/Code/Classfier/sonar-java_b50a345/java-checks/src/main/java/org/sonar/java/checks/ReflectionOnNonRuntimeAnnotationCheck.java", "Import Modified": [], "Import Added": ["org.sonar.java.checks.helpers.TypePredicates"], "Import Deleted": ["org.sonar.java.checks.methods.TypeCriteria"], "Class Modified": [{"Class": "", "Function Modified": [], "Function Added": [], "Function Deleted": [], "Modifier Modified": "No", "Field Declaration Modified": 0, "Field Declaration Added": 0, "Field Declaration Deleted": 0}, {"Class": "ReflectionOnNonRuntimeAnnotationCheck", "Function Modified": [{"Function": "getMethodInvocationMatchers", "Block Modified": "No", "Block Added/Deleted": "No", "Param Modified": 0, "Param Added/Deleted": 0, "Return Type Modified": "No", "Modifier Modified": "No"}], "Function Added": [], "Function Deleted": [], "Modifier Modified": "No", "Field Declaration Modified": 0, "Field Declaration Added": 0, "Field Declaration Deleted": 0}], "Class Added": [], "Class Deleted": []}, {"File": "/home/ubuntu/Projects/Code/Classfier/sonar-java_b50a345/java-checks/src/main/java/org/sonar/java/checks/ScheduledThreadPoolExecutorZeroCheck.java", "Import Modified": [], "Import Added": ["org.sonar.java.checks.helpers.TypePredicates"], "Import Deleted": ["org.sonar.java.checks.methods.TypeCriteria"], "Class Modified": [{"Class": "", "Function Modified": [], "Function Added": [], "Function Deleted": [], "Modifier Modified": "No", "Field Declaration Modified": 0, "Field Declaration Added": 0, "Field Declaration Deleted": 0}, {"Class": "ScheduledThreadPoolExecutorZeroCheck", "Function Modified": [{"Function": "getMethodInvocationMatchers", "Block Modified": "No", "Block Added/Deleted": "No", "Param Modified": 0, "Param Added/Deleted": 0, "Return Type Modified": "No", "Modifier Modified": "No"}], "Function Added": [], "Function Deleted": [], "Modifier Modified": "No", "Field Declaration Modified": 0, "Field Declaration Added": 0, "Field Declaration Deleted": 0}], "Class Added": [], "Class Deleted": []}, {"File": "/home/ubuntu/Projects/Code/Classfier/sonar-java_b50a345/java-checks/src/main/java/org/sonar/java/checks/ServletMethodsExceptionsThrownCheck.java", "Import Modified": ["replace org.sonar.java.checks.methods.NameCriteria by org.sonar.java.checks.helpers.TypePredicates"], "Import Added": ["org.sonar.java.checks.helpers.NamePredicates"], "Import Deleted": ["org.sonar.java.checks.methods.TypeCriteria"], "Class Modified": [{"Class": "", "Function Modified": [], "Function Added": [], "Function Deleted": [], "Modifier Modified": "No", "Field Declaration Modified": 0, "Field Declaration Added": 0, "Field Declaration Deleted": 0}, {"Class": "ServletMethodsExceptionsThrownCheck", "Function Modified": [], "Function Added": [], "Function Deleted": [], "Modifier Modified": "No", "Field Declaration Modified": 3, "Field Declaration Added": 0, "Field Declaration Deleted": 0}], "Class Added": [], "Class Deleted": []}, {"File": "/home/ubuntu/Projects/Code/Classfier/sonar-java_b50a345/java-checks/src/main/java/org/sonar/java/checks/StaticMethodCheck.java", "Import Modified": [], "Import Added": ["org.sonar.java.checks.helpers.TypePredicates"], "Import Deleted": ["org.sonar.java.checks.methods.TypeCriteria"], "Class Modified": [{"Class": "", "Function Modified": [], "Function Added": [], "Function Deleted": [], "Modifier Modified": "No", "Field Declaration Modified": 0, "Field Declaration Added": 0, "Field Declaration Deleted": 0}, {"Class": "StaticMethodCheck", "Function Modified": [], "Function Added": [], "Function Deleted": [], "Modifier Modified": "No", "Field Declaration Modified": 10, "Field Declaration Added": 0, "Field Declaration Deleted": 0}], "Class Added": [], "Class Deleted": []}, {"File": "/home/ubuntu/Projects/Code/Classfier/sonar-java_b50a345/java-checks/src/main/java/org/sonar/java/checks/StaticMultithreadedUnsafeFieldsCheck.java", "Import Modified": ["replace org.sonar.java.checks.helpers.SyntaxNodePredicates by org.sonar.java.checks.helpers.TypePredicates"], "Import Added": [], "Import Deleted": [], "Class Modified": [{"Class": "StaticMultithreadedUnsafeFieldsCheck", "Function Modified": [{"Function": "isForbiddenType", "Block Modified": "No", "Block Added/Deleted": "No", "Param Modified": 0, "Param Added/Deleted": 0, "Return Type Modified": "No", "Modifier Modified": "No"}], "Function Added": [], "Function Deleted": [], "Modifier Modified": "No", "Field Declaration Modified": 0, "Field Declaration Added": 0, "Field Declaration Deleted": 0}], "Class Added": [], "Class Deleted": []}, {"File": "/home/ubuntu/Projects/Code/Classfier/sonar-java_b50a345/java-checks/src/main/java/org/sonar/java/checks/SynchronizationOnStringOrBoxedCheck.java", "Import Modified": ["replace org.sonar.java.checks.helpers.SyntaxNodePredicates by org.sonar.java.checks.helpers.TypePredicates"], "Import Added": [], "Import Deleted": [], "Class Modified": [{"Class": "SynchronizationOnStringOrBoxedCheck", "Function Modified": [{"Function": "isForbiddenType", "Block Modified": "No", "Block Added/Deleted": "No", "Param Modified": 0, "Param Added/Deleted": 0, "Return Type Modified": "No", "Modifier Modified": "No"}], "Function Added": [], "Function Deleted": [], "Modifier Modified": "No", "Field Declaration Modified": 0, "Field Declaration Added": 0, "Field Declaration Deleted": 0}], "Class Added": [], "Class Deleted": []}, {"File": "/home/ubuntu/Projects/Code/Classfier/sonar-java_b50a345/java-checks/src/main/java/org/sonar/java/checks/SynchronizedClassUsageCheck.java", "Import Modified": ["replace org.sonar.java.checks.helpers.SyntaxNodePredicates by org.sonar.java.checks.helpers.TypePredicates"], "Import Added": [], "Import Deleted": [], "Class Modified": [{"Class": "SynchronizedClassUsageCheck", "Function Modified": [{"Function": "isDeprecatedType", "Block Modified": "No", "Block Added/Deleted": "No", "Param Modified": 0, "Param Added/Deleted": 0, "Return Type Modified": "No", "Modifier Modified": "No"}], "Function Added": [], "Function Deleted": [], "Modifier Modified": "No", "Field Declaration Modified": 0, "Field Declaration Added": 0, "Field Declaration Deleted": 0}], "Class Added": [], "Class Deleted": []}, {"File": "/home/ubuntu/Projects/Code/Classfier/sonar-java_b50a345/java-checks/src/main/java/org/sonar/java/checks/ThreadRunCheck.java", "Import Modified": [], "Import Added": ["org.sonar.java.checks.helpers.TypePredicates"], "Import Deleted": ["org.sonar.java.checks.methods.TypeCriteria"], "Class Modified": [{"Class": "", "Function Modified": [], "Function Added": [], "Function Deleted": [], "Modifier Modified": "No", "Field Declaration Modified": 0, "Field Declaration Added": 0, "Field Declaration Deleted": 0}, {"Class": "ThreadRunCheck", "Function Modified": [{"Function": "getMethodInvocationMatchers", "Block Modified": "No", "Block Added/Deleted": "No", "Param Modified": 0, "Param Added/Deleted": 0, "Return Type Modified": "No", "Modifier Modified": "No"}], "Function Added": [], "Function Deleted": [], "Modifier Modified": "No", "Field Declaration Modified": 0, "Field Declaration Added": 0, "Field Declaration Deleted": 0}], "Class Added": [], "Class Deleted": []}, {"File": "/home/ubuntu/Projects/Code/Classfier/sonar-java_b50a345/java-checks/src/main/java/org/sonar/java/checks/ThreadWaitCallCheck.java", "Import Modified": ["replace org.sonar.java.checks.methods.TypeCriteria by org.sonar.plugins.java.api.semantic.Type"], "Import Added": ["com.google.common.base.Predicate", "org.sonar.java.checks.helpers.TypePredicates"], "Import Deleted": [], "Class Modified": [{"Class": "", "Function Modified": [], "Function Added": [], "Function Deleted": [], "Modifier Modified": "No", "Field Declaration Modified": 0, "Field Declaration Added": 0, "Field Declaration Deleted": 0}, {"Class": "ThreadWaitCallCheck", "Function Modified": [{"Function": "getMethodInvocationMatchers", "Block Modified": "No", "Block Added/Deleted": "No", "Param Modified": 0, "Param Added/Deleted": 0, "Return Type Modified": "No", "Modifier Modified": "No"}], "Function Added": [], "Function Deleted": [], "Modifier Modified": "No", "Field Declaration Modified": 0, "Field Declaration Added": 0, "Field Declaration Deleted": 0}], "Class Added": [], "Class Deleted": []}, {"File": "/home/ubuntu/Projects/Code/Classfier/sonar-java_c6c51ca538a2b04035eae2ee533bc55f7088304c/java-checks/src/main/java/org/sonar/java/checks/ThreadWaitCallCheck.java", "Import Modified": [], "Import Added": [], "Import Deleted": [], "Class Modified": [{"Class": "ThreadWaitCallCheck", "Function Modified": [{"Function": "getMethodInvocationMatchers", "Block Modified": "No", "Block Added/Deleted": "Yes", "Param Modified": 0, "Param Added/Deleted": 0, "Return Type Modified": "No", "Modifier Modified": "No"}], "Function Added": [], "Function Deleted": [], "Modifier Modified": "No", "Field Declaration Modified": 0, "Field Declaration Added": 0, "Field Declaration Deleted": 0}], "Class Added": [], "Class Deleted": []}, {"File": "/home/ubuntu/Projects/Code/Classfier/sonar-java_b50a345/java-checks/src/main/java/org/sonar/java/checks/UnusedReturnedDataCheck.java", "Import Modified": [], "Import Added": ["org.sonar.java.checks.helpers.TypePredicates"], "Import Deleted": ["org.sonar.java.checks.methods.TypeCriteria"], "Class Modified": [{"Class": "", "Function Modified": [], "Function Added": [], "Function Deleted": [], "Modifier Modified": "No", "Field Declaration Modified": 0, "Field Declaration Added": 0, "Field Declaration Deleted": 0}, {"Class": "UnusedReturnedDataCheck", "Function Modified": [], "Function Added": [], "Function Deleted": [], "Modifier Modified": "No", "Field Declaration Modified": 4, "Field Declaration Added": 0, "Field Declaration Deleted": 0}], "Class Added": [], "Class Deleted": []}, {"File": "/home/ubuntu/Projects/Code/Classfier/sonar-java_b50a345/java-checks/src/main/java/org/sonar/java/checks/WaitOnConditionCheck.java", "Import Modified": ["replace org.sonar.java.checks.methods.TypeCriteria by org.sonar.plugins.java.api.semantic.Type"], "Import Added": ["com.google.common.base.Predicate", "org.sonar.java.checks.helpers.TypePredicates"], "Import Deleted": [], "Class Modified": [{"Class": "", "Function Modified": [], "Function Added": [], "Function Deleted": [], "Modifier Modified": "No", "Field Declaration Modified": 0, "Field Declaration Added": 0, "Field Declaration Deleted": 0}, {"Class": "WaitOnConditionCheck", "Function Modified": [{"Function": "getMethodInvocationMatchers", "Block Modified": "No", "Block Added/Deleted": "No", "Param Modified": 0, "Param Added/Deleted": 0, "Return Type Modified": "No", "Modifier Modified": "No"}], "Function Added": [], "Function Deleted": [], "Modifier Modified": "No", "Field Declaration Modified": 0, "Field Declaration Added": 0, "Field Declaration Deleted": 0}], "Class Added": [], "Class Deleted": []}, {"File": "/home/ubuntu/Projects/Code/Classfier/sonar-java_c6c51ca538a2b04035eae2ee533bc55f7088304c/java-checks/src/main/java/org/sonar/java/checks/WaitOnConditionCheck.java", "Import Modified": [], "Import Added": [], "Import Deleted": [], "Class Modified": [{"Class": "WaitOnConditionCheck", "Function Modified": [{"Function": "getMethodInvocationMatchers", "Block Modified": "No", "Block Added/Deleted": "Yes", "Param Modified": 0, "Param Added/Deleted": 0, "Return Type Modified": "No", "Modifier Modified": "No"}], "Function Added": [], "Function Deleted": [], "Modifier Modified": "No", "Field Declaration Modified": 0, "Field Declaration Added": 0, "Field Declaration Deleted": 0}], "Class Added": [], "Class Deleted": []}, {"File": "/home/ubuntu/Projects/Code/Classfier/sonar-java_b50a345/java-checks/src/main/java/org/sonar/java/checks/helpers/SyntaxNodePredicates.java", "Import Modified": [], "Import Added": [], "Import Deleted": ["org.sonar.plugins.java.api.semantic.Type"], "Class Modified": [], "Class Added": [], "Class Deleted": [{"Class": "SyntaxNodePredicates", "Function Modified": [], "Function Added": [], "Function Deleted": [{"Function": "typeIs"}], "Modifier Modified": "No", "Field Declaration Modified": 0, "Field Declaration Added": 0, "Field Declaration Deleted": 0}, {"Class": "SyntaxNodePredicates", "Function Modified": [], "Function Added": [], "Function Deleted": [{"Function": "typeIsSubtypeOf"}], "Modifier Modified": "No", "Field Declaration Modified": 0, "Field Declaration Added": 0, "Field Declaration Deleted": 0}, {"Class": "SyntaxNodePredicates", "Function Modified": [], "Function Added": [], "Function Deleted": [{"Function": "isType"}], "Modifier Modified": "No", "Field Declaration Modified": 0, "Field Declaration Added": 0, "Field Declaration Deleted": 0}]}, {"File": "/home/ubuntu/Projects/Code/Classfier/sonar-java_b50a345/java-checks/src/main/java/org/sonar/java/checks/methods/MethodMatcher.java", "Import Modified": [], "Import Added": ["com.google.common.base.Predicate", "com.google.common.base.Predicates", "org.sonar.java.checks.helpers.TypePredicates"], "Import Deleted": [], "Class Modified": [{"Class": "", "Function Modified": [], "Function Added": [], "Function Deleted": [], "Modifier Modified": "No", "Field Declaration Modified": 0, "Field Declaration Added": 0, "Field Declaration Deleted": 0}, {"Class": "MethodMatcher", "Function Modified": [], "Function Added": [], "Function Deleted": [], "Modifier Modified": "No", "Field Declaration Modified": 4, "Field Declaration Added": 0, "Field Declaration Deleted": 0}], "Class Added": [], "Class Deleted": []}, {"File": "/home/ubuntu/Projects/Code/Classfier/sonar-java_c6c51ca538a2b04035eae2ee533bc55f7088304c/java-checks/src/main/java/org/sonar/java/checks/methods/MethodMatcher.java", "Import Modified": [], "Import Added": [], "Import Deleted": [], "Class Modified": [{"Class": "MethodMatcher", "Function Modified": [{"Function": "", "Block Modified": "No", "Block Added/Deleted": "No", "Param Modified": 0, "Param Added/Deleted": 0, "Return Type Modified": "No", "Modifier Modified": "No"}, {"Function": "", "Block Modified": "No", "Block Added/Deleted": "No", "Param Modified": 0, "Param Added/Deleted": 0, "Return Type Modified": "No", "Modifier Modified": "No"}, {"Function": "", "Block Modified": "No", "Block Added/Deleted": "No", "Param Modified": 0, "Param Added/Deleted": 0, "Return Type Modified": "No", "Modifier Modified": "No"}, {"Function": "name", "Block Modified": "No", "Block Added/Deleted": "No", "Param Modified": 0, "Param Added/Deleted": 0, "Return Type Modified": "No", "Modifier Modified": "No"}, {"Function": "typeDefinition", "Block Modified": "No", "Block Added/Deleted": "No", "Param Modified": 0, "Param Added/Deleted": 0, "Return Type Modified": "No", "Modifier Modified": "No"}, {"Function": "callSite", "Block Modified": "No", "Block Added/Deleted": "No", "Param Modified": 0, "Param Added/Deleted": 0, "Return Type Modified": "No", "Modifier Modified": "No"}, {"Function": "addParameter", "Block Modified": "No", "Block Added/Deleted": "No", "Param Modified": 0, "Param Added/Deleted": 0, "Return Type Modified": "No", "Modifier Modified": "No"}, {"Function": "parametersAcceptable", "Block Modified": "No", "Block Added/Deleted": "Yes", "Param Modified": 0, "Param Added/Deleted": 0, "Return Type Modified": "No", "Modifier Modified": "No"}], "Function Added": [], "Function Deleted": [], "Modifier Modified": "No", "Field Declaration Modified": 0, "Field Declaration Added": 1, "Field Declaration Deleted": 0}], "Class Added": [], "Class Deleted": []}, {"File": "/home/ubuntu/Projects/Code/Classfier/sonar-java_b50a345/java-checks/src/main/java/org/sonar/java/closeresource/CloseableVisitor.java", "Import Modified": [], "Import Added": ["org.sonar.java.checks.helpers.TypePredicates"], "Import Deleted": ["org.sonar.java.checks.methods.TypeCriteria"], "Class Modified": [{"Class": "", "Function Modified": [], "Function Added": [], "Function Deleted": [], "Modifier Modified": "No", "Field Declaration Modified": 0, "Field Declaration Added": 0, "Field Declaration Deleted": 0}, {"Class": "CloseableVisitor", "Function Modified": [], "Function Added": [], "Function Deleted": [], "Modifier Modified": "No", "Field Declaration Modified": 6, "Field Declaration Added": 0, "Field Declaration Deleted": 0}], "Class Added": [], "Class Deleted": []}, {"File": "/home/ubuntu/Projects/Code/Classfier/sonar-java_b50a345/java-checks/src/main/java/org/sonar/java/locks/LockedVisitor.java", "Import Modified": [], "Import Added": ["org.sonar.java.checks.helpers.TypePredicates"], "Import Deleted": ["org.sonar.java.checks.methods.TypeCriteria"], "Class Modified": [{"Class": "", "Function Modified": [], "Function Added": [], "Function Deleted": [], "Modifier Modified": "No", "Field Declaration Modified": 0, "Field Declaration Added": 0, "Field Declaration Deleted": 0}, {"Class": "LockedVisitor", "Function Modified": [], "Function Added": [], "Function Deleted": [], "Modifier Modified": "No", "Field Declaration Modified": 2, "Field Declaration Added": 0, "Field Declaration Deleted": 0}], "Class Added": [], "Class Deleted": []}], "Files Added": [{"File": "/home/ubuntu/Projects/Code/Classfier/sonar-java_c6c51ca538a2b04035eae2ee533bc55f7088304c/java-checks/src/main/java/org/sonar/java/checks/helpers/NamePredicates.java"}, {"File": "/home/ubuntu/Projects/Code/Classfier/sonar-java_c6c51ca538a2b04035eae2ee533bc55f7088304c/java-checks/src/main/java/org/sonar/java/checks/helpers/TypePredicates.java"}], "Files Deleted": [{"File": "/home/ubuntu/Projects/Code/Classfier/sonar-java_b50a345/java-checks/src/main/java/org/sonar/java/checks/methods/NameCriteria.java"}, {"File": "/home/ubuntu/Projects/Code/Classfier/sonar-java_b50a345/java-checks/src/main/java/org/sonar/java/checks/methods/TypeCriteria.java"}]}, "BUILD_FILES": {}}