{"TEST_FILES": {"Files Modified": [], "Files Added": [{"File": "/home/ubuntu/Projects/Code/Classfier/okhttp_689431310695ce4a2f563728967eb7a15ca614f2/mockwebserver/src/test/java/okhttp3/mockwebserver/RecordedRequestTest.java"}], "Files Deleted": []}, "SRC_FILES": {"Files Modified": [{"File": "/home/ubuntu/Projects/Code/Classfier/okhttp_a146e50/mockwebserver/src/main/java/okhttp3/mockwebserver/RecordedRequest.java", "Import Modified": [], "Import Added": ["java.net.Inet6Address", "java.net.InetAddress"], "Import Deleted": [], "Class Modified": [{"Class": "", "Function Modified": [], "Function Added": [], "Function Deleted": [], "Modifier Modified": "No", "Field Declaration Modified": 0, "Field Declaration Added": 0, "Field Declaration Deleted": 0}, {"Class": "RecordedRequest", "Function Modified": [{"Function": "RecordedRequest", "Block Modified": "No", "Block Added/Deleted": "Yes", "Param Modified": 0, "Param Added/Deleted": 0, "Return Type Modified": "No", "Modifier Modified": "No"}], "Function Added": [], "Function Deleted": [], "Modifier Modified": "No", "Field Declaration Modified": 0, "Field Declaration Added": 0, "Field Declaration Deleted": 0}], "Class Added": [], "Class Deleted": []}, {"File": "/home/ubuntu/Projects/Code/Classfier/okhttp_689431310695ce4a2f563728967eb7a15ca614f2/mockwebserver/src/main/java/okhttp3/mockwebserver/RecordedRequest.java", "Import Modified": [], "Import Added": [], "Import Deleted": [], "Class Modified": [{"Class": "RecordedRequest", "Function Modified": [{"Function": "RecordedRequest", "Block Modified": "No", "Block Added/Deleted": "Yes", "Param Modified": 0, "Param Added/Deleted": 0, "Return Type Modified": "No", "Modifier Modified": "No"}], "Function Added": [], "Function Deleted": [], "Modifier Modified": "No", "Field Declaration Modified": 0, "Field Declaration Added": 0, "Field Declaration Deleted": 0}], "Class Added": [], "Class Deleted": []}], "Files Added": [], "Files Deleted": []}, "BUILD_FILES": {}}