{"TEST_FILES": {"Files Modified": [{"File": "/home/ubuntu/Projects/Code/Classfier/java-manta_2c528804c06de22673e9afdf5e4505ee195f09ab/java-manta-it/src/test/java/com/joyent/manta/client/MantaClientJobIT.java", "Import Modified": [], "Import Added": ["org.testng.util.RetryAnalyzerCount"], "Import Deleted": [], "Class Modified": [{"Class": "", "Function Modified": [], "Function Added": [], "Function Deleted": [], "Modifier Modified": "No", "Field Declaration Modified": 0, "Field Declaration Added": 0, "Field Declaration Deleted": 0}, {"Class": "MantaClientJobIT", "Function Modified": [], "Function Added": [], "Function Deleted": [], "Modifier Modified": "No", "Field Declaration Modified": 0, "Field Declaration Added": 0, "Field Declaration Deleted": 0}], "Class Added": [], "Class Deleted": []}, {"File": "/home/ubuntu/Projects/Code/Classfier/java-manta_2c528804c06de22673e9afdf5e4505ee195f09ab/java-manta-it/src/test/java/com/joyent/test/util/MantaFunction.java", "Import Modified": [], "Import Added": [], "Import Deleted": [], "Class Modified": [{"Class": "MantaFunction", "Function Modified": [], "Function Added": [], "Function Deleted": [], "Modifier Modified": "No", "Field Declaration Modified": 0, "Field Declaration Added": 0, "Field Declaration Deleted": 0}], "Class Added": [], "Class Deleted": []}], "Files Added": [], "Files Deleted": []}, "SRC_FILES": {"Files Modified": [{"File": "/home/ubuntu/Projects/Code/Classfier/java-manta_2c528804c06de22673e9afdf5e4505ee195f09ab/java-manta-client/src/main/java/com/joyent/manta/client/HttpHelper.java", "Import Modified": [], "Import Added": ["java.io.UncheckedIOException", "java.util.function.Function"], "Import Deleted": [], "Class Modified": [{"Class": "", "Function Modified": [], "Function Added": [], "Function Deleted": [], "Modifier Modified": "No", "Field Declaration Modified": 0, "Field Declaration Added": 0, "Field Declaration Deleted": 0}, {"Class": "HttpHelper", "Function Modified": [], "Function Added": [{"Function": "HttpRequest", "Block Modified": "No", "Block Added/Deleted": "No", "Param Modified": 0, "Param Added/Deleted": 0, "Return Type Modified": "No", "Modifier Modified": "No"}], "Function Deleted": [], "Modifier Modified": "No", "Field Declaration Modified": 0, "Field Declaration Added": 0, "Field Declaration Deleted": 0}], "Class Added": [], "Class Deleted": []}, {"File": "/home/ubuntu/Projects/Code/Classfier/java-manta_2c528804c06de22673e9afdf5e4505ee195f09ab/java-manta-client/src/main/java/com/joyent/manta/client/MantaClient.java", "Import Modified": [], "Import Added": ["com.joyent.manta.config.DefaultsConfigContext", "org.apache.http.NoHttpResponseException", "java.util.function.Function"], "Import Deleted": [], "Class Modified": [{"Class": "", "Function Modified": [], "Function Added": [], "Function Deleted": [], "Modifier Modified": "No", "Field Declaration Modified": 0, "Field Declaration Added": 0, "Field Declaration Deleted": 0}, {"Class": "MantaClient", "Function Modified": [{"Function": "createJob", "Block Modified": "No", "Block Added/Deleted": "Yes", "Param Modified": 0, "Param Added/Deleted": 0, "Return Type Modified": "No", "Modifier Modified": "No"}], "Function Added": [], "Function Deleted": [], "Modifier Modified": "No", "Field Declaration Modified": 0, "Field Declaration Added": 0, "Field Declaration Deleted": 0}], "Class Added": [], "Class Deleted": []}, {"File": "/home/ubuntu/Projects/Code/Classfier/java-manta_e491ee269e38cd40a64cd30ee352c638e07a6c97/java-manta-client/src/main/java/com/joyent/manta/client/MantaClient.java", "Import Modified": [], "Import Added": [], "Import Deleted": [], "Class Modified": [{"Class": "MantaClient", "Function Modified": [{"Function": "createJob", "Block Modified": "No", "Block Added/Deleted": "Yes", "Param Modified": 0, "Param Added/Deleted": 0, "Return Type Modified": "No", "Modifier Modified": "No"}], "Function Added": [], "Function Deleted": [], "Modifier Modified": "No", "Field Declaration Modified": 0, "Field Declaration Added": 0, "Field Declaration Deleted": 0}], "Class Added": [], "Class Deleted": []}], "Files Added": [], "Files Deleted": []}, "BUILD_FILES": {}}