{"TEST_FILES": {"Files Modified": [], "Files Added": [], "Files Deleted": []}, "SRC_FILES": {"Files Modified": [{"File": "/home/ubuntu/Projects/Code/Classfier/ontop_89ff5135ad1ba2a2fa81a04151a9a877e743cf71/obdalib-core/src/main/java/it/unibz/krdb/sql/DBMetadata.java", "Import Modified": [], "Import Added": [], "Import Deleted": [], "Class Modified": [{"Class": "DBMetadata", "Function Modified": [{"Function": "DBMetadata", "Block Modified": "No", "Block Added/Deleted": "Yes", "Param Modified": 0, "Param Added/Deleted": 0, "Return Type Modified": "No", "Modifier Modified": "No"}], "Function Added": [{"Function": "String", "Block Modified": "No", "Block Added/Deleted": "No", "Param Modified": 0, "Param Added/Deleted": 0, "Return Type Modified": "No", "Modifier Modified": "No"}], "Function Deleted": [], "Modifier Modified": "No", "Field Declaration Modified": 0, "Field Declaration Added": 1, "Field Declaration Deleted": 0}], "Class Added": [], "Class Deleted": []}, {"File": "/home/ubuntu/Projects/Code/Classfier/ontop_89ff5135ad1ba2a2fa81a04151a9a877e743cf71/reformulation-core/src/main/java/it/unibz/krdb/obda/owlrefplatform/core/Quest.java", "Import Modified": [], "Import Added": [], "Import Deleted": ["com.google.common.collect.Lists"], "Class Modified": [{"Class": "Quest", "Function Modified": [{"Function": "setupRepository", "Block Modified": "No", "Block Added/Deleted": "Yes", "Param Modified": 0, "Param Added/Deleted": 0, "Return Type Modified": "No", "Modifier Modified": "No"}], "Function Added": [], "Function Deleted": [], "Modifier Modified": "No", "Field Declaration Modified": 0, "Field Declaration Added": 0, "Field Declaration Deleted": 0}], "Class Added": [], "Class Deleted": []}, {"File": "/home/ubuntu/Projects/Code/Classfier/ontop_89ff5135ad1ba2a2fa81a04151a9a877e743cf71/reformulation-core/src/main/java/it/unibz/krdb/obda/owlrefplatform/core/queryevaluation/OracleSQLDialectAdapter.java", "Import Modified": [], "Import Added": [], "Import Deleted": [], "Class Modified": [{"Class": "OracleSQLDialectAdapter", "Function Modified": [], "Function Added": [{"Function": "OracleSQLDialectAdapter", "Block Modified": "No", "Block Added/Deleted": "No", "Param Modified": 0, "Param Added/Deleted": 0, "Return Type Modified": "No", "Modifier Modified": "No"}, {"Function": "OracleSQLDialectAdapter", "Block Modified": "No", "Block Added/Deleted": "No", "Param Modified": 0, "Param Added/Deleted": 0, "Return Type Modified": "No", "Modifier Modified": "No"}], "Function Deleted": [], "Modifier Modified": "No", "Field Declaration Modified": 0, "Field Declaration Added": 1, "Field Declaration Deleted": 0}], "Class Added": [], "Class Deleted": []}, {"File": "/home/ubuntu/Projects/Code/Classfier/ontop_9819112105c4485031225b90d94716f970cec2a6/reformulation-core/src/main/java/it/unibz/krdb/obda/owlrefplatform/core/queryevaluation/OracleSQLDialectAdapter.java", "Import Modified": [], "Import Added": [], "Import Deleted": [], "Class Modified": [{"Class": "OracleSQLDialectAdapter", "Function Modified": [{"Function": "sqlSlice", "Block Modified": "No", "Block Added/Deleted": "Yes", "Param Modified": 0, "Param Added/Deleted": 0, "Return Type Modified": "No", "Modifier Modified": "No"}], "Function Added": [], "Function Deleted": [], "Modifier Modified": "No", "Field Declaration Modified": 0, "Field Declaration Added": 0, "Field Declaration Deleted": 0}], "Class Added": [], "Class Deleted": []}, {"File": "/home/ubuntu/Projects/Code/Classfier/ontop_89ff5135ad1ba2a2fa81a04151a9a877e743cf71/reformulation-core/src/main/java/it/unibz/krdb/obda/owlrefplatform/core/queryevaluation/SQLAdapterFactory.java", "Import Modified": [], "Import Added": [], "Import Deleted": [], "Class Modified": [{"Class": "SQLAdapterFactory", "Function Modified": [{"Function": "getSQLDialectAdapter", "Block Modified": "No", "Block Added/Deleted": "No", "Param Modified": 0, "Param Added/Deleted": 0, "Return Type Modified": "No", "Modifier Modified": "No"}], "Function Added": [], "Function Deleted": [], "Modifier Modified": "No", "Field Declaration Modified": 0, "Field Declaration Added": 0, "Field Declaration Deleted": 0}], "Class Added": [], "Class Deleted": []}, {"File": "/home/ubuntu/Projects/Code/Classfier/ontop_89ff5135ad1ba2a2fa81a04151a9a877e743cf71/reformulation-core/src/main/java/it/unibz/krdb/obda/owlrefplatform/core/queryevaluation/SQLServerSQLDialectAdapter.java", "Import Modified": [], "Import Added": ["it.unibz.krdb.obda.model.OBDAQueryModifiers", "java.util.List"], "Import Deleted": [], "Class Modified": [{"Class": "", "Function Modified": [], "Function Added": [], "Function Deleted": [], "Modifier Modified": "No", "Field Declaration Modified": 0, "Field Declaration Added": 0, "Field Declaration Deleted": 0}, {"Class": "SQLServerSQLDialectAdapter", "Function Modified": [{"Function": "sqlSlice", "Block Modified": "No", "Block Added/Deleted": "Yes", "Param Modified": 0, "Param Added/Deleted": 0, "Return Type Modified": "No", "Modifier Modified": "No"}], "Function Added": [{"Function": "Override", "Block Modified": "No", "Block Added/Deleted": "No", "Param Modified": 0, "Param Added/Deleted": 0, "Return Type Modified": "No", "Modifier Modified": "No"}], "Function Deleted": [], "Modifier Modified": "No", "Field Declaration Modified": 0, "Field Declaration Added": 0, "Field Declaration Deleted": 0}], "Class Added": [], "Class Deleted": []}], "Files Added": [], "Files Deleted": []}, "BUILD_FILES": {}}