{"TEST_FILES": {"Files Modified": [{"File": "/home/ubuntu/Projects/Code/Classfier/sonar-php_c592a874de11571c24716d6573ede37f3819eb01/php-frontend/src/test/java/org/sonar/php/parser/statement/BlockTest.java", "Import Modified": [], "Import Added": [], "Import Deleted": [], "Class Modified": [{"Class": "BlockTest", "Function Modified": [{"Function": "test", "Block Modified": "No", "Block Added/Deleted": "Yes", "Param Modified": 0, "Param Added/Deleted": 0, "Return Type Modified": "No", "Modifier Modified": "No"}], "Function Added": [], "Function Deleted": [], "Modifier Modified": "No", "Field Declaration Modified": 0, "Field Declaration Added": 0, "Field Declaration Deleted": 0}], "Class Added": [], "Class Deleted": []}, {"File": "/home/ubuntu/Projects/Code/Classfier/sonar-php_67092b5/php-frontend/src/test/java/org/sonar/php/parser/statement/BlockTest.java", "Import Modified": ["replace org.sonar.php.parser.PHPGrammar by org.sonar.php.parser.PHPLexicalGrammar", "replace org.sonar.php.parser.RuleTest by org.sonar.php.utils.Assertions.assertThat"], "Import Added": [], "Import Deleted": ["org.junit.Before"], "Class Modified": [{"Class": "BlockTest", "Function Modified": [{"Function": "setUp", "Block Modified": "No", "Block Added/Deleted": "No", "Param Modified": 0, "Param Added/Deleted": 0, "Return Type Modified": "No", "Modifier Modified": "No"}], "Function Added": [], "Function Deleted": [], "Modifier Modified": "No", "Field Declaration Modified": 0, "Field Declaration Added": 0, "Field Declaration Deleted": 0}], "Class Added": [], "Class Deleted": []}], "Files Added": [{"File": "/home/ubuntu/Projects/Code/Classfier/sonar-php_c592a874de11571c24716d6573ede37f3819eb01/php-frontend/src/test/java/org/sonar/php/tree/impl/statement/BlockTreeTest.java"}], "Files Deleted": []}, "SRC_FILES": {"Files Modified": [{"File": "/home/ubuntu/Projects/Code/Classfier/sonar-php_67092b5/php-frontend/src/main/java/org/sonar/php/parser/NewPHPGrammar.java", "Import Modified": [], "Import Added": ["org.sonar.plugins.php.api.tree.statement.BlockTree", "org.sonar.plugins.php.api.tree.statement.TryStatementTree"], "Import Deleted": [], "Class Modified": [{"Class": "", "Function Modified": [], "Function Added": [], "Function Deleted": [], "Modifier Modified": "No", "Field Declaration Modified": 0, "Field Declaration Added": 0, "Field Declaration Deleted": 0}, {"Class": "NewPHPGrammar", "Function Modified": [{"Function": "STATEMENT", "Block Modified": "No", "Block Added/Deleted": "Yes", "Param Modified": 0, "Param Added/Deleted": 0, "Return Type Modified": "No", "Modifier Modified": "No"}], "Function Added": [{"Function": "BlockTree", "Block Modified": "No", "Block Added/Deleted": "No", "Param Modified": 0, "Param Added/Deleted": 0, "Return Type Modified": "No", "Modifier Modified": "No"}], "Function Deleted": [], "Modifier Modified": "No", "Field Declaration Modified": 0, "Field Declaration Added": 0, "Field Declaration Deleted": 0}], "Class Added": [], "Class Deleted": []}, {"File": "/home/ubuntu/Projects/Code/Classfier/sonar-php_67092b5/php-frontend/src/main/java/org/sonar/php/parser/TreeFactory.java", "Import Modified": [], "Import Added": ["org.sonar.php.tree.impl.statement.BlockTreeImpl", "org.sonar.plugins.php.api.tree.statement.BlockTree", "org.sonar.plugins.php.api.tree.statement.StatementTree"], "Import Deleted": [], "Class Modified": [{"Class": "", "Function Modified": [], "Function Added": [], "Function Deleted": [], "Modifier Modified": "No", "Field Declaration Modified": 0, "Field Declaration Added": 0, "Field Declaration Deleted": 0}, {"Class": "TreeFactory", "Function Modified": [{"Function": "optionalList", "Block Modified": "No", "Block Added/Deleted": "No", "Param Modified": 0, "Param Added/Deleted": 0, "Return Type Modified": "No", "Modifier Modified": "No"}], "Function Added": [], "Function Deleted": [], "Modifier Modified": "No", "Field Declaration Modified": 0, "Field Declaration Added": 0, "Field Declaration Deleted": 0}], "Class Added": [], "Class Deleted": []}, {"File": "/home/ubuntu/Projects/Code/Classfier/sonar-php_c592a874de11571c24716d6573ede37f3819eb01/php-frontend/src/main/java/org/sonar/php/parser/TreeFactory.java", "Import Modified": [], "Import Added": [], "Import Deleted": [], "Class Modified": [{"Class": "TreeFactory", "Function Modified": [{"Function": "block", "Block Modified": "No", "Block Added/Deleted": "No", "Param Modified": 0, "Param Added/Deleted": 0, "Return Type Modified": "No", "Modifier Modified": "No"}], "Function Added": [], "Function Deleted": [], "Modifier Modified": "No", "Field Declaration Modified": 0, "Field Declaration Added": 0, "Field Declaration Deleted": 0}], "Class Added": [], "Class Deleted": []}], "Files Added": [{"File": "/home/ubuntu/Projects/Code/Classfier/sonar-php_c592a874de11571c24716d6573ede37f3819eb01/php-frontend/src/main/java/org/sonar/php/tree/impl/statement/BlockTreeImpl.java"}], "Files Deleted": []}, "BUILD_FILES": {}}