{"TEST_FILES": {"Files Modified": [], "Files Added": [], "Files Deleted": []}, "SRC_FILES": {"Files Modified": [{"File": "/home/ubuntu/Projects/Code/Classfier/artemis-odb_cf4e951360aea4ecf3102e70b0404ffe4cd62f16/artemis/src/main/java/com/artemis/Aspect.java", "Import Modified": [], "Import Added": [], "Import Deleted": [], "Class Modified": [{"Class": "Aspect", "Function Modified": [{"Function": "getEmpty", "Block Modified": "No", "Block Added/Deleted": "No", "Param Modified": 0, "Param Added/Deleted": 0, "Return Type Modified": "No", "Modifier Modified": "No"}], "Function Added": [], "Function Deleted": [], "Modifier Modified": "No", "Field Declaration Modified": 0, "Field Declaration Added": 0, "Field Declaration Deleted": 0}], "Class Added": [], "Class Deleted": []}, {"File": "/home/ubuntu/Projects/Code/Classfier/artemis-odb_b9a8b1315e7a6b67c0d7a6910a7aa67792f2c619/artemis/src/main/java/com/artemis/Aspect.java", "Import Modified": [], "Import Added": [], "Import Deleted": [], "Class Modified": [{"Class": "Aspect", "Function Modified": [{"Function": "getEmpty", "Block Modified": "No", "Block Added/Deleted": "No", "Param Modified": 0, "Param Added/Deleted": 0, "Return Type Modified": "No", "Modifier Modified": "No"}], "Function Added": [], "Function Deleted": [], "Modifier Modified": "No", "Field Declaration Modified": 0, "Field Declaration Added": 0, "Field Declaration Deleted": 0}], "Class Added": [], "Class Deleted": []}, {"File": "/home/ubuntu/Projects/Code/Classfier/artemis-odb_b9a8b1315e7a6b67c0d7a6910a7aa67792f2c619/artemis/src/main/java/com/artemis/BaseSystem.java", "Import Modified": [], "Import Added": [], "Import Deleted": [], "Class Modified": [{"Class": "BaseSystem", "Function Modified": [], "Function Added": [{"Function": "Entity", "Block Modified": "No", "Block Added/Deleted": "No", "Param Modified": 0, "Param Added/Deleted": 0, "Return Type Modified": "No", "Modifier Modified": "No"}], "Function Deleted": [], "Modifier Modified": "No", "Field Declaration Modified": 0, "Field Declaration Added": 0, "Field Declaration Deleted": 0}], "Class Added": [], "Class Deleted": []}, {"File": "/home/ubuntu/Projects/Code/Classfier/artemis-odb_b9a8b1315e7a6b67c0d7a6910a7aa67792f2c619/artemis/src/main/java/com/artemis/EntitySystem.java", "Import Modified": [], "Import Added": [], "Import Deleted": [], "Class Modified": [{"Class": "EntitySystem", "Function Modified": [], "Function Added": [], "Function Deleted": [{"Function": "createFlyweightEntity"}], "Modifier Modified": "No", "Field Declaration Modified": 0, "Field Declaration Added": 0, "Field Declaration Deleted": 0}], "Class Added": [], "Class Deleted": []}], "Files Added": [], "Files Deleted": []}, "BUILD_FILES": {}}