{"TEST_FILES": {"Files Modified": [], "Files Added": [], "Files Deleted": []}, "SRC_FILES": {"Files Modified": [{"File": "/home/ubuntu/Projects/Code/Classfier/ontop_2658fe691e0e88dc9a16605795d335b2efb550d1/quest-test/src/main/java/it/unibz/krdb/obda/quest/sparql/OracleRegexpTestSpace.java", "Import Modified": ["replace it.unibz.krdb.obda.owlrefplatform.owlapi3.QuestOWL by it.unibz.krdb.obda.owlrefplatform.owlapi3"], "Import Added": [], "Import Deleted": ["it.unibz.krdb.obda.owlrefplatform.owlapi3.QuestOWLConnection", "it.unibz.krdb.obda.owlrefplatform.owlapi3.QuestOWLFactory", "it.unibz.krdb.obda.owlrefplatform.owlapi3.QuestOWLResultSet", "it.unibz.krdb.obda.owlrefplatform.owlapi3.QuestOWLStatement"], "Class Modified": [], "Class Added": [], "Class Deleted": []}, {"File": "/home/ubuntu/Projects/Code/Classfier/ontop_2658fe691e0e88dc9a16605795d335b2efb550d1/reformulation-core/src/main/java/it/unibz/krdb/obda/owlrefplatform/core/sql/SQLGenerator.java", "Import Modified": [], "Import Added": [], "Import Deleted": [], "Class Modified": [{"Class": "SQLGenerator", "Function Modified": [{"Function": "isStringColType", "Block Modified": "No", "Block Added/Deleted": "Yes", "Param Modified": 0, "Param Added/Deleted": 0, "Return Type Modified": "No", "Modifier Modified": "No"}], "Function Added": [], "Function Deleted": [], "Modifier Modified": "No", "Field Declaration Modified": 0, "Field Declaration Added": 0, "Field Declaration Deleted": 0}], "Class Added": [], "Class Deleted": []}], "Files Added": [], "Files Deleted": []}, "BUILD_FILES": {}}