{"TEST_FILES": {"Files Modified": [], "Files Added": [], "Files Deleted": []}, "SRC_FILES": {"Files Modified": [{"File": "/home/ubuntu/Projects/Code/Classfier/byte-buddy_5b88c715066b6737be8380bc8b402c7dc316c490/byte-buddy-dep/src/main/java/net/bytebuddy/dynamic/DynamicType.java", "Import Modified": [], "Import Added": [], "Import Deleted": [], "Class Modified": [{"Class": "DynamicType", "Function Modified": [{"Function": "interfaceType", "Block Modified": "No", "Block Added/Deleted": "No", "Param Modified": 0, "Param Added/Deleted": 0, "Return Type Modified": "No", "Modifier Modified": "No"}], "Function Added": [], "Function Deleted": [], "Modifier Modified": "No", "Field Declaration Modified": 0, "Field Declaration Added": 0, "Field Declaration Deleted": 0}], "Class Added": [], "Class Deleted": []}], "Files Added": [], "Files Deleted": []}, "BUILD_FILES": {}}