{"TEST_FILES": {"Files Modified": [{"File": "/home/ubuntu/Projects/Code/Classfier/pgjdbc_f3b0fd0/pgjdbc/src/test/java/org/postgresql/test/jdbc2/TimezoneTest.java", "Import Modified": [], "Import Added": [], "Import Deleted": [], "Class Modified": [{"Class": "TimezoneTest", "Function Modified": [{"Function": "testGetTimestamp", "Block Modified": "No", "Block Added/Deleted": "Yes", "Param Modified": 0, "Param Added/Deleted": 0, "Return Type Modified": "No", "Modifier Modified": "No"}], "Function Added": [], "Function Deleted": [], "Modifier Modified": "No", "Field Declaration Modified": 0, "Field Declaration Added": 0, "Field Declaration Deleted": 0}], "Class Added": [], "Class Deleted": []}], "Files Added": [], "Files Deleted": []}, "SRC_FILES": {"Files Modified": [{"File": "/home/ubuntu/Projects/Code/Classfier/pgjdbc_f3b0fd0/pgjdbc/src/main/java/org/postgresql/core/ProtocolConnection.java", "Import Modified": [], "Import Added": ["java.util.TimeZone"], "Import Deleted": [], "Class Modified": [{"Class": "", "Function Modified": [], "Function Added": [], "Function Deleted": [], "Modifier Modified": "No", "Field Declaration Modified": 0, "Field Declaration Added": 0, "Field Declaration Deleted": 0}, {"Class": "ProtocolConnection", "Function Modified": [], "Function Added": [{"Function": "TimeZone", "Block Modified": "No", "Block Added/Deleted": "No", "Param Modified": 0, "Param Added/Deleted": 0, "Return Type Modified": "No", "Modifier Modified": "No"}], "Function Deleted": [], "Modifier Modified": "No", "Field Declaration Modified": 0, "Field Declaration Added": 0, "Field Declaration Deleted": 0}], "Class Added": [], "Class Deleted": []}, {"File": "/home/ubuntu/Projects/Code/Classfier/pgjdbc_f3b0fd0/pgjdbc/src/main/java/org/postgresql/core/v2/ProtocolConnectionImpl.java", "Import Modified": [], "Import Added": ["java.util.TimeZone"], "Import Deleted": [], "Class Modified": [{"Class": "", "Function Modified": [], "Function Added": [], "Function Deleted": [], "Modifier Modified": "No", "Field Declaration Modified": 0, "Field Declaration Added": 0, "Field Declaration Deleted": 0}, {"Class": "ProtocolConnectionImpl", "Function Modified": [], "Function Added": [{"Function": "Override", "Block Modified": "No", "Block Added/Deleted": "No", "Param Modified": 0, "Param Added/Deleted": 0, "Return Type Modified": "No", "Modifier Modified": "No"}], "Function Deleted": [], "Modifier Modified": "No", "Field Declaration Modified": 0, "Field Declaration Added": 0, "Field Declaration Deleted": 0}], "Class Added": [], "Class Deleted": []}, {"File": "/home/ubuntu/Projects/Code/Classfier/pgjdbc_f3b0fd0/pgjdbc/src/main/java/org/postgresql/core/v3/ProtocolConnectionImpl.java", "Import Modified": [], "Import Added": ["java.util.TimeZone"], "Import Deleted": [], "Class Modified": [{"Class": "", "Function Modified": [], "Function Added": [], "Function Deleted": [], "Modifier Modified": "No", "Field Declaration Modified": 0, "Field Declaration Added": 0, "Field Declaration Deleted": 0}, {"Class": "ProtocolConnectionImpl", "Function Modified": [], "Function Added": [{"Function": "setTimeZone", "Block Modified": "No", "Block Added/Deleted": "No", "Param Modified": 0, "Param Added/Deleted": 0, "Return Type Modified": "No", "Modifier Modified": "No"}, {"Function": "Override", "Block Modified": "No", "Block Added/Deleted": "No", "Param Modified": 0, "Param Added/Deleted": 0, "Return Type Modified": "No", "Modifier Modified": "No"}], "Function Deleted": [], "Modifier Modified": "No", "Field Declaration Modified": 0, "Field Declaration Added": 1, "Field Declaration Deleted": 0}], "Class Added": [], "Class Deleted": []}, {"File": "/home/ubuntu/Projects/Code/Classfier/pgjdbc_f3b0fd0/pgjdbc/src/main/java/org/postgresql/core/v3/QueryExecutorImpl.java", "Import Modified": [], "Import Added": ["org.postgresql.jdbc.TimestampUtils"], "Import Deleted": [], "Class Modified": [{"Class": "", "Function Modified": [], "Function Added": [], "Function Deleted": [], "Modifier Modified": "No", "Field Declaration Modified": 0, "Field Declaration Added": 0, "Field Declaration Deleted": 0}, {"Class": "QueryExecutorImpl", "Function Modified": [{"Function": "processResults", "Block Modified": "No", "Block Added/Deleted": "Yes", "Param Modified": 0, "Param Added/Deleted": 0, "Return Type Modified": "No", "Modifier Modified": "No"}], "Function Added": [], "Function Deleted": [], "Modifier Modified": "No", "Field Declaration Modified": 0, "Field Declaration Added": 0, "Field Declaration Deleted": 0}], "Class Added": [], "Class Deleted": []}, {"File": "/home/ubuntu/Projects/Code/Classfier/pgjdbc_f3b0fd0/pgjdbc/src/main/java/org/postgresql/jdbc/PgConnection.java", "Import Modified": [], "Import Added": ["org.postgresql.core.Provider", "java.util.TimeZone"], "Import Deleted": [], "Class Modified": [{"Class": "", "Function Modified": [], "Function Added": [], "Function Deleted": [], "Modifier Modified": "No", "Field Declaration Modified": 0, "Field Declaration Added": 0, "Field Declaration Deleted": 0}, {"Class": "PgConnection", "Function Modified": [{"Function": "PgConnection", "Block Modified": "No", "Block Added/Deleted": "Yes", "Param Modified": 0, "Param Added/Deleted": 0, "Return Type Modified": "No", "Modifier Modified": "No"}], "Function Added": [], "Function Deleted": [], "Modifier Modified": "No", "Field Declaration Modified": 0, "Field Declaration Added": 0, "Field Declaration Deleted": 0}], "Class Added": [], "Class Deleted": []}, {"File": "/home/ubuntu/Projects/Code/Classfier/pgjdbc_f3b0fd0/pgjdbc/src/main/java/org/postgresql/jdbc/PgResultSet.java", "Import Modified": [], "Import Added": [], "Import Deleted": [], "Class Modified": [{"Class": "PgResultSet", "Function Modified": [{"Function": "getString", "Block Modified": "No", "Block Added/Deleted": "Yes", "Param Modified": 0, "Param Added/Deleted": 0, "Return Type Modified": "No", "Modifier Modified": "No"}], "Function Added": [], "Function Deleted": [], "Modifier Modified": "No", "Field Declaration Modified": 0, "Field Declaration Added": 0, "Field Declaration Deleted": 0}], "Class Added": [], "Class Deleted": []}, {"File": "/home/ubuntu/Projects/Code/Classfier/pgjdbc_7b6489342277cee7b418bb009bfcaa12c56f2ef6/pgjdbc/src/main/java/org/postgresql/jdbc/PgResultSet.java", "Import Modified": [], "Import Added": [], "Import Deleted": [], "Class Modified": [{"Class": "PgResultSet", "Function Modified": [{"Function": "getString", "Block Modified": "No", "Block Added/Deleted": "Yes", "Param Modified": 0, "Param Added/Deleted": 0, "Return Type Modified": "No", "Modifier Modified": "No"}], "Function Added": [], "Function Deleted": [], "Modifier Modified": "No", "Field Declaration Modified": 0, "Field Declaration Added": 0, "Field Declaration Deleted": 0}], "Class Added": [], "Class Deleted": []}, {"File": "/home/ubuntu/Projects/Code/Classfier/pgjdbc_f3b0fd0/pgjdbc/src/main/java/org/postgresql/jdbc/TimestampUtils.java", "Import Modified": [], "Import Added": ["org.postgresql.core.Provider", "java.util.HashMap"], "Import Deleted": [], "Class Modified": [{"Class": "", "Function Modified": [], "Function Added": [], "Function Deleted": [], "Modifier Modified": "No", "Field Declaration Modified": 0, "Field Declaration Added": 0, "Field Declaration Deleted": 0}, {"Class": "TimestampUtils", "Function Modified": [{"Function": "TimestampUtils", "Block Modified": "No", "Block Added/Deleted": "No", "Param Modified": 0, "Param Added/Deleted": 0, "Return Type Modified": "No", "Modifier Modified": "No"}, {"Function": "toString", "Block Modified": "No", "Block Added/Deleted": "No", "Param Modified": 0, "Param Added/Deleted": 0, "Return Type Modified": "No", "Modifier Modified": "No"}, {"Function": "appendTime", "Block Modified": "No", "Block Added/Deleted": "Yes", "Param Modified": 0, "Param Added/Deleted": 0, "Return Type Modified": "No", "Modifier Modified": "No"}, {"Function": "appendTimeZone", "Block Modified": "No", "Block Added/Deleted": "Yes", "Param Modified": 0, "Param Added/Deleted": 0, "Return Type Modified": "No", "Modifier Modified": "No"}, {"Function": "timeToString", "Block Modified": "No", "Block Added/Deleted": "No", "Param Modified": 0, "Param Added/Deleted": 0, "Return Type Modified": "No", "Modifier Modified": "No"}], "Function Added": [{"Function": "String", "Block Modified": "No", "Block Added/Deleted": "No", "Param Modified": 0, "Param Added/Deleted": 0, "Return Type Modified": "No", "Modifier Modified": "No"}, {"Function": "String", "Block Modified": "No", "Block Added/Deleted": "No", "Param Modified": 0, "Param Added/Deleted": 0, "Return Type Modified": "No", "Modifier Modified": "No"}, {"Function": "TimeZone", "Block Modified": "No", "Block Added/Deleted": "No", "Param Modified": 0, "Param Added/Deleted": 0, "Return Type Modified": "No", "Modifier Modified": "No"}], "Function Deleted": [], "Modifier Modified": "No", "Field Declaration Modified": 0, "Field Declaration Added": 2, "Field Declaration Deleted": 0}], "Class Added": [], "Class Deleted": []}, {"File": "/home/ubuntu/Projects/Code/Classfier/pgjdbc_7b6489342277cee7b418bb009bfcaa12c56f2ef6/pgjdbc/src/main/java/org/postgresql/jdbc/TimestampUtils.java", "Import Modified": [], "Import Added": [], "Import Deleted": [], "Class Modified": [{"Class": "TimestampUtils", "Function Modified": [{"Function": "", "Block Modified": "No", "Block Added/Deleted": "Yes", "Param Modified": 0, "Param Added/Deleted": 0, "Return Type Modified": "No", "Modifier Modified": "No"}, {"Function": "toString", "Block Modified": "No", "Block Added/Deleted": "No", "Param Modified": 0, "Param Added/Deleted": 0, "Return Type Modified": "No", "Modifier Modified": "No"}, {"Function": "timeToString", "Block Modified": "No", "Block Added/Deleted": "No", "Param Modified": 0, "Param Added/Deleted": 0, "Return Type Modified": "No", "Modifier Modified": "No"}, {"Function": "appendTimeZone", "Block Modified": "No", "Block Added/Deleted": "Yes", "Param Modified": 0, "Param Added/Deleted": 0, "Return Type Modified": "No", "Modifier Modified": "No"}], "Function Added": [], "Function Deleted": [], "Modifier Modified": "No", "Field Declaration Modified": 0, "Field Declaration Added": 0, "Field Declaration Deleted": 0}], "Class Added": [], "Class Deleted": []}], "Files Added": [{"File": "/home/ubuntu/Projects/Code/Classfier/pgjdbc_7b6489342277cee7b418bb009bfcaa12c56f2ef6/pgjdbc/src/main/java/org/postgresql/core/Provider.java"}], "Files Deleted": []}, "BUILD_FILES": {}}