{"TEST_FILES": {"Files Modified": [], "Files Added": [], "Files Deleted": []}, "SRC_FILES": {"Files Modified": [{"File": "/home/ubuntu/Projects/Code/Classfier/GCViewer_1b4830854179df95bf51a3c84ca5f8f31a460563/src/main/java/com/tagtraum/perf/gcviewer/imp/AbstractDataReaderSun.java", "Import Modified": [], "Import Added": ["java.io.IOException", "java.io.InputStream", "java.io.InputStreamReader", "java.io.LineNumberReader", "java.io.UnsupportedEncodingException"], "Import Deleted": ["java.io"], "Class Modified": [{"Class": "", "Function Modified": [], "Function Added": [], "Function Deleted": [], "Modifier Modified": "No", "Field Declaration Modified": 0, "Field Declaration Added": 0, "Field Declaration Deleted": 0}, {"Class": "AbstractDataReaderSun", "Function Modified": [], "Function Added": [], "Function Deleted": [], "Modifier Modified": "No", "Field Declaration Modified": 1, "Field Declaration Added": 0, "Field Declaration Deleted": 0}], "Class Added": [], "Class Deleted": []}, {"File": "/home/ubuntu/Projects/Code/Classfier/GCViewer_d86ff30d52e4ccb14bb7e53cb809e40ec001063f/src/main/java/com/tagtraum/perf/gcviewer/imp/AbstractDataReaderSun.java", "Import Modified": [], "Import Added": [], "Import Deleted": [], "Class Modified": [{"Class": "AbstractDataReaderSun", "Function Modified": [{"Function": "skipLines", "Block Modified": "No", "Block Added/Deleted": "Yes", "Param Modified": 0, "Param Added/Deleted": 0, "Return Type Modified": "No", "Modifier Modified": "No"}], "Function Added": [], "Function Deleted": [], "Modifier Modified": "No", "Field Declaration Modified": 0, "Field Declaration Added": 0, "Field Declaration Deleted": 0}], "Class Added": [], "Class Deleted": []}, {"File": "/home/ubuntu/Projects/Code/Classfier/GCViewer_1b4830854179df95bf51a3c84ca5f8f31a460563/src/main/java/com/tagtraum/perf/gcviewer/imp/DataReaderSun1_6_0.java", "Import Modified": [], "Import Added": ["java.io.LineNumberReader"], "Import Deleted": [], "Class Modified": [{"Class": "", "Function Modified": [], "Function Added": [], "Function Deleted": [], "Modifier Modified": "No", "Field Declaration Modified": 0, "Field Declaration Added": 0, "Field Declaration Deleted": 0}, {"Class": "DataReaderSun1_6_0", "Function Modified": [{"Function": "read", "Block Modified": "No", "Block Added/Deleted": "No", "Param Modified": 0, "Param Added/Deleted": 0, "Return Type Modified": "No", "Modifier Modified": "No"}], "Function Added": [], "Function Deleted": [], "Modifier Modified": "No", "Field Declaration Modified": 0, "Field Declaration Added": 0, "Field Declaration Deleted": 0}], "Class Added": [], "Class Deleted": []}, {"File": "/home/ubuntu/Projects/Code/Classfier/GCViewer_d86ff30d52e4ccb14bb7e53cb809e40ec001063f/src/main/java/com/tagtraum/perf/gcviewer/imp/DataReaderSun1_6_0.java", "Import Modified": [], "Import Added": [], "Import Deleted": [], "Class Modified": [{"Class": "DataReaderSun1_6_0", "Function Modified": [{"Function": "read", "Block Modified": "No", "Block Added/Deleted": "Yes", "Param Modified": 0, "Param Added/Deleted": 0, "Return Type Modified": "No", "Modifier Modified": "No"}], "Function Added": [], "Function Deleted": [], "Modifier Modified": "No", "Field Declaration Modified": 0, "Field Declaration Added": 0, "Field Declaration Deleted": 0}], "Class Added": [], "Class Deleted": []}, {"File": "/home/ubuntu/Projects/Code/Classfier/GCViewer_1b4830854179df95bf51a3c84ca5f8f31a460563/src/main/java/com/tagtraum/perf/gcviewer/imp/DataReaderSun1_6_0G1.java", "Import Modified": [], "Import Added": ["java.io.LineNumberReader"], "Import Deleted": [], "Class Modified": [{"Class": "", "Function Modified": [], "Function Added": [], "Function Deleted": [], "Modifier Modified": "No", "Field Declaration Modified": 0, "Field Declaration Added": 0, "Field Declaration Deleted": 0}, {"Class": "DataReaderSun1_6_0G1", "Function Modified": [], "Function Added": [], "Function Deleted": [], "Modifier Modified": "No", "Field Declaration Modified": 0, "Field Declaration Added": 0, "Field Declaration Deleted": 0}], "Class Added": [], "Class Deleted": []}, {"File": "/home/ubuntu/Projects/Code/Classfier/GCViewer_d86ff30d52e4ccb14bb7e53cb809e40ec001063f/src/main/java/com/tagtraum/perf/gcviewer/imp/DataReaderSun1_6_0G1.java", "Import Modified": [], "Import Added": [], "Import Deleted": [], "Class Modified": [{"Class": "DataReaderSun1_6_0G1", "Function Modified": [{"Function": "parseDetails", "Block Modified": "No", "Block Added/Deleted": "Yes", "Param Modified": 0, "Param Added/Deleted": 0, "Return Type Modified": "No", "Modifier Modified": "No"}, {"Function": "skipLinesRespectingConcurrentEvents", "Block Modified": "No", "Block Added/Deleted": "Yes", "Param Modified": 0, "Param Added/Deleted": 0, "Return Type Modified": "No", "Modifier Modified": "No"}, {"Function": "read", "Block Modified": "No", "Block Added/Deleted": "Yes", "Param Modified": 0, "Param Added/Deleted": 0, "Return Type Modified": "No", "Modifier Modified": "No"}], "Function Added": [], "Function Deleted": [], "Modifier Modified": "No", "Field Declaration Modified": 0, "Field Declaration Added": 0, "Field Declaration Deleted": 0}], "Class Added": [], "Class Deleted": []}], "Files Added": [], "Files Deleted": []}, "BUILD_FILES": {}}