{"TEST_FILES": {"Files Modified": [{"File": "/home/ubuntu/Projects/Code/Classfier/nanohttpd_284d64856c4ab6629228cfdb5437e54d0bd0bf7a/core/src/test/java/fi/iki/elonen/HttpChunkedResponseTest.java", "Import Modified": [], "Import Added": [], "Import Deleted": [], "Class Modified": [{"Class": "HttpChunkedResponseTest", "Function Modified": [{"Function": "read", "Block Modified": "No", "Block Added/Deleted": "No", "Param Modified": 0, "Param Added/Deleted": 0, "Return Type Modified": "No", "Modifier Modified": "No"}], "Function Added": [], "Function Deleted": [], "Modifier Modified": "No", "Field Declaration Modified": 0, "Field Declaration Added": 0, "Field Declaration Deleted": 0}], "Class Added": [], "Class Deleted": []}], "Files Added": [{"File": "/home/ubuntu/Projects/Code/Classfier/nanohttpd_9628584ddde247fda914fd50f2d60362e53cea9f/core/src/test/java/fi/iki/elonen/integration/GZipIntegrationTest.java"}], "Files Deleted": []}, "SRC_FILES": {"Files Modified": [{"File": "/home/ubuntu/Projects/Code/Classfier/nanohttpd_284d64856c4ab6629228cfdb5437e54d0bd0bf7a/core/src/main/java/fi/iki/elonen/NanoHTTPD.java", "Import Modified": [], "Import Added": ["java.io", "java.util.zip.GZIPOutputStream"], "Import Deleted": ["java.io.BufferedReader", "java.io.BufferedWriter", "java.io.ByteArrayInputStream", "java.io.Closeable", "java.io.File", "java.io.FileInputStream", "java.io.FileOutputStream", "java.io.IOException", "java.io.InputStream", "java.io.InputStreamReader", "java.io.OutputStream", "java.io.OutputStreamWriter", "java.io.PrintWriter", "java.io.PushbackInputStream", "java.io.RandomAccessFile", "java.io.UnsupportedEncodingException"], "Class Modified": [{"Class": "", "Function Modified": [], "Function Added": [], "Function Deleted": [], "Modifier Modified": "No", "Field Declaration Modified": 0, "Field Declaration Added": 0, "Field Declaration Deleted": 0}, {"Class": "NanoHTTPD", "Function Modified": [{"Function": "sendAsFixedLength", "Block Modified": "No", "Block Added/Deleted": "No", "Param Modified": 0, "Param Added/Deleted": 0, "Return Type Modified": "No", "Modifier Modified": "No"}, {"Function": "send", "Block Modified": "No", "Block Added/Deleted": "Yes", "Param Modified": 0, "Param Added/Deleted": 0, "Return Type Modified": "No", "Modifier Modified": "No"}, {"Function": "execute", "Block Modified": "No", "Block Added/Deleted": "Yes", "Param Modified": 0, "Param Added/Deleted": 0, "Return Type Modified": "No", "Modifier Modified": "No"}], "Function Added": [], "Function Deleted": [], "Modifier Modified": "No", "Field Declaration Modified": 0, "Field Declaration Added": 0, "Field Declaration Deleted": 0}], "Class Added": [], "Class Deleted": []}, {"File": "/home/ubuntu/Projects/Code/Classfier/nanohttpd_9628584ddde247fda914fd50f2d60362e53cea9f/core/src/main/java/fi/iki/elonen/NanoHTTPD.java", "Import Modified": [], "Import Added": [], "Import Deleted": [], "Class Modified": [{"Class": "NanoHTTPD", "Function Modified": [{"Function": "sendBodyWithCorrectTransferAndEncoding", "Block Modified": "No", "Block Added/Deleted": "No", "Param Modified": 0, "Param Added/Deleted": 0, "Return Type Modified": "No", "Modifier Modified": "No"}, {"Function": "write", "Block Modified": "No", "Block Added/Deleted": "No", "Param Modified": 0, "Param Added/Deleted": 0, "Return Type Modified": "No", "Modifier Modified": "No"}, {"Function": "sendBody", "Block Modified": "No", "Block Added/Deleted": "Yes", "Param Modified": 0, "Param Added/Deleted": 0, "Return Type Modified": "No", "Modifier Modified": "No"}, {"Function": "send", "Block Modified": "No", "Block Added/Deleted": "Yes", "Param Modified": 0, "Param Added/Deleted": 0, "Return Type Modified": "No", "Modifier Modified": "No"}], "Function Added": [], "Function Deleted": [], "Modifier Modified": "No", "Field Declaration Modified": 0, "Field Declaration Added": 0, "Field Declaration Deleted": 0}], "Class Added": [], "Class Deleted": []}], "Files Added": [], "Files Deleted": []}, "BUILD_FILES": {}}