{"TEST_FILES": {"Files Modified": [], "Files Added": [], "Files Deleted": []}, "SRC_FILES": {"Files Modified": [{"File": "/home/ubuntu/Projects/Code/Classfier/byte-buddy_db89ab3177b1f9c3e9bf6e4a0fd164fa6bec16b2/byte-buddy-dep/src/main/java/net/bytebuddy/description/method/ParameterDescription.java", "Import Modified": [], "Import Added": [], "Import Deleted": [], "Class Modified": [{"Class": "ParameterDescription", "Function Modified": [{"Function": "getParameter", "Block Modified": "No", "Block Added/Deleted": "No", "Param Modified": 0, "Param Added/Deleted": 0, "Return Type Modified": "No", "Modifier Modified": "No"}], "Function Added": [], "Function Deleted": [], "Modifier Modified": "No", "Field Declaration Modified": 0, "Field Declaration Added": 0, "Field Declaration Deleted": 0}], "Class Added": [], "Class Deleted": []}], "Files Added": [], "Files Deleted": []}, "BUILD_FILES": {}}