{"TEST_FILES": {"Files Modified": [{"File": "/home/ubuntu/Projects/Code/Classfier/byte-buddy_a43e5bdfa62024d5a82944c451e12c0872f7cac5/byte-buddy-dep/src/test/java/net/bytebuddy/implementation/FieldAccessorFieldNameExtractorForBeanPropertyTest.java", "Import Modified": [], "Import Added": [], "Import Deleted": [], "Class Modified": [{"Class": "FieldAccessorFieldNameExtractorForBeanPropertyTest", "Function Modified": [{"Function": "testEmptyGetter", "Block Modified": "No", "Block Added/Deleted": "No", "Param Modified": 0, "Param Added/Deleted": 0, "Return Type Modified": "No", "Modifier Modified": "No"}], "Function Added": [], "Function Deleted": [], "Modifier Modified": "No", "Field Declaration Modified": 0, "Field Declaration Added": 0, "Field Declaration Deleted": 0}], "Class Added": [], "Class Deleted": []}, {"File": "/home/ubuntu/Projects/Code/Classfier/byte-buddy_a43e5bdfa62024d5a82944c451e12c0872f7cac5/byte-buddy-dep/src/test/java/net/bytebuddy/implementation/FieldAccessorFieldNameExtractorForFixedValueTest.java", "Import Modified": [], "Import Added": [], "Import Deleted": [], "Class Modified": [{"Class": "FieldAccessorFieldNameExtractorForFixedValueTest", "Function Modified": [{"Function": "testGetterMethod", "Block Modified": "No", "Block Added/Deleted": "No", "Param Modified": 0, "Param Added/Deleted": 0, "Return Type Modified": "No", "Modifier Modified": "No"}], "Function Added": [], "Function Deleted": [], "Modifier Modified": "No", "Field Declaration Modified": 0, "Field Declaration Added": 0, "Field Declaration Deleted": 0}], "Class Added": [], "Class Deleted": []}], "Files Added": [], "Files Deleted": []}, "SRC_FILES": {"Files Modified": [{"File": "/home/ubuntu/Projects/Code/Classfier/byte-buddy_a270c755edd04dc6a32cc3d8f11a2738bd17fdee/byte-buddy-dep/src/main/java/net/bytebuddy/implementation/FieldAccessor.java", "Import Modified": [], "Import Added": [], "Import Deleted": [], "Class Modified": [{"Class": "FieldAccessor", "Function Modified": [], "Function Added": [], "Function Deleted": [], "Modifier Modified": "No", "Field Declaration Modified": 0, "Field Declaration Added": 0, "Field Declaration Deleted": 0}], "Class Added": [], "Class Deleted": []}, {"File": "/home/ubuntu/Projects/Code/Classfier/byte-buddy_a43e5bdfa62024d5a82944c451e12c0872f7cac5/byte-buddy-dep/src/main/java/net/bytebuddy/implementation/FieldAccessor.java", "Import Modified": [], "Import Added": [], "Import Deleted": [], "Class Modified": [{"Class": "FieldAccessor", "Function Modified": [{"Function": "fieldNameFor", "Block Modified": "No", "Block Added/Deleted": "No", "Param Modified": 0, "Param Added/Deleted": 0, "Return Type Modified": "No", "Modifier Modified": "No"}], "Function Added": [], "Function Deleted": [], "Modifier Modified": "No", "Field Declaration Modified": 0, "Field Declaration Added": 0, "Field Declaration Deleted": 0}], "Class Added": [], "Class Deleted": []}], "Files Added": [], "Files Deleted": []}, "BUILD_FILES": {}}