{"TEST_FILES": {"Files Modified": [{"File": "/home/ubuntu/Projects/Code/Classfier/byte-buddy_d7afbb2dc54210e906cd523fbcb29d90cf60f57f/byte-buddy-dep/src/test/java/net/bytebuddy/dynamic/loading/MultipleParentClassLoaderTest.java", "Import Modified": [], "Import Added": [], "Import Deleted": [], "Class Modified": [{"Class": "MultipleParentClassLoaderTest", "Function Modified": [], "Function Added": [], "Function Deleted": [{"Function": "testObjectProperties"}], "Modifier Modified": "No", "Field Declaration Modified": 0, "Field Declaration Added": 0, "Field Declaration Deleted": 0}], "Class Added": [], "Class Deleted": []}], "Files Added": [], "Files Deleted": []}, "SRC_FILES": {"Files Modified": [], "Files Added": [], "Files Deleted": []}, "BUILD_FILES": {}}