{"TEST_FILES": {"Files Modified": [], "Files Added": [{"File": "/home/ubuntu/Projects/Code/Classfier/java-manta_444c321c4b246239fbcd35f0f625061dd2ec9a48/java-manta-client/src/test/java/com/joyent/manta/client/MantaMultipartUploadManagerTest.java"}, {"File": "/home/ubuntu/Projects/Code/Classfier/java-manta_444c321c4b246239fbcd35f0f625061dd2ec9a48/java-manta-it/src/test/java/com/joyent/manta/client/MantaMultipartIT.java"}], "Files Deleted": []}, "SRC_FILES": {"Files Modified": [{"File": "/home/ubuntu/Projects/Code/Classfier/java-manta_b43e4d5/java-manta-client/src/main/java/com/joyent/manta/client/MantaJob.java", "Import Modified": [], "Import Added": [], "Import Deleted": [], "Class Modified": [{"Class": "MantaJob", "Function Modified": [{"Function": "getState", "Block Modified": "No", "Block Added/Deleted": "No", "Param Modified": 0, "Param Added/Deleted": 0, "Return Type Modified": "No", "Modifier Modified": "No"}], "Function Added": [], "Function Deleted": [], "Modifier Modified": "No", "Field Declaration Modified": 0, "Field Declaration Added": 0, "Field Declaration Deleted": 0}], "Class Added": [], "Class Deleted": []}], "Files Added": [{"File": "/home/ubuntu/Projects/Code/Classfier/java-manta_444c321c4b246239fbcd35f0f625061dd2ec9a48/java-manta-client/src/main/java/com/joyent/manta/client/MantaMultipartManager.java"}, {"File": "/home/ubuntu/Projects/Code/Classfier/java-manta_444c321c4b246239fbcd35f0f625061dd2ec9a48/java-manta-client/src/main/java/com/joyent/manta/client/MantaMultipartStatus.java"}, {"File": "/home/ubuntu/Projects/Code/Classfier/java-manta_444c321c4b246239fbcd35f0f625061dd2ec9a48/java-manta-client/src/main/java/com/joyent/manta/client/MantaMultipartUpload.java"}], "Files Deleted": []}, "BUILD_FILES": {}}