{"TEST_FILES": {"Files Modified": [], "Files Added": [], "Files Deleted": []}, "SRC_FILES": {"Files Modified": [{"File": "/home/ubuntu/Projects/Code/Classfier/checkstyle_4e08951/src/main/java/com/puppycrawl/tools/checkstyle/checks/indentation/CommentsIndentationCheck.java", "Import Modified": [], "Import Added": [], "Import Deleted": [], "Class Modified": [{"Class": "CommentsIndentationCheck", "Function Modified": [], "Function Added": [], "Function Deleted": [], "Modifier Modified": "No", "Field Declaration Modified": 0, "Field Declaration Added": 0, "Field Declaration Deleted": 0}], "Class Added": [], "Class Deleted": []}, {"File": "/home/ubuntu/Projects/Code/Classfier/checkstyle_4e08951/src/main/java/com/puppycrawl/tools/checkstyle/checks/javadoc/AtclauseOrderCheck.java", "Import Modified": [], "Import Added": [], "Import Deleted": [], "Class Modified": [{"Class": "AtclauseOrderCheck", "Function Modified": [], "Function Added": [], "Function Deleted": [], "Modifier Modified": "No", "Field Declaration Modified": 0, "Field Declaration Added": 0, "Field Declaration Deleted": 0}], "Class Added": [], "Class Deleted": []}], "Files Added": [], "Files Deleted": []}, "BUILD_FILES": {}}