{"TEST_FILES": {"Files Modified": [], "Files Added": [], "Files Deleted": []}, "SRC_FILES": {"Files Modified": [{"File": "/home/ubuntu/Projects/Code/Classfier/Singularity_1bd961e3d0f491d6696f84631fe53465f4fcda1f/SingularityService/src/main/java/com/hubspot/singularity/data/history/SingularityDeployHistoryPersister.java", "Import Modified": [], "Import Added": ["com.hubspot.singularity.mesos.SingularitySchedulerLock"], "Import Deleted": [], "Class Modified": [{"Class": "", "Function Modified": [], "Function Added": [], "Function Deleted": [], "Modifier Modified": "No", "Field Declaration Modified": 0, "Field Declaration Added": 0, "Field Declaration Deleted": 0}, {"Class": "SingularityDeployHistoryPersister", "Function Modified": [{"Function": "SingularityDeployHistoryPersister", "Block Modified": "No", "Block Added/Deleted": "No", "Param Modified": 0, "Param Added/Deleted": 0, "Return Type Modified": "No", "Modifier Modified": "No"}], "Function Added": [], "Function Deleted": [], "Modifier Modified": "No", "Field Declaration Modified": 0, "Field Declaration Added": 1, "Field Declaration Deleted": 0}], "Class Added": [], "Class Deleted": []}, {"File": "/home/ubuntu/Projects/Code/Classfier/Singularity_7f6a3a2fbc1cec17482d21f226000b744a19c54a/SingularityService/src/main/java/com/hubspot/singularity/data/history/SingularityDeployHistoryPersister.java", "Import Modified": [], "Import Added": [], "Import Deleted": [], "Class Modified": [{"Class": "SingularityDeployHistoryPersister", "Function Modified": [{"Function": "runActionOnPoll", "Block Modified": "No", "Block Added/Deleted": "Yes", "Param Modified": 0, "Param Added/Deleted": 0, "Return Type Modified": "No", "Modifier Modified": "No"}], "Function Added": [], "Function Deleted": [], "Modifier Modified": "No", "Field Declaration Modified": 0, "Field Declaration Added": 0, "Field Declaration Deleted": 0}], "Class Added": [], "Class Deleted": []}, {"File": "/home/ubuntu/Projects/Code/Classfier/Singularity_1bd961e3d0f491d6696f84631fe53465f4fcda1f/SingularityService/src/main/java/com/hubspot/singularity/data/history/SingularityRequestHistoryPersister.java", "Import Modified": [], "Import Added": ["java.util.concurrent.atomic.AtomicInteger", "com.hubspot.singularity.mesos.SingularitySchedulerLock"], "Import Deleted": [], "Class Modified": [{"Class": "", "Function Modified": [], "Function Added": [], "Function Deleted": [], "Modifier Modified": "No", "Field Declaration Modified": 0, "Field Declaration Added": 0, "Field Declaration Deleted": 0}, {"Class": "SingularityRequestHistoryPersister", "Function Modified": [{"Function": "SingularityRequestHistoryPersister", "Block Modified": "No", "Block Added/Deleted": "No", "Param Modified": 0, "Param Added/Deleted": 0, "Return Type Modified": "No", "Modifier Modified": "No"}, {"Function": "runActionOnPoll", "Block Modified": "No", "Block Added/Deleted": "Yes", "Param Modified": 0, "Param Added/Deleted": 0, "Return Type Modified": "No", "Modifier Modified": "No"}], "Function Added": [], "Function Deleted": [], "Modifier Modified": "No", "Field Declaration Modified": 0, "Field Declaration Added": 1, "Field Declaration Deleted": 0}], "Class Added": [], "Class Deleted": []}, {"File": "/home/ubuntu/Projects/Code/Classfier/Singularity_7f6a3a2fbc1cec17482d21f226000b744a19c54a/SingularityService/src/main/java/com/hubspot/singularity/data/history/SingularityRequestHistoryPersister.java", "Import Modified": [], "Import Added": [], "Import Deleted": [], "Class Modified": [{"Class": "SingularityRequestHistoryPersister", "Function Modified": [{"Function": "runActionOnPoll", "Block Modified": "No", "Block Added/Deleted": "Yes", "Param Modified": 0, "Param Added/Deleted": 0, "Return Type Modified": "No", "Modifier Modified": "No"}], "Function Added": [], "Function Deleted": [], "Modifier Modified": "No", "Field Declaration Modified": 0, "Field Declaration Added": 0, "Field Declaration Deleted": 0}], "Class Added": [], "Class Deleted": []}], "Files Added": [], "Files Deleted": []}, "BUILD_FILES": {}}