{"TEST_FILES": {"Files Modified": [], "Files Added": [{"File": "/home/ubuntu/Projects/Code/Classfier/okhttp_84980b7660079ef2d86fa89f81e276eef03f82d3/okhttp-logging-interceptor/src/test/java/okhttp3/logging/LoggingEventListenerTest.java"}], "Files Deleted": []}, "SRC_FILES": {"Files Modified": [{"File": "/home/ubuntu/Projects/Code/Classfier/okhttp_8f3cd9f/okcurl/src/main/java/okhttp3/curl/Main.java", "Import Modified": [], "Import Added": ["okhttp3.logging.LoggingEventListener"], "Import Deleted": [], "Class Modified": [{"Class": "", "Function Modified": [], "Function Added": [], "Function Deleted": [], "Modifier Modified": "No", "Field Declaration Modified": 0, "Field Declaration Added": 0, "Field Declaration Deleted": 0}, {"Class": "Main", "Function Modified": [{"Function": "createClient", "Block Modified": "No", "Block Added/Deleted": "Yes", "Param Modified": 0, "Param Added/Deleted": 0, "Return Type Modified": "No", "Modifier Modified": "No"}], "Function Added": [], "Function Deleted": [], "Modifier Modified": "No", "Field Declaration Modified": 0, "Field Declaration Added": 1, "Field Declaration Deleted": 0}], "Class Added": [], "Class Deleted": []}], "Files Added": [{"File": "/home/ubuntu/Projects/Code/Classfier/okhttp_84980b7660079ef2d86fa89f81e276eef03f82d3/okhttp-logging-interceptor/src/main/java/okhttp3/logging/LoggingEventListener.java"}], "Files Deleted": []}, "BUILD_FILES": {}}