{"TEST_FILES": {"Files Modified": [], "Files Added": [{"File": "/home/ubuntu/Projects/Code/Classfier/byte-buddy_aee526867bce9b674a409e8792843dc60846107c/byte-buddy-dep/src/test/java/net/bytebuddy/asm/AdviceInconsistentFrameTest.java"}], "Files Deleted": []}, "SRC_FILES": {"Files Modified": [{"File": "/home/ubuntu/Projects/Code/Classfier/byte-buddy_aee526867bce9b674a409e8792843dc60846107c/byte-buddy-dep/src/main/java/net/bytebuddy/asm/Advice.java", "Import Modified": [], "Import Added": [], "Import Deleted": [], "Class Modified": [{"Class": "Advice", "Function Modified": [{"Function": "translateFrame", "Block Modified": "No", "Block Added/Deleted": "Yes", "Param Modified": 0, "Param Added/Deleted": 0, "Return Type Modified": "No", "Modifier Modified": "No"}], "Function Added": [], "Function Deleted": [], "Modifier Modified": "No", "Field Declaration Modified": 0, "Field Declaration Added": 0, "Field Declaration Deleted": 0}], "Class Added": [], "Class Deleted": []}, {"File": "/home/ubuntu/Projects/Code/Classfier/byte-buddy_f9a51f22601c01d70da35c6303ad9430a38d3509/byte-buddy-dep/src/main/java/net/bytebuddy/asm/Advice.java", "Import Modified": [], "Import Added": [], "Import Deleted": [], "Class Modified": [{"Class": "Advice", "Function Modified": [{"Function": "translateFrame", "Block Modified": "No", "Block Added/Deleted": "No", "Param Modified": 0, "Param Added/Deleted": 0, "Return Type Modified": "No", "Modifier Modified": "No"}], "Function Added": [], "Function Deleted": [], "Modifier Modified": "No", "Field Declaration Modified": 0, "Field Declaration Added": 0, "Field Declaration Deleted": 0}], "Class Added": [], "Class Deleted": []}], "Files Added": [], "Files Deleted": []}, "BUILD_FILES": {}}