{"TEST_FILES": {"Files Modified": [{"File": "/home/ubuntu/Projects/Code/Classfier/commons-lang_6b9c3315885f8f9e4be19db9ef05257035b97bca/src/test/java/org/apache/commons/lang3/StringUtilsEmptyBlankTest.java", "Import Modified": [], "Import Added": [], "Import Deleted": [], "Class Modified": [{"Class": "StringUtilsEmptyBlankTest", "Function Modified": [], "Function Added": [], "Function Deleted": [{"Function": "testIsAnyNotEmpty"}], "Modifier Modified": "No", "Field Declaration Modified": 0, "Field Declaration Added": 0, "Field Declaration Deleted": 0}], "Class Added": [], "Class Deleted": []}], "Files Added": [], "Files Deleted": []}, "SRC_FILES": {"Files Modified": [{"File": "/home/ubuntu/Projects/Code/Classfier/commons-lang_6b9c3315885f8f9e4be19db9ef05257035b97bca/src/main/java/org/apache/commons/lang3/StringUtils.java", "Import Modified": [], "Import Added": [], "Import Deleted": [], "Class Modified": [{"Class": "StringUtils", "Function Modified": [{"Function": "isAnyNotEmpty", "Block Modified": "No", "Block Added/Deleted": "No", "Param Modified": 0, "Param Added/Deleted": 0, "Return Type Modified": "No", "Modifier Modified": "No"}], "Function Added": [], "Function Deleted": [], "Modifier Modified": "No", "Field Declaration Modified": 0, "Field Declaration Added": 0, "Field Declaration Deleted": 0}], "Class Added": [], "Class Deleted": []}], "Files Added": [], "Files Deleted": []}, "BUILD_FILES": {}}