{"TEST_FILES": {"Files Modified": [{"File": "/home/ubuntu/Projects/Code/Classfier/byte-buddy_b521c38ddfb9b418f7cc1b691c707403569f7f23/byte-buddy-dep/src/test/java/net/bytebuddy/agent/builder/AgentBuilderDefaultApplicationTest.java", "Import Modified": [], "Import Added": [], "Import Deleted": [], "Class Modified": [{"Class": "AgentBuilderDefaultApplicationTest", "Function Modified": [], "Function Added": [{"Function": "Test", "Block Modified": "No", "Block Added/Deleted": "No", "Param Modified": 0, "Param Added/Deleted": 0, "Return Type Modified": "No", "Modifier Modified": "No"}, {"Function": "Test", "Block Modified": "No", "Block Added/Deleted": "No", "Param Modified": 0, "Param Added/Deleted": 0, "Return Type Modified": "No", "Modifier Modified": "No"}], "Function Deleted": [], "Modifier Modified": "No", "Field Declaration Modified": 0, "Field Declaration Added": 0, "Field Declaration Deleted": 0}], "Class Added": [], "Class Deleted": []}, {"File": "/home/ubuntu/Projects/Code/Classfier/byte-buddy_b521c38ddfb9b418f7cc1b691c707403569f7f23/byte-buddy-dep/src/test/java/net/bytebuddy/test/utility/AgentAttachmentRule.java", "Import Modified": [], "Import Added": [], "Import Deleted": ["java.security.AccessController"], "Class Modified": [], "Class Added": [], "Class Deleted": []}, {"File": "/home/ubuntu/Projects/Code/Classfier/byte-buddy_b521c38ddfb9b418f7cc1b691c707403569f7f23/byte-buddy-dep/src/test/resources/net/bytebuddy/test/precompiled/LambdaSampleFactory.java", "Import Modified": [], "Import Added": [], "Import Deleted": [], "Class Modified": [{"Class": "LambdaSampleFactory", "Function Modified": [], "Function Added": [{"Function": "Runnable", "Block Modified": "No", "Block Added/Deleted": "No", "Param Modified": 0, "Param Added/Deleted": 0, "Return Type Modified": "No", "Modifier Modified": "No"}, {"Function": "Callable", "Block Modified": "No", "Block Added/Deleted": "No", "Param Modified": 0, "Param Added/Deleted": 0, "Return Type Modified": "No", "Modifier Modified": "No"}], "Function Deleted": [], "Modifier Modified": "No", "Field Declaration Modified": 0, "Field Declaration Added": 0, "Field Declaration Deleted": 0}], "Class Added": [], "Class Deleted": []}], "Files Added": [], "Files Deleted": [{"File": "/home/ubuntu/Projects/Code/Classfier/byte-buddy_b521c38ddfb9b418f7cc1b691c707403569f7f23/byte-buddy-gradle-plugin/src/test/java/net/bytebuddy/build/gradle/ByteBuddyLogHandlerTest.java"}, {"File": "/home/ubuntu/Projects/Code/Classfier/byte-buddy_b521c38ddfb9b418f7cc1b691c707403569f7f23/byte-buddy-maven-plugin/src/test/java/net/bytebuddy/build/maven/ByteBuddyLogHandlerTest.java"}]}, "SRC_FILES": {"Files Modified": [{"File": "/home/ubuntu/Projects/Code/Classfier/byte-buddy_b521c38ddfb9b418f7cc1b691c707403569f7f23/byte-buddy-agent/src/main/java/net/bytebuddy/agent/ByteBuddyAgent.java", "Import Modified": [], "Import Added": [], "Import Deleted": ["java.util.logging.Logger"], "Class Modified": [{"Class": "ByteBuddyAgent", "Function Modified": [{"Function": "ForJava9CapableVm", "Block Modified": "No", "Block Added/Deleted": "No", "Param Modified": 0, "Param Added/Deleted": 0, "Return Type Modified": "No", "Modifier Modified": "No"}], "Function Added": [], "Function Deleted": [], "Modifier Modified": "No", "Field Declaration Modified": 0, "Field Declaration Added": 0, "Field Declaration Deleted": 0}], "Class Added": [], "Class Deleted": []}, {"File": "/home/ubuntu/Projects/Code/Classfier/byte-buddy_b521c38ddfb9b418f7cc1b691c707403569f7f23/byte-buddy-agent/src/main/java/net/bytebuddy/agent/VirtualMachine.java", "Import Modified": [], "Import Added": [], "Import Deleted": ["java.util.logging.Logger"], "Class Modified": [], "Class Added": [], "Class Deleted": [{"Class": "VirtualMachine", "Function Modified": [], "Function Added": [], "Function Deleted": [{"Function": "connect"}], "Modifier Modified": "No", "Field Declaration Modified": 0, "Field Declaration Added": 0, "Field Declaration Deleted": 0}]}, {"File": "/home/ubuntu/Projects/Code/Classfier/byte-buddy_b521c38ddfb9b418f7cc1b691c707403569f7f23/byte-buddy-dep/src/main/java/net/bytebuddy/agent/builder/AgentBuilder.java", "Import Modified": [], "Import Added": [], "Import Deleted": [], "Class Modified": [{"Class": "AgentBuilder", "Function Modified": [{"Function": "apply", "Block Modified": "No", "Block Added/Deleted": "Yes", "Param Modified": 0, "Param Added/Deleted": 0, "Return Type Modified": "No", "Modifier Modified": "No"}], "Function Added": [], "Function Deleted": [], "Modifier Modified": "No", "Field Declaration Modified": 0, "Field Declaration Added": 0, "Field Declaration Deleted": 0}], "Class Added": [], "Class Deleted": []}, {"File": "/home/ubuntu/Projects/Code/Classfier/byte-buddy_3df6b37a836407f07fdec308fe34d7772bee004c/byte-buddy-dep/src/main/java/net/bytebuddy/agent/builder/AgentBuilder.java", "Import Modified": [], "Import Added": [], "Import Deleted": [], "Class Modified": [{"Class": "AgentBuilder", "Function Modified": [{"Function": "apply", "Block Modified": "No", "Block Added/Deleted": "Yes", "Param Modified": 0, "Param Added/Deleted": 0, "Return Type Modified": "No", "Modifier Modified": "No"}], "Function Added": [], "Function Deleted": [], "Modifier Modified": "No", "Field Declaration Modified": 0, "Field Declaration Added": 0, "Field Declaration Deleted": 0}], "Class Added": [], "Class Deleted": []}, {"File": "/home/ubuntu/Projects/Code/Classfier/byte-buddy_b521c38ddfb9b418f7cc1b691c707403569f7f23/byte-buddy-dep/src/main/java/net/bytebuddy/asm/Advice.java", "Import Modified": [], "Import Added": [], "Import Deleted": [], "Class Modified": [{"Class": "Advice", "Function Modified": [{"Function": "ForMethodExit", "Block Modified": "No", "Block Added/Deleted": "No", "Param Modified": 0, "Param Added/Deleted": 0, "Return Type Modified": "No", "Modifier Modified": "No"}], "Function Added": [], "Function Deleted": [], "Modifier Modified": "No", "Field Declaration Modified": 0, "Field Declaration Added": 0, "Field Declaration Deleted": 0}], "Class Added": [], "Class Deleted": []}, {"File": "/home/ubuntu/Projects/Code/Classfier/byte-buddy_b521c38ddfb9b418f7cc1b691c707403569f7f23/byte-buddy-dep/src/main/java/net/bytebuddy/dynamic/DynamicType.java", "Import Modified": [], "Import Added": [], "Import Deleted": ["java.util.logging.Logger"], "Class Modified": [], "Class Added": [], "Class Deleted": [{"Class": "DynamicType", "Function Modified": [], "Function Added": [], "Function Deleted": [{"Function": "saveIn"}], "Modifier Modified": "No", "Field Declaration Modified": 0, "Field Declaration Added": 0, "Field Declaration Deleted": 0}, {"Class": "DynamicType", "Function Modified": [], "Function Added": [], "Function Deleted": [{"Function": "inject"}], "Modifier Modified": "No", "Field Declaration Modified": 0, "Field Declaration Added": 0, "Field Declaration Deleted": 0}, {"Class": "DynamicType", "Function Modified": [], "Function Added": [], "Function Deleted": [{"Function": "inject"}], "Modifier Modified": "No", "Field Declaration Modified": 0, "Field Declaration Added": 0, "Field Declaration Deleted": 0}, {"Class": "DynamicType", "Function Modified": [], "Function Added": [], "Function Deleted": [{"Function": "toJar"}], "Modifier Modified": "No", "Field Declaration Modified": 0, "Field Declaration Added": 0, "Field Declaration Deleted": 0}]}, {"File": "/home/ubuntu/Projects/Code/Classfier/byte-buddy_b521c38ddfb9b418f7cc1b691c707403569f7f23/byte-buddy-dep/src/main/java/net/bytebuddy/dynamic/Nexus.java", "Import Modified": [], "Import Added": [], "Import Deleted": ["java.util.logging.Logger"], "Class Modified": [], "Class Added": [], "Class Deleted": [{"Class": "Nexus", "Function Modified": [], "Function Added": [], "Function Deleted": [{"Function": "register"}], "Modifier Modified": "No", "Field Declaration Modified": 0, "Field Declaration Added": 0, "Field Declaration Deleted": 0}]}, {"File": "/home/ubuntu/Projects/Code/Classfier/byte-buddy_b521c38ddfb9b418f7cc1b691c707403569f7f23/byte-buddy-dep/src/main/java/net/bytebuddy/dynamic/scaffold/TypeWriter.java", "Import Modified": [], "Import Added": [], "Import Deleted": ["java.util.logging.Level", "java.util.logging.Logger"], "Class Modified": [{"Class": "TypeWriter", "Function Modified": [{"Function": "make", "Block Modified": "No", "Block Added/Deleted": "No", "Param Modified": 0, "Param Added/Deleted": 0, "Return Type Modified": "No", "Modifier Modified": "No"}], "Function Added": [], "Function Deleted": [], "Modifier Modified": "No", "Field Declaration Modified": 0, "Field Declaration Added": 0, "Field Declaration Deleted": 0}], "Class Added": [], "Class Deleted": []}, {"File": "/home/ubuntu/Projects/Code/Classfier/byte-buddy_b521c38ddfb9b418f7cc1b691c707403569f7f23/byte-buddy-dep/src/main/java/net/bytebuddy/implementation/bind/annotation/Pipe.java", "Import Modified": [], "Import Added": [], "Import Deleted": [], "Class Modified": [{"Class": "Pipe", "Function Modified": [], "Function Added": [], "Function Deleted": [], "Modifier Modified": "No", "Field Declaration Modified": 0, "Field Declaration Added": 0, "Field Declaration Deleted": 0}], "Class Added": [], "Class Deleted": []}, {"File": "/home/ubuntu/Projects/Code/Classfier/byte-buddy_b521c38ddfb9b418f7cc1b691c707403569f7f23/byte-buddy-gradle-plugin/src/main/java/net/bytebuddy/build/gradle/TransformationAction.java", "Import Modified": [], "Import Added": [], "Import Deleted": [], "Class Modified": [{"Class": "TransformationAction", "Function Modified": [], "Function Added": [], "Function Deleted": [{"Function": "execute"}], "Modifier Modified": "No", "Field Declaration Modified": 0, "Field Declaration Added": 0, "Field Declaration Deleted": 0}], "Class Added": [], "Class Deleted": []}, {"File": "/home/ubuntu/Projects/Code/Classfier/byte-buddy_b521c38ddfb9b418f7cc1b691c707403569f7f23/byte-buddy-maven-plugin/src/main/java/net/bytebuddy/build/maven/ByteBuddyMojo.java", "Import Modified": [], "Import Added": [], "Import Deleted": [], "Class Modified": [{"Class": "ByteBuddyMojo", "Function Modified": [], "Function Added": [], "Function Deleted": [{"Function": "execute"}], "Modifier Modified": "No", "Field Declaration Modified": 0, "Field Declaration Added": 0, "Field Declaration Deleted": 0}], "Class Added": [], "Class Deleted": []}], "Files Added": [], "Files Deleted": [{"File": "/home/ubuntu/Projects/Code/Classfier/byte-buddy_b521c38ddfb9b418f7cc1b691c707403569f7f23/byte-buddy-gradle-plugin/src/main/java/net/bytebuddy/build/gradle/ByteBuddyLogHandler.java"}, {"File": "/home/ubuntu/Projects/Code/Classfier/byte-buddy_b521c38ddfb9b418f7cc1b691c707403569f7f23/byte-buddy-maven-plugin/src/main/java/net/bytebuddy/build/maven/ByteBuddyLogHandler.java"}]}, "BUILD_FILES": {}}