{"TEST_FILES": {"Files Modified": [], "Files Added": [{"File": "/home/ubuntu/Projects/Code/Classfier/byte-buddy_cf287c9fe00bfca1f4a92035e19763ffc2d3147f/byte-buddy-dep/src/test/java/net/bytebuddy/asm/AdviceFrameTest.java"}], "Files Deleted": []}, "SRC_FILES": {"Files Modified": [{"File": "/home/ubuntu/Projects/Code/Classfier/byte-buddy_cf287c9fe00bfca1f4a92035e19763ffc2d3147f/byte-buddy-dep/src/main/java/net/bytebuddy/asm/Advice.java", "Import Modified": [], "Import Added": [], "Import Deleted": [], "Class Modified": [{"Class": "Advice", "Function Modified": [{"Function": "injectCompletionFrame", "Block Modified": "No", "Block Added/Deleted": "Yes", "Param Modified": 0, "Param Added/Deleted": 0, "Return Type Modified": "No", "Modifier Modified": "No"}], "Function Added": [], "Function Deleted": [], "Modifier Modified": "No", "Field Declaration Modified": 0, "Field Declaration Added": 0, "Field Declaration Deleted": 0}], "Class Added": [], "Class Deleted": []}], "Files Added": [], "Files Deleted": []}, "BUILD_FILES": {}}