{"TEST_FILES": {"Files Modified": [], "Files Added": [], "Files Deleted": []}, "SRC_FILES": {"Files Modified": [{"File": "/home/ubuntu/Projects/Code/Classfier/Nukkit_f00211a710bb2751a041016c6e77bbbd54385435/src/main/java/cn/nukkit/entity/Entity.java", "Import Modified": [], "Import Added": [], "Import Deleted": [], "Class Modified": [{"Class": "Entity", "Function Modified": [], "Function Added": [], "Function Deleted": [{"Function": "isInsideOfWater"}], "Modifier Modified": "No", "Field Declaration Modified": 0, "Field Declaration Added": 0, "Field Declaration Deleted": 0}], "Class Added": [], "Class Deleted": []}, {"File": "/home/ubuntu/Projects/Code/Classfier/Nukkit_f00211a710bb2751a041016c6e77bbbd54385435/src/main/java/cn/nukkit/entity/Living.java", "Import Modified": [], "Import Added": [], "Import Deleted": [], "Class Modified": [{"Class": "Living", "Function Modified": [], "Function Added": [], "Function Deleted": [{"Function": "attack"}], "Modifier Modified": "No", "Field Declaration Modified": 0, "Field Declaration Added": 0, "Field Declaration Deleted": 0}], "Class Added": [], "Class Deleted": []}], "Files Added": [], "Files Deleted": []}, "BUILD_FILES": {}}