{"TEST_FILES": {"Files Modified": [{"File": "/home/ubuntu/Projects/Code/Classfier/rxjava-jdbc_29a16724aa9199be1ce3a09b6adcc9f787002c19/src/test/java/com/github/davidmoten/rx/jdbc/BatchingTest.java", "Import Modified": [], "Import Added": ["com.github.davidmoten.rx.jdbc.exceptions.SQLRuntimeException", "com.github.davidmoten.rx.testing.TestingHelper"], "Import Deleted": [], "Class Modified": [{"Class": "", "Function Modified": [], "Function Added": [], "Function Deleted": [], "Modifier Modified": "No", "Field Declaration Modified": 0, "Field Declaration Added": 0, "Field Declaration Deleted": 0}, {"Class": "BatchingTest", "Function Modified": [], "Function Added": [{"Function": "Test", "Block Modified": "No", "Block Added/Deleted": "No", "Param Modified": 0, "Param Added/Deleted": 0, "Return Type Modified": "No", "Modifier Modified": "No"}], "Function Deleted": [], "Modifier Modified": "No", "Field Declaration Modified": 0, "Field Declaration Added": 0, "Field Declaration Deleted": 0}], "Class Added": [], "Class Deleted": []}], "Files Added": [], "Files Deleted": []}, "SRC_FILES": {"Files Modified": [{"File": "/home/ubuntu/Projects/Code/Classfier/rxjava-jdbc_29a16724aa9199be1ce3a09b6adcc9f787002c19/src/main/java/com/github/davidmoten/rx/jdbc/Database.java", "Import Modified": [], "Import Added": [], "Import Deleted": [], "Class Modified": [{"Class": "Database", "Function Modified": [], "Function Added": [{"Function": "isTransactionOpen", "Block Modified": "No", "Block Added/Deleted": "No", "Param Modified": 0, "Param Added/Deleted": 0, "Return Type Modified": "No", "Modifier Modified": "No"}], "Function Deleted": [], "Modifier Modified": "No", "Field Declaration Modified": 0, "Field Declaration Added": 0, "Field Declaration Deleted": 0}], "Class Added": [], "Class Deleted": []}, {"File": "/home/ubuntu/Projects/Code/Classfier/rxjava-jdbc_29a16724aa9199be1ce3a09b6adcc9f787002c19/src/main/java/com/github/davidmoten/rx/jdbc/QueryContext.java", "Import Modified": [], "Import Added": [], "Import Deleted": [], "Class Modified": [{"Class": "QueryContext", "Function Modified": [], "Function Added": [{"Function": "isTransactionOpen", "Block Modified": "No", "Block Added/Deleted": "No", "Param Modified": 0, "Param Added/Deleted": 0, "Return Type Modified": "No", "Modifier Modified": "No"}], "Function Deleted": [], "Modifier Modified": "No", "Field Declaration Modified": 0, "Field Declaration Added": 0, "Field Declaration Deleted": 0}], "Class Added": [], "Class Deleted": []}, {"File": "/home/ubuntu/Projects/Code/Classfier/rxjava-jdbc_29a16724aa9199be1ce3a09b6adcc9f787002c19/src/main/java/com/github/davidmoten/rx/jdbc/QueryUpdateOnSubscribe.java", "Import Modified": [], "Import Added": ["com.github.davidmoten.rx.jdbc.exceptions.SQLRuntimeException"], "Import Deleted": [], "Class Modified": [{"Class": "", "Function Modified": [], "Function Added": [], "Function Deleted": [], "Modifier Modified": "No", "Field Declaration Modified": 0, "Field Declaration Added": 0, "Field Declaration Deleted": 0}, {"Class": "QueryUpdateOnSubscribe", "Function Modified": [{"Function": "performUpdate", "Block Modified": "No", "Block Added/Deleted": "Yes", "Param Modified": 0, "Param Added/Deleted": 0, "Return Type Modified": "No", "Modifier Modified": "No"}], "Function Added": [], "Function Deleted": [], "Modifier Modified": "No", "Field Declaration Modified": 0, "Field Declaration Added": 0, "Field Declaration Deleted": 0}], "Class Added": [], "Class Deleted": []}], "Files Added": [], "Files Deleted": []}, "BUILD_FILES": {}}