{"TEST_FILES": {"Files Modified": [{"File": "/home/ubuntu/Projects/Code/Classfier/acs-aem-commons_b4bf04e/bundle/src/test/java/com/adobe/acs/commons/mcp/impl/processes/asset/UrlAssetImportTest.java", "Import Modified": [], "Import Added": ["com.adobe.acs.commons.mcp.util.CompositeVariant"], "Import Deleted": [], "Class Modified": [{"Class": "", "Function Modified": [], "Function Added": [], "Function Deleted": [], "Modifier Modified": "No", "Field Declaration Modified": 0, "Field Declaration Added": 0, "Field Declaration Deleted": 0}, {"Class": "UrlAssetImportTest", "Function Modified": [{"Function": "addImportRow", "Block Modified": "No", "Block Added/Deleted": "No", "Param Modified": 0, "Param Added/Deleted": 0, "Return Type Modified": "No", "Modifier Modified": "No"}], "Function Added": [], "Function Deleted": [], "Modifier Modified": "No", "Field Declaration Modified": 0, "Field Declaration Added": 0, "Field Declaration Deleted": 0}], "Class Added": [], "Class Deleted": []}, {"File": "/home/ubuntu/Projects/Code/Classfier/acs-aem-commons_468b22ee657650dea6724540514f92d80043a54c/bundle/src/test/java/com/adobe/acs/commons/mcp/impl/processes/asset/UrlAssetImportTest.java", "Import Modified": [], "Import Added": [], "Import Deleted": [], "Class Modified": [{"Class": "UrlAssetImportTest", "Function Modified": [{"Function": "addImportRow", "Block Modified": "No", "Block Added/Deleted": "Yes", "Param Modified": 0, "Param Added/Deleted": 0, "Return Type Modified": "No", "Modifier Modified": "No"}], "Function Added": [], "Function Deleted": [], "Modifier Modified": "No", "Field Declaration Modified": 0, "Field Declaration Added": 0, "Field Declaration Deleted": 0}], "Class Added": [], "Class Deleted": []}, {"File": "/home/ubuntu/Projects/Code/Classfier/acs-aem-commons_b4bf04e/bundle/src/test/java/com/adobe/acs/commons/mcp/util/SpreadsheetTest.java", "Import Modified": [], "Import Added": ["java.util.Date", "org.apache.poi.xssf.usermodel.XSSFCell"], "Import Deleted": [], "Class Modified": [{"Class": "", "Function Modified": [], "Function Added": [], "Function Deleted": [], "Modifier Modified": "No", "Field Declaration Modified": 0, "Field Declaration Added": 0, "Field Declaration Deleted": 0}, {"Class": "SpreadsheetTest", "Function Modified": [{"Function": "setUp", "Block Modified": "No", "Block Added/Deleted": "Yes", "Param Modified": 0, "Param Added/Deleted": 0, "Return Type Modified": "No", "Modifier Modified": "No"}, {"Function": "testRequiredColumnsWithConversion", "Block Modified": "No", "Block Added/Deleted": "Yes", "Param Modified": 0, "Param Added/Deleted": 0, "Return Type Modified": "No", "Modifier Modified": "No"}], "Function Added": [], "Function Deleted": [], "Modifier Modified": "No", "Field Declaration Modified": 0, "Field Declaration Added": 1, "Field Declaration Deleted": 0}], "Class Added": [], "Class Deleted": []}, {"File": "/home/ubuntu/Projects/Code/Classfier/acs-aem-commons_468b22ee657650dea6724540514f92d80043a54c/bundle/src/test/java/com/adobe/acs/commons/mcp/util/SpreadsheetTest.java", "Import Modified": [], "Import Added": [], "Import Deleted": [], "Class Modified": [{"Class": "SpreadsheetTest", "Function Modified": [{"Function": "testVariantTypes", "Block Modified": "No", "Block Added/Deleted": "No", "Param Modified": 0, "Param Added/Deleted": 0, "Return Type Modified": "No", "Modifier Modified": "No"}, {"Function": "createRow", "Block Modified": "No", "Block Added/Deleted": "Yes", "Param Modified": 0, "Param Added/Deleted": 0, "Return Type Modified": "No", "Modifier Modified": "No"}], "Function Added": [], "Function Deleted": [], "Modifier Modified": "No", "Field Declaration Modified": 0, "Field Declaration Added": 0, "Field Declaration Deleted": 0}], "Class Added": [], "Class Deleted": []}], "Files Added": [], "Files Deleted": []}, "SRC_FILES": {"Files Modified": [{"File": "/home/ubuntu/Projects/Code/Classfier/acs-aem-commons_b4bf04e/bundle/src/main/java/com/adobe/acs/commons/mcp/impl/processes/DataImporter.java", "Import Modified": [], "Import Added": ["com.adobe.acs.commons.mcp.util.CompositeVariant", "java.lang.reflect.Array"], "Import Deleted": [], "Class Modified": [{"Class": "", "Function Modified": [], "Function Added": [], "Function Deleted": [], "Modifier Modified": "No", "Field Declaration Modified": 0, "Field Declaration Added": 0, "Field Declaration Deleted": 0}, {"Class": "DataImporter", "Function Modified": [{"Function": "handleMissingNode", "Block Modified": "No", "Block Added/Deleted": "No", "Param Modified": 0, "Param Added/Deleted": 0, "Return Type Modified": "No", "Modifier Modified": "No"}], "Function Added": [], "Function Deleted": [], "Modifier Modified": "No", "Field Declaration Modified": 0, "Field Declaration Added": 0, "Field Declaration Deleted": 0}], "Class Added": [], "Class Deleted": []}, {"File": "/home/ubuntu/Projects/Code/Classfier/acs-aem-commons_468b22ee657650dea6724540514f92d80043a54c/bundle/src/main/java/com/adobe/acs/commons/mcp/impl/processes/DataImporter.java", "Import Modified": [], "Import Added": [], "Import Deleted": [], "Class Modified": [{"Class": "DataImporter", "Function Modified": [{"Function": "createMissingNode", "Block Modified": "No", "Block Added/Deleted": "Yes", "Param Modified": 0, "Param Added/Deleted": 0, "Return Type Modified": "No", "Modifier Modified": "No"}], "Function Added": [], "Function Deleted": [], "Modifier Modified": "No", "Field Declaration Modified": 0, "Field Declaration Added": 0, "Field Declaration Deleted": 0}], "Class Added": [], "Class Deleted": []}, {"File": "/home/ubuntu/Projects/Code/Classfier/acs-aem-commons_b4bf04e/bundle/src/main/java/com/adobe/acs/commons/mcp/impl/processes/asset/FileOrRendition.java", "Import Modified": [], "Import Added": ["com.adobe.acs.commons.mcp.util.CompositeVariant"], "Import Deleted": [], "Class Modified": [{"Class": "", "Function Modified": [], "Function Added": [], "Function Deleted": [], "Modifier Modified": "No", "Field Declaration Modified": 0, "Field Declaration Added": 0, "Field Declaration Deleted": 0}, {"Class": "FileOrRendition", "Function Modified": [], "Function Added": [], "Function Deleted": [], "Modifier Modified": "No", "Field Declaration Modified": 1, "Field Declaration Added": 0, "Field Declaration Deleted": 0}], "Class Added": [], "Class Deleted": []}, {"File": "/home/ubuntu/Projects/Code/Classfier/acs-aem-commons_b4bf04e/bundle/src/main/java/com/adobe/acs/commons/mcp/impl/processes/asset/UrlAssetImport.java", "Import Modified": [], "Import Added": ["com.adobe.acs.commons.mcp.util.CompositeVariant", "java.lang.reflect.Array"], "Import Deleted": [], "Class Modified": [{"Class": "", "Function Modified": [], "Function Added": [], "Function Deleted": [], "Modifier Modified": "No", "Field Declaration Modified": 0, "Field Declaration Added": 0, "Field Declaration Deleted": 0}, {"Class": "UrlAssetImport", "Function Modified": [{"Function": "extractFolder", "Block Modified": "No", "Block Added/Deleted": "No", "Param Modified": 0, "Param Added/Deleted": 0, "Return Type Modified": "No", "Modifier Modified": "No"}], "Function Added": [], "Function Deleted": [], "Modifier Modified": "No", "Field Declaration Modified": 0, "Field Declaration Added": 0, "Field Declaration Deleted": 0}], "Class Added": [], "Class Deleted": []}, {"File": "/home/ubuntu/Projects/Code/Classfier/acs-aem-commons_b4bf04e/bundle/src/main/java/com/adobe/acs/commons/mcp/util/Spreadsheet.java", "Import Modified": [], "Import Added": ["java.lang.reflect.Array", "java.util.Date", "java.util.HashMap", "java.util.regex.Pattern", "org.apache.commons.lang3.StringUtils"], "Import Deleted": [], "Class Modified": [{"Class": "", "Function Modified": [], "Function Added": [], "Function Deleted": [], "Modifier Modified": "No", "Field Declaration Modified": 0, "Field Declaration Added": 0, "Field Declaration Deleted": 0}, {"Class": "Spreadsheet", "Function Modified": [{"Function": "", "Block Modified": "No", "Block Added/Deleted": "No", "Param Modified": 0, "Param Added/Deleted": 0, "Return Type Modified": "No", "Modifier Modified": "No"}, {"Function": "Spreadsheet", "Block Modified": "No", "Block Added/Deleted": "Yes", "Param Modified": 0, "Param Added/Deleted": 0, "Return Type Modified": "No", "Modifier Modified": "No"}, {"Function": "parseInputFile", "Block Modified": "No", "Block Added/Deleted": "Yes", "Param Modified": 0, "Param Added/Deleted": 0, "Return Type Modified": "No", "Modifier Modified": "No"}, {"Function": "buildRow", "Block Modified": "No", "Block Added/Deleted": "Yes", "Param Modified": 0, "Param Added/Deleted": 0, "Return Type Modified": "No", "Modifier Modified": "No"}, {"Function": "readRow", "Block Modified": "No", "Block Added/Deleted": "Yes", "Param Modified": 0, "Param Added/Deleted": 0, "Return Type Modified": "No", "Modifier Modified": "No"}, {"Function": "convertHeaderName", "Block Modified": "No", "Block Added/Deleted": "Yes", "Param Modified": 0, "Param Added/Deleted": 0, "Return Type Modified": "No", "Modifier Modified": "No"}], "Function Added": [{"Function": "Long", "Block Modified": "No", "Block Added/Deleted": "No", "Param Modified": 0, "Param Added/Deleted": 0, "Return Type Modified": "No", "Modifier Modified": "No"}, {"Function": "Class", "Block Modified": "No", "Block Added/Deleted": "No", "Param Modified": 0, "Param Added/Deleted": 0, "Return Type Modified": "No", "Modifier Modified": "No"}, {"Function": "a", "Block Modified": "No", "Block Added/Deleted": "No", "Param Modified": 0, "Param Added/Deleted": 0, "Return Type Modified": "No", "Modifier Modified": "No"}, {"Function": "Class", "Block Modified": "No", "Block Added/Deleted": "No", "Param Modified": 0, "Param Added/Deleted": 0, "Return Type Modified": "No", "Modifier Modified": "No"}], "Function Deleted": [], "Modifier Modified": "No", "Field Declaration Modified": 1, "Field Declaration Added": 3, "Field Declaration Deleted": 0}], "Class Added": [], "Class Deleted": []}, {"File": "/home/ubuntu/Projects/Code/Classfier/acs-aem-commons_468b22ee657650dea6724540514f92d80043a54c/bundle/src/main/java/com/adobe/acs/commons/mcp/util/Spreadsheet.java", "Import Modified": [], "Import Added": [], "Import Deleted": [], "Class Modified": [{"Class": "Spreadsheet", "Function Modified": [{"Function": "detectTypeFromName", "Block Modified": "No", "Block Added/Deleted": "No", "Param Modified": 0, "Param Added/Deleted": 0, "Return Type Modified": "No", "Modifier Modified": "No"}, {"Function": "parseInputFile", "Block Modified": "No", "Block Added/Deleted": "Yes", "Param Modified": 0, "Param Added/Deleted": 0, "Return Type Modified": "No", "Modifier Modified": "No"}, {"Function": "buildRow", "Block Modified": "No", "Block Added/Deleted": "Yes", "Param Modified": 0, "Param Added/Deleted": 0, "Return Type Modified": "No", "Modifier Modified": "No"}, {"Function": "Spreadsheet", "Block Modified": "No", "Block Added/Deleted": "Yes", "Param Modified": 0, "Param Added/Deleted": 0, "Return Type Modified": "No", "Modifier Modified": "No"}], "Function Added": [], "Function Deleted": [], "Modifier Modified": "No", "Field Declaration Modified": 0, "Field Declaration Added": 1, "Field Declaration Deleted": 0}], "Class Added": [], "Class Deleted": []}, {"File": "/home/ubuntu/Projects/Code/Classfier/acs-aem-commons_b4bf04e/bundle/src/main/java/com/adobe/acs/commons/mcp/util/package-info.java", "Import Modified": [], "Import Added": [], "Import Deleted": [], "Class Modified": [], "Class Added": [], "Class Deleted": []}], "Files Added": [{"File": "/home/ubuntu/Projects/Code/Classfier/acs-aem-commons_468b22ee657650dea6724540514f92d80043a54c/bundle/src/main/java/com/adobe/acs/commons/mcp/util/CompositeVariant.java"}, {"File": "/home/ubuntu/Projects/Code/Classfier/acs-aem-commons_468b22ee657650dea6724540514f92d80043a54c/bundle/src/main/java/com/adobe/acs/commons/mcp/util/Variant.java"}], "Files Deleted": []}, "BUILD_FILES": {}}