{"TEST_FILES": {"Files Modified": [{"File": "/home/ubuntu/Projects/Code/Classfier/RinSim_b9b581a5adb10e9f27adbba91f75e44685fd585b/geom/src/test/java/com/github/rinde/rinsim/geom/ListenableGraphTest.java", "Import Modified": [], "Import Added": ["com.github.rinde.rinsim.geom.ListenableGraph.EventTypes.ADD_CONNECTION", "com.github.rinde.rinsim.geom.ListenableGraph.EventTypes.CHANGE_CONNECTION_DATA", "com.github.rinde.rinsim.geom.ListenableGraph.EventTypes.REMOVE_CONNECTION", "java.util.Arrays.asList", "org.junit.Assert.assertEquals", "org.junit.Assert.assertFalse", "org.junit.Assert.assertTrue", "java.util.Arrays", "com.github.rinde.rinsim.event.Event", "com.github.rinde.rinsim.event.Listener", "com.github.rinde.rinsim.geom.ListenableGraph.EventTypes", "com.github.rinde.rinsim.geom.ListenableGraph.GraphEvent"], "Import Deleted": [], "Class Modified": [{"Class": "", "Function Modified": [], "Function Added": [], "Function Deleted": [], "Modifier Modified": "No", "Field Declaration Modified": 0, "Field Declaration Added": 0, "Field Declaration Deleted": 0}, {"Class": "ListenableGraphTest", "Function Modified": [{"Function": "test", "Block Modified": "No", "Block Added/Deleted": "No", "Param Modified": 0, "Param Added/Deleted": 0, "Return Type Modified": "No", "Modifier Modified": "No"}], "Function Added": [{"Function": "Test", "Block Modified": "No", "Block Added/Deleted": "No", "Param Modified": 0, "Param Added/Deleted": 0, "Return Type Modified": "No", "Modifier Modified": "No"}], "Function Deleted": [], "Modifier Modified": "No", "Field Declaration Modified": 0, "Field Declaration Added": 0, "Field Declaration Deleted": 0}], "Class Added": [], "Class Deleted": []}, {"File": "/home/ubuntu/Projects/Code/Classfier/RinSim_41c5fd5007aa86a994687ed03daaa49c34870b73/geom/src/test/java/com/github/rinde/rinsim/geom/ListenableGraphTest.java", "Import Modified": [], "Import Added": [], "Import Deleted": [], "Class Modified": [{"Class": "ListenableGraphTest", "Function Modified": [{"Function": "testMerge", "Block Modified": "No", "Block Added/Deleted": "No", "Param Modified": 0, "Param Added/Deleted": 0, "Return Type Modified": "No", "Modifier Modified": "No"}, {"Function": "testUnmodifiableConnections", "Block Modified": "No", "Block Added/Deleted": "No", "Param Modified": 0, "Param Added/Deleted": 0, "Return Type Modified": "No", "Modifier Modified": "No"}, {"Function": "testModifications", "Block Modified": "No", "Block Added/Deleted": "Yes", "Param Modified": 0, "Param Added/Deleted": 0, "Return Type Modified": "No", "Modifier Modified": "No"}], "Function Added": [], "Function Deleted": [], "Modifier Modified": "No", "Field Declaration Modified": 0, "Field Declaration Added": 0, "Field Declaration Deleted": 0}], "Class Added": [], "Class Deleted": []}], "Files Added": [], "Files Deleted": []}, "SRC_FILES": {"Files Modified": [{"File": "/home/ubuntu/Projects/Code/Classfier/RinSim_b9b581a5adb10e9f27adbba91f75e44685fd585b/geom/src/main/java/com/github/rinde/rinsim/geom/AbstractGraph.java", "Import Modified": [], "Import Added": [], "Import Deleted": ["java.util.Collection"], "Class Modified": [{"Class": "AbstractGraph", "Function Modified": [{"Function": "addConnections", "Block Modified": "No", "Block Added/Deleted": "No", "Param Modified": 0, "Param Added/Deleted": 0, "Return Type Modified": "No", "Modifier Modified": "No"}], "Function Added": [], "Function Deleted": [], "Modifier Modified": "No", "Field Declaration Modified": 0, "Field Declaration Added": 0, "Field Declaration Deleted": 0}], "Class Added": [], "Class Deleted": []}, {"File": "/home/ubuntu/Projects/Code/Classfier/RinSim_b9b581a5adb10e9f27adbba91f75e44685fd585b/geom/src/main/java/com/github/rinde/rinsim/geom/Connection.java", "Import Modified": [], "Import Added": [], "Import Deleted": [], "Class Modified": [{"Class": "Connection", "Function Modified": [{"Function": "setData", "Block Modified": "No", "Block Added/Deleted": "No", "Param Modified": 0, "Param Added/Deleted": 0, "Return Type Modified": "No", "Modifier Modified": "No"}], "Function Added": [], "Function Deleted": [], "Modifier Modified": "No", "Field Declaration Modified": 0, "Field Declaration Added": 0, "Field Declaration Deleted": 0}], "Class Added": [], "Class Deleted": []}, {"File": "/home/ubuntu/Projects/Code/Classfier/RinSim_b9b581a5adb10e9f27adbba91f75e44685fd585b/geom/src/main/java/com/github/rinde/rinsim/geom/ForwardingGraph.java", "Import Modified": [], "Import Added": [], "Import Deleted": [], "Class Modified": [{"Class": "ForwardingGraph", "Function Modified": [{"Function": "", "Block Modified": "No", "Block Added/Deleted": "No", "Param Modified": 0, "Param Added/Deleted": 0, "Return Type Modified": "No", "Modifier Modified": "No"}, {"Function": "ForwardingGraph", "Block Modified": "No", "Block Added/Deleted": "No", "Param Modified": 0, "Param Added/Deleted": 0, "Return Type Modified": "No", "Modifier Modified": "No"}], "Function Added": [], "Function Deleted": [], "Modifier Modified": "No", "Field Declaration Modified": 0, "Field Declaration Added": 1, "Field Declaration Deleted": 0}], "Class Added": [], "Class Deleted": []}, {"File": "/home/ubuntu/Projects/Code/Classfier/RinSim_b9b581a5adb10e9f27adbba91f75e44685fd585b/geom/src/main/java/com/github/rinde/rinsim/geom/Graph.java", "Import Modified": [], "Import Added": [], "Import Deleted": [], "Class Modified": [{"Class": "Graph", "Function Modified": [{"Function": "addConnections", "Block Modified": "No", "Block Added/Deleted": "No", "Param Modified": 0, "Param Added/Deleted": 0, "Return Type Modified": "No", "Modifier Modified": "No"}], "Function Added": [], "Function Deleted": [], "Modifier Modified": "No", "Field Declaration Modified": 0, "Field Declaration Added": 0, "Field Declaration Deleted": 0}], "Class Added": [], "Class Deleted": []}, {"File": "/home/ubuntu/Projects/Code/Classfier/RinSim_b9b581a5adb10e9f27adbba91f75e44685fd585b/geom/src/main/java/com/github/rinde/rinsim/geom/Graphs.java", "Import Modified": [], "Import Added": [], "Import Deleted": [], "Class Modified": [{"Class": "Graphs", "Function Modified": [{"Function": "setData", "Block Modified": "No", "Block Added/Deleted": "No", "Param Modified": 0, "Param Added/Deleted": 0, "Return Type Modified": "No", "Modifier Modified": "No"}], "Function Added": [], "Function Deleted": [], "Modifier Modified": "No", "Field Declaration Modified": 0, "Field Declaration Added": 0, "Field Declaration Deleted": 0}], "Class Added": [], "Class Deleted": []}, {"File": "/home/ubuntu/Projects/Code/Classfier/RinSim_b9b581a5adb10e9f27adbba91f75e44685fd585b/geom/src/main/java/com/github/rinde/rinsim/geom/ListenableGraph.java", "Import Modified": [], "Import Added": [], "Import Deleted": [], "Class Modified": [{"Class": "ListenableGraph", "Function Modified": [{"Function": "", "Block Modified": "No", "Block Added/Deleted": "No", "Param Modified": 0, "Param Added/Deleted": 0, "Return Type Modified": "No", "Modifier Modified": "No"}, {"Function": "", "Block Modified": "No", "Block Added/Deleted": "No", "Param Modified": 0, "Param Added/Deleted": 0, "Return Type Modified": "No", "Modifier Modified": "No"}], "Function Added": [{"Function": "Override", "Block Modified": "No", "Block Added/Deleted": "No", "Param Modified": 0, "Param Added/Deleted": 0, "Return Type Modified": "No", "Modifier Modified": "No"}], "Function Deleted": [], "Modifier Modified": "No", "Field Declaration Modified": 0, "Field Declaration Added": 0, "Field Declaration Deleted": 0}], "Class Added": [], "Class Deleted": []}], "Files Added": [], "Files Deleted": []}, "BUILD_FILES": {}}