{"TEST_FILES": {"Files Modified": [], "Files Added": [], "Files Deleted": []}, "SRC_FILES": {"Files Modified": [{"File": "/home/ubuntu/Projects/Code/Classfier/nutz_68149abc44602cb48b9adbed3739f96ef2f8cd90/src/org/nutz/el/opt/logic/AndOpt.java", "Import Modified": [], "Import Added": [], "Import Deleted": [], "Class Modified": [{"Class": "AndOpt", "Function Modified": [], "Function Added": [], "Function Deleted": [{"Function": "calculate"}], "Modifier Modified": "No", "Field Declaration Modified": 0, "Field Declaration Added": 0, "Field Declaration Deleted": 0}], "Class Added": [], "Class Deleted": []}, {"File": "/home/ubuntu/Projects/Code/Classfier/nutz_25af70464730014a18bf65e82524607afa181646/src/org/nutz/el/opt/logic/OrOpt.java", "Import Modified": [], "Import Added": [], "Import Deleted": [], "Class Modified": [{"Class": "OrOpt", "Function Modified": [{"Function": "calculate", "Block Modified": "No", "Block Added/Deleted": "Yes", "Param Modified": 0, "Param Added/Deleted": 0, "Return Type Modified": "No", "Modifier Modified": "No"}], "Function Added": [], "Function Deleted": [], "Modifier Modified": "No", "Field Declaration Modified": 0, "Field Declaration Added": 0, "Field Declaration Deleted": 0}], "Class Added": [], "Class Deleted": []}], "Files Added": [], "Files Deleted": []}, "BUILD_FILES": {}}