{"TEST_FILES": {"Files Modified": [], "Files Added": [], "Files Deleted": []}, "SRC_FILES": {"Files Modified": [{"File": "/home/ubuntu/Projects/Code/Classfier/ProjectKorra_b5bbbfd/src/com/projectkorra/projectkorra/firebending/combo/FireCombo.java", "Import Modified": [], "Import Added": [], "Import Deleted": ["java.util.ArrayList", "java.util.List", "org.bukkit.Effect", "org.bukkit.Location", "org.bukkit.Material", "org.bukkit.Sound", "org.bukkit.block.Block", "org.bukkit.block.BlockFace", "org.bukkit.entity.Entity", "org.bukkit.entity.LivingEntity", "org.bukkit.scheduler.BukkitRunnable", "org.bukkit.util.Vector", "com.projectkorra.projectkorra.GeneralMethods", "com.projectkorra.projectkorra.ProjectKorra", "com.projectkorra.projectkorra.ability.ElementalAbility", "com.projectkorra.projectkorra.ability.WaterAbility", "com.projectkorra.projectkorra.ability.util.Collision", "com.projectkorra.projectkorra.ability.util.ComboManager.AbilityInformation", "com.projectkorra.projectkorra.avatar.AvatarState", "com.projectkorra.projectkorra.command.Commands", "com.projectkorra.projectkorra.firebending.FireJet", "com.projectkorra.projectkorra.firebending.util.FireDamageTimer", "com.projectkorra.projectkorra.util.ClickType", "com.projectkorra.projectkorra.util.DamageHandler", "com.projectkorra.projectkorra.util.ParticleEffect"], "Class Modified": [{"Class": "FireCombo", "Function Modified": [{"Function": "isCollidable", "Block Modified": "No", "Block Added/Deleted": "No", "Param Modified": 0, "Param Added/Deleted": 0, "Return Type Modified": "No", "Modifier Modified": "No"}], "Function Added": [], "Function Deleted": [], "Modifier Modified": "No", "Field Declaration Modified": 0, "Field Declaration Added": 0, "Field Declaration Deleted": 19}], "Class Added": [], "Class Deleted": []}], "Files Added": [{"File": "/home/ubuntu/Projects/Code/Classfier/ProjectKorra_a828283d7271eb15c908687f33eaa1abcdaf65b9/src/com/projectkorra/projectkorra/firebending/combo/FireComboLegacy.java"}, {"File": "/home/ubuntu/Projects/Code/Classfier/ProjectKorra_a828283d7271eb15c908687f33eaa1abcdaf65b9/src/com/projectkorra/projectkorra/firebending/combo/FireComboStream.java"}, {"File": "/home/ubuntu/Projects/Code/Classfier/ProjectKorra_a828283d7271eb15c908687f33eaa1abcdaf65b9/src/com/projectkorra/projectkorra/firebending/combo/FireKick.java"}, {"File": "/home/ubuntu/Projects/Code/Classfier/ProjectKorra_a828283d7271eb15c908687f33eaa1abcdaf65b9/src/com/projectkorra/projectkorra/firebending/combo/FireSpin.java"}, {"File": "/home/ubuntu/Projects/Code/Classfier/ProjectKorra_a828283d7271eb15c908687f33eaa1abcdaf65b9/src/com/projectkorra/projectkorra/firebending/combo/FireWheel.java"}, {"File": "/home/ubuntu/Projects/Code/Classfier/ProjectKorra_a828283d7271eb15c908687f33eaa1abcdaf65b9/src/com/projectkorra/projectkorra/firebending/combo/JetBlast.java"}, {"File": "/home/ubuntu/Projects/Code/Classfier/ProjectKorra_a828283d7271eb15c908687f33eaa1abcdaf65b9/src/com/projectkorra/projectkorra/firebending/combo/JetBlaze.java"}], "Files Deleted": []}, "BUILD_FILES": {}}