{"TEST_FILES": {"Files Modified": [{"File": "/home/ubuntu/Projects/Code/Classfier/pgjdbc_9b6506d/pgjdbc/src/test/java/org/postgresql/test/jdbc2/Jdbc2TestSuite.java", "Import Modified": [], "Import Added": [], "Import Deleted": [], "Class Modified": [{"Class": "Jdbc2TestSuite", "Function Modified": [], "Function Added": [], "Function Deleted": [], "Modifier Modified": "No", "Field Declaration Modified": 0, "Field Declaration Added": 0, "Field Declaration Deleted": 0}], "Class Added": [], "Class Deleted": []}], "Files Added": [{"File": "/home/ubuntu/Projects/Code/Classfier/pgjdbc_1ca3dbea45e1f0430441bf97e6c79282287a1426/pgjdbc/src/test/java/org/postgresql/test/jdbc2/OuterJoinSyntaxTest.java"}], "Files Deleted": []}, "SRC_FILES": {"Files Modified": [], "Files Added": [], "Files Deleted": []}, "BUILD_FILES": {}}