{"TEST_FILES": {"Files Modified": [{"File": "/home/ubuntu/Projects/Code/Classfier/azure-sdk-for-java_e11a4ab/azure/src/test/java/com/microsoft/azure/TestNetworkInterface.java", "Import Modified": [], "Import Added": [], "Import Deleted": [], "Class Modified": [{"Class": "TestNetworkInterface", "Function Modified": [{"Function": "updateResource", "Block Modified": "No", "Block Added/Deleted": "No", "Param Modified": 0, "Param Added/Deleted": 0, "Return Type Modified": "No", "Modifier Modified": "No"}], "Function Added": [], "Function Deleted": [], "Modifier Modified": "No", "Field Declaration Modified": 0, "Field Declaration Added": 0, "Field Declaration Deleted": 0}], "Class Added": [], "Class Deleted": []}], "Files Added": [], "Files Deleted": []}, "SRC_FILES": {"Files Modified": [{"File": "/home/ubuntu/Projects/Code/Classfier/azure-sdk-for-java_e11a4ab/azure-mgmt-compute/src/main/java/com/microsoft/azure/management/compute/DataDisk.java", "Import Modified": [], "Import Added": ["com.microsoft.azure.management.resources.fluentcore.model.Settable"], "Import Deleted": ["com.microsoft.azure.management.resources.fluentcore.model.Appliable"], "Class Modified": [{"Class": "", "Function Modified": [], "Function Added": [], "Function Deleted": [], "Modifier Modified": "No", "Field Declaration Modified": 0, "Field Declaration Added": 0, "Field Declaration Deleted": 0}, {"Class": "DataDisk", "Function Modified": [], "Function Added": [], "Function Deleted": [], "Modifier Modified": "No", "Field Declaration Modified": 0, "Field Declaration Added": 0, "Field Declaration Deleted": 0}], "Class Added": [], "Class Deleted": []}, {"File": "/home/ubuntu/Projects/Code/Classfier/azure-sdk-for-java_e11a4ab/azure-mgmt-compute/src/main/java/com/microsoft/azure/management/compute/implementation/DataDiskImpl.java", "Import Modified": [], "Import Added": [], "Import Deleted": [], "Class Modified": [{"Class": "DataDiskImpl", "Function Modified": [{"Function": "apply", "Block Modified": "No", "Block Added/Deleted": "No", "Param Modified": 0, "Param Added/Deleted": 0, "Return Type Modified": "No", "Modifier Modified": "No"}], "Function Added": [], "Function Deleted": [], "Modifier Modified": "No", "Field Declaration Modified": 0, "Field Declaration Added": 0, "Field Declaration Deleted": 0}], "Class Added": [], "Class Deleted": []}, {"File": "/home/ubuntu/Projects/Code/Classfier/azure-sdk-for-java_e11a4ab/azure-mgmt-network/src/main/java/com/microsoft/azure/management/network/NicIpConfiguration.java", "Import Modified": [], "Import Added": ["com.microsoft.azure.management.resources.fluentcore.model.Settable"], "Import Deleted": [], "Class Modified": [{"Class": "", "Function Modified": [], "Function Added": [], "Function Deleted": [], "Modifier Modified": "No", "Field Declaration Modified": 0, "Field Declaration Added": 0, "Field Declaration Deleted": 0}, {"Class": "NicIpConfiguration", "Function Modified": [], "Function Added": [], "Function Deleted": [], "Modifier Modified": "No", "Field Declaration Modified": 0, "Field Declaration Added": 0, "Field Declaration Deleted": 0}], "Class Added": [], "Class Deleted": []}, {"File": "/home/ubuntu/Projects/Code/Classfier/azure-sdk-for-java_e11a4ab/azure-mgmt-network/src/main/java/com/microsoft/azure/management/network/implementation/NicIpConfigurationImpl.java", "Import Modified": [], "Import Added": [], "Import Deleted": [], "Class Modified": [{"Class": "NicIpConfigurationImpl", "Function Modified": [{"Function": "apply", "Block Modified": "No", "Block Added/Deleted": "No", "Param Modified": 0, "Param Added/Deleted": 0, "Return Type Modified": "No", "Modifier Modified": "No"}], "Function Added": [], "Function Deleted": [], "Modifier Modified": "No", "Field Declaration Modified": 0, "Field Declaration Added": 0, "Field Declaration Deleted": 0}], "Class Added": [], "Class Deleted": []}, {"File": "/home/ubuntu/Projects/Code/Classfier/azure-sdk-for-java_e11a4ab/azure-samples/src/main/java/com/microsoft/azure/management/compute/samples/ManageVirtualMachine.java", "Import Modified": [], "Import Added": [], "Import Deleted": [], "Class Modified": [{"Class": "ManageVirtualMachine", "Function Modified": [{"Function": "main", "Block Modified": "No", "Block Added/Deleted": "No", "Param Modified": 0, "Param Added/Deleted": 0, "Return Type Modified": "No", "Modifier Modified": "No"}], "Function Added": [], "Function Deleted": [], "Modifier Modified": "No", "Field Declaration Modified": 0, "Field Declaration Added": 0, "Field Declaration Deleted": 0}], "Class Added": [], "Class Deleted": []}], "Files Added": [{"File": "/home/ubuntu/Projects/Code/Classfier/azure-sdk-for-java_ac1fc94b8701bf15e80329e239bff2848af9a4c8/azure-mgmt-resources/src/main/java/com/microsoft/azure/management/resources/fluentcore/model/Settable.java"}], "Files Deleted": []}, "BUILD_FILES": {}}