{"TEST_FILES": {"Files Modified": [], "Files Added": [], "Files Deleted": []}, "SRC_FILES": {"Files Modified": [{"File": "/home/ubuntu/Projects/Code/Classfier/Baragon_7c25605001c9c4faf51db241790de9ebf781345c/BaragonAgentService/src/main/java/com/hubspot/baragon/agent/managed/LifecycleHelper.java", "Import Modified": [], "Import Added": [], "Import Deleted": [], "Class Modified": [{"Class": "LifecycleHelper", "Function Modified": [{"Function": "checkStateNodeVersion", "Block Modified": "No", "Block Added/Deleted": "Yes", "Param Modified": 0, "Param Added/Deleted": 0, "Return Type Modified": "No", "Modifier Modified": "No"}], "Function Added": [], "Function Deleted": [], "Modifier Modified": "No", "Field Declaration Modified": 0, "Field Declaration Added": 0, "Field Declaration Deleted": 0}], "Class Added": [], "Class Deleted": []}], "Files Added": [], "Files Deleted": []}, "BUILD_FILES": {}}