{"TEST_FILES": {"Files Modified": [], "Files Added": [{"File": "/home/ubuntu/Projects/Code/Classfier/ontop_0f6212104aead91f8f83703aed7a799c3899dcd3/quest-test/src/test/java/it/unibz/krdb/sql/MonetDBTest.java"}], "Files Deleted": []}, "SRC_FILES": {"Files Modified": [{"File": "/home/ubuntu/Projects/Code/Classfier/ontop_bd0e6bf028249b589e485c500be90f1f6c6e6ab4/obdalib-core/src/main/java/it/unibz/krdb/obda/io/ModelIOManager.java", "Import Modified": [], "Import Added": [], "Import Deleted": [], "Class Modified": [{"Class": "ModelIOManager", "Function Modified": [{"Function": "readSourceDeclaration", "Block Modified": "No", "Block Added/Deleted": "Yes", "Param Modified": 0, "Param Added/Deleted": 0, "Return Type Modified": "No", "Modifier Modified": "No"}], "Function Added": [], "Function Deleted": [], "Modifier Modified": "No", "Field Declaration Modified": 0, "Field Declaration Added": 0, "Field Declaration Deleted": 0}], "Class Added": [], "Class Deleted": []}], "Files Added": [{"File": "/home/ubuntu/Projects/Code/Classfier/ontop_0f6212104aead91f8f83703aed7a799c3899dcd3/reformulation-core/src/main/java/it/unibz/krdb/obda/owlrefplatform/core/queryevaluation/MonetDBSQLDialectAdapter.java"}], "Files Deleted": []}, "BUILD_FILES": {}}