{"TEST_FILES": {"Files Modified": [{"File": "/home/ubuntu/Projects/Code/Classfier/HubTurbo_5595fbc/src/test/java/tests/FilterEvalTests.java", "Import Modified": [], "Import Added": [], "Import Deleted": [], "Class Modified": [{"Class": "FilterEvalTests", "Function Modified": [{"Function": "singletonModel", "Block Modified": "No", "Block Added/Deleted": "Yes", "Param Modified": 0, "Param Added/Deleted": 0, "Return Type Modified": "No", "Modifier Modified": "No"}], "Function Added": [], "Function Deleted": [], "Modifier Modified": "No", "Field Declaration Modified": 0, "Field Declaration Added": 0, "Field Declaration Deleted": 0}], "Class Added": [], "Class Deleted": []}, {"File": "/home/ubuntu/Projects/Code/Classfier/HubTurbo_5595fbc/src/test/java/tests/FilterParserTests.java", "Import Modified": [], "Import Added": [], "Import Deleted": [], "Class Modified": [{"Class": "FilterParserTests", "Function Modified": [{"Function": "dateRanges", "Block Modified": "No", "Block Added/Deleted": "No", "Param Modified": 0, "Param Added/Deleted": 0, "Return Type Modified": "No", "Modifier Modified": "No"}], "Function Added": [], "Function Deleted": [], "Modifier Modified": "No", "Field Declaration Modified": 0, "Field Declaration Added": 0, "Field Declaration Deleted": 0}], "Class Added": [], "Class Deleted": []}, {"File": "/home/ubuntu/Projects/Code/Classfier/HubTurbo_5595fbc/src/test/java/tests/TickingTimerTests.java", "Import Modified": [], "Import Added": ["java.util.ArrayList", "java.util.Arrays", "org.junit.Assert.fail"], "Import Deleted": [], "Class Modified": [{"Class": "", "Function Modified": [], "Function Added": [], "Function Deleted": [], "Modifier Modified": "No", "Field Declaration Modified": 0, "Field Declaration Added": 0, "Field Declaration Deleted": 0}, {"Class": "TickingTimerTests", "Function Modified": [{"Function": "threadingTest", "Block Modified": "No", "Block Added/Deleted": "Yes", "Param Modified": 0, "Param Added/Deleted": 0, "Return Type Modified": "No", "Modifier Modified": "No"}], "Function Added": [{"Function": "Test", "Block Modified": "No", "Block Added/Deleted": "No", "Param Modified": 0, "Param Added/Deleted": 0, "Return Type Modified": "No", "Modifier Modified": "No"}], "Function Deleted": [], "Modifier Modified": "No", "Field Declaration Modified": 0, "Field Declaration Added": 0, "Field Declaration Deleted": 0}], "Class Added": [], "Class Deleted": []}], "Files Added": [{"File": "/home/ubuntu/Projects/Code/Classfier/HubTurbo_7b0194d05796d21208db06dd6a13be2543a0eb6b/src/test/failing/DummyRepoTest.java"}, {"File": "/home/ubuntu/Projects/Code/Classfier/HubTurbo_7b0194d05796d21208db06dd6a13be2543a0eb6b/src/test/failing/ModelTests.java"}, {"File": "/home/ubuntu/Projects/Code/Classfier/HubTurbo_7b0194d05796d21208db06dd6a13be2543a0eb6b/src/test/java/tests/StoreTests.java"}], "Files Deleted": [{"File": "/home/ubuntu/Projects/Code/Classfier/HubTurbo_5595fbc/src/test/java/tests/ModelTests.java"}]}, "SRC_FILES": {"Files Modified": [{"File": "/home/ubuntu/Projects/Code/Classfier/HubTurbo_5595fbc/src/main/java/backend/Logic.java", "Import Modified": [], "Import Added": ["util.events.ClearLogicModelEventHandler"], "Import Deleted": [], "Class Modified": [{"Class": "", "Function Modified": [], "Function Added": [], "Function Deleted": [], "Modifier Modified": "No", "Field Declaration Modified": 0, "Field Declaration Added": 0, "Field Declaration Deleted": 0}, {"Class": "Logic", "Function Modified": [{"Function": "Logic", "Block Modified": "No", "Block Added/Deleted": "No", "Param Modified": 0, "Param Added/Deleted": 0, "Return Type Modified": "No", "Modifier Modified": "No"}], "Function Added": [], "Function Deleted": [], "Modifier Modified": "No", "Field Declaration Modified": 0, "Field Declaration Added": 0, "Field Declaration Deleted": 0}], "Class Added": [], "Class Deleted": []}, {"File": "/home/ubuntu/Projects/Code/Classfier/HubTurbo_5595fbc/src/main/java/backend/RepoIO.java", "Import Modified": [], "Import Added": ["backend.json.JSONStoreStub", "backend.stub.DummySource"], "Import Deleted": [], "Class Modified": [{"Class": "", "Function Modified": [], "Function Added": [], "Function Deleted": [], "Modifier Modified": "No", "Field Declaration Modified": 0, "Field Declaration Added": 0, "Field Declaration Deleted": 0}], "Class Added": [], "Class Deleted": []}, {"File": "/home/ubuntu/Projects/Code/Classfier/HubTurbo_7b0194d05796d21208db06dd6a13be2543a0eb6b/src/main/java/backend/RepoIO.java", "Import Modified": [], "Import Added": [], "Import Deleted": [], "Class Modified": [{"Class": "RepoIO", "Function Modified": [{"Function": "RepoIO", "Block Modified": "No", "Block Added/Deleted": "No", "Param Modified": 0, "Param Added/Deleted": 0, "Return Type Modified": "No", "Modifier Modified": "No"}], "Function Added": [], "Function Deleted": [], "Modifier Modified": "No", "Field Declaration Modified": 0, "Field Declaration Added": 0, "Field Declaration Deleted": 0}], "Class Added": [], "Class Deleted": []}, {"File": "/home/ubuntu/Projects/Code/Classfier/HubTurbo_5595fbc/src/main/java/backend/UIManager.java", "Import Modified": [], "Import Added": [], "Import Deleted": [], "Class Modified": [{"Class": "UIManager", "Function Modified": [], "Function Added": [{"Function": "updateNow", "Block Modified": "No", "Block Added/Deleted": "No", "Param Modified": 0, "Param Added/Deleted": 0, "Return Type Modified": "No", "Modifier Modified": "No"}], "Function Deleted": [], "Modifier Modified": "No", "Field Declaration Modified": 0, "Field Declaration Added": 0, "Field Declaration Deleted": 0}], "Class Added": [], "Class Deleted": []}, {"File": "/home/ubuntu/Projects/Code/Classfier/HubTurbo_5595fbc/src/main/java/backend/interfaces/RepoStore.java", "Import Modified": [], "Import Added": [], "Import Deleted": [], "Class Modified": [{"Class": "RepoStore", "Function Modified": [], "Function Added": [{"Function": "enableTestDirectory", "Block Modified": "No", "Block Added/Deleted": "No", "Param Modified": 0, "Param Added/Deleted": 0, "Return Type Modified": "No", "Modifier Modified": "No"}, {"Function": "changeDirectory", "Block Modified": "No", "Block Added/Deleted": "No", "Param Modified": 0, "Param Added/Deleted": 0, "Return Type Modified": "No", "Modifier Modified": "No"}], "Function Deleted": [], "Modifier Modified": "No", "Field Declaration Modified": 1, "Field Declaration Added": 0, "Field Declaration Deleted": 0}], "Class Added": [], "Class Deleted": []}, {"File": "/home/ubuntu/Projects/Code/Classfier/HubTurbo_7b0194d05796d21208db06dd6a13be2543a0eb6b/src/main/java/backend/interfaces/RepoStore.java", "Import Modified": [], "Import Added": [], "Import Deleted": [], "Class Modified": [{"Class": "RepoStore", "Function Modified": [], "Function Added": [], "Function Deleted": [], "Modifier Modified": "No", "Field Declaration Modified": 0, "Field Declaration Added": 1, "Field Declaration Deleted": 0}], "Class Added": [], "Class Deleted": []}, {"File": "/home/ubuntu/Projects/Code/Classfier/HubTurbo_5595fbc/src/main/java/backend/json/JSONStore.java", "Import Modified": [], "Import Added": [], "Import Deleted": [], "Class Modified": [{"Class": "JSONStore", "Function Modified": [{"Function": "loadRepository", "Block Modified": "No", "Block Added/Deleted": "No", "Param Modified": 0, "Param Added/Deleted": 0, "Return Type Modified": "No", "Modifier Modified": "No"}], "Function Added": [], "Function Deleted": [], "Modifier Modified": "No", "Field Declaration Modified": 0, "Field Declaration Added": 0, "Field Declaration Deleted": 0}], "Class Added": [], "Class Deleted": []}, {"File": "/home/ubuntu/Projects/Code/Classfier/HubTurbo_5595fbc/src/main/java/backend/resource/MultiModel.java", "Import Modified": [], "Import Added": [], "Import Deleted": ["java.time.LocalDate"], "Class Modified": [{"Class": "MultiModel", "Function Modified": [{"Function": "add", "Block Modified": "No", "Block Added/Deleted": "No", "Param Modified": 0, "Param Added/Deleted": 0, "Return Type Modified": "No", "Modifier Modified": "Yes"}], "Function Added": [], "Function Deleted": [], "Modifier Modified": "No", "Field Declaration Modified": 0, "Field Declaration Added": 0, "Field Declaration Deleted": 0}], "Class Added": [], "Class Deleted": []}, {"File": "/home/ubuntu/Projects/Code/Classfier/HubTurbo_5595fbc/src/main/java/backend/stub/DummyRepo.java", "Import Modified": ["replace java.util.ArrayList by util.events.ClearLogicModelEvent"], "Import Added": ["ui.UI", "util.events.UpdateDummyRepoEventHandler", "java.util.HashMap"], "Import Deleted": [], "Class Modified": [{"Class": "", "Function Modified": [], "Function Added": [], "Function Deleted": [], "Modifier Modified": "No", "Field Declaration Modified": 0, "Field Declaration Added": 0, "Field Declaration Deleted": 0}, {"Class": "DummyRepo", "Function Modified": [{"Function": "login", "Block Modified": "No", "Block Added/Deleted": "Yes", "Param Modified": 0, "Param Added/Deleted": 0, "Return Type Modified": "No", "Modifier Modified": "No"}], "Function Added": [], "Function Deleted": [], "Modifier Modified": "No", "Field Declaration Modified": 22, "Field Declaration Added": 1, "Field Declaration Deleted": 0}], "Class Added": [], "Class Deleted": []}, {"File": "/home/ubuntu/Projects/Code/Classfier/HubTurbo_7b0194d05796d21208db06dd6a13be2543a0eb6b/src/main/java/backend/stub/DummyRepo.java", "Import Modified": [], "Import Added": [], "Import Deleted": [], "Class Modified": [{"Class": "DummyRepo", "Function Modified": [{"Function": "getRepoState", "Block Modified": "No", "Block Added/Deleted": "No", "Param Modified": 0, "Param Added/Deleted": 0, "Return Type Modified": "No", "Modifier Modified": "No"}, {"Function": "login", "Block Modified": "No", "Block Added/Deleted": "Yes", "Param Modified": 0, "Param Added/Deleted": 0, "Return Type Modified": "No", "Modifier Modified": "No"}, {"Function": "DummyRepo", "Block Modified": "No", "Block Added/Deleted": "Yes", "Param Modified": 0, "Param Added/Deleted": 0, "Return Type Modified": "No", "Modifier Modified": "No"}, {"Function": "getIssues", "Block Modified": "No", "Block Added/Deleted": "Yes", "Param Modified": 0, "Param Added/Deleted": 0, "Return Type Modified": "No", "Modifier Modified": "No"}, {"Function": "getLabels", "Block Modified": "No", "Block Added/Deleted": "Yes", "Param Modified": 0, "Param Added/Deleted": 0, "Return Type Modified": "No", "Modifier Modified": "No"}, {"Function": "getMilestones", "Block Modified": "No", "Block Added/Deleted": "Yes", "Param Modified": 0, "Param Added/Deleted": 0, "Return Type Modified": "No", "Modifier Modified": "No"}, {"Function": "getEvents", "Block Modified": "No", "Block Added/Deleted": "Yes", "Param Modified": 0, "Param Added/Deleted": 0, "Return Type Modified": "No", "Modifier Modified": "No"}, {"Function": "getComments", "Block Modified": "No", "Block Added/Deleted": "Yes", "Param Modified": 0, "Param Added/Deleted": 0, "Return Type Modified": "No", "Modifier Modified": "No"}], "Function Added": [], "Function Deleted": [], "Modifier Modified": "No", "Field Declaration Modified": 0, "Field Declaration Added": 1, "Field Declaration Deleted": 0}], "Class Added": [], "Class Deleted": []}, {"File": "/home/ubuntu/Projects/Code/Classfier/HubTurbo_5595fbc/src/main/java/browserview/BrowserComponent.java", "Import Modified": [], "Import Added": [], "Import Deleted": ["util.IOUtilities", "java.util.Optional"], "Class Modified": [{"Class": "BrowserComponent", "Function Modified": [{"Function": "BrowserComponent", "Block Modified": "No", "Block Added/Deleted": "No", "Param Modified": 0, "Param Added/Deleted": 0, "Return Type Modified": "No", "Modifier Modified": "No"}], "Function Added": [], "Function Deleted": [], "Modifier Modified": "No", "Field Declaration Modified": 0, "Field Declaration Added": 1, "Field Declaration Deleted": 0}], "Class Added": [], "Class Deleted": []}, {"File": "/home/ubuntu/Projects/Code/Classfier/HubTurbo_7b0194d05796d21208db06dd6a13be2543a0eb6b/src/main/java/browserview/BrowserComponent.java", "Import Modified": [], "Import Added": [], "Import Deleted": [], "Class Modified": [{"Class": "BrowserComponent", "Function Modified": [{"Function": "createChromeDriver", "Block Modified": "No", "Block Added/Deleted": "Yes", "Param Modified": 0, "Param Added/Deleted": 0, "Return Type Modified": "No", "Modifier Modified": "No"}], "Function Added": [], "Function Deleted": [], "Modifier Modified": "No", "Field Declaration Modified": 0, "Field Declaration Added": 0, "Field Declaration Deleted": 0}], "Class Added": [], "Class Deleted": []}, {"File": "/home/ubuntu/Projects/Code/Classfier/HubTurbo_5595fbc/src/main/java/github/GitHubClientExtended.java", "Import Modified": [], "Import Added": [], "Import Deleted": ["com.google.common.reflect.TypeToken", "com.google.gson.Gson", "util.Utility", "java.time.LocalDateTime", "java.util.Map", "java.util.Optional"], "Class Modified": [], "Class Added": [], "Class Deleted": [{"Class": "GitHubClientExtended", "Function Modified": [], "Function Added": [], "Function Deleted": [{"Function": "getRateLimitResetTime"}], "Modifier Modified": "No", "Field Declaration Modified": 0, "Field Declaration Added": 0, "Field Declaration Deleted": 0}]}, {"File": "/home/ubuntu/Projects/Code/Classfier/HubTurbo_5595fbc/src/main/java/github/GitHubEventsResponse.java", "Import Modified": [], "Import Added": [], "Import Deleted": [], "Class Modified": [{"Class": "GitHubEventsResponse", "Function Modified": [], "Function Added": [], "Function Deleted": [{"Function": "GitHubEventsResponse"}], "Modifier Modified": "No", "Field Declaration Modified": 0, "Field Declaration Added": 0, "Field Declaration Deleted": 0}], "Class Added": [], "Class Deleted": []}, {"File": "/home/ubuntu/Projects/Code/Classfier/HubTurbo_5595fbc/src/main/java/github/IssueServiceExtended.java", "Import Modified": [], "Import Added": [], "Import Deleted": [], "Class Modified": [{"Class": "IssueServiceExtended", "Function Modified": [], "Function Added": [], "Function Deleted": [{"Function": "getIssueData"}], "Modifier Modified": "No", "Field Declaration Modified": 0, "Field Declaration Added": 0, "Field Declaration Deleted": 0}], "Class Added": [], "Class Deleted": []}, {"File": "/home/ubuntu/Projects/Code/Classfier/HubTurbo_5595fbc/src/main/java/github/RepositoryServiceExtended.java", "Import Modified": [], "Import Added": [], "Import Deleted": [], "Class Modified": [{"Class": "RepositoryServiceExtended", "Function Modified": [{"Function": "getAllRepositories", "Block Modified": "No", "Block Added/Deleted": "Yes", "Param Modified": 0, "Param Added/Deleted": 0, "Return Type Modified": "No", "Modifier Modified": "No"}], "Function Added": [], "Function Deleted": [], "Modifier Modified": "No", "Field Declaration Modified": 0, "Field Declaration Added": 0, "Field Declaration Deleted": 0}], "Class Added": [], "Class Deleted": []}, {"File": "/home/ubuntu/Projects/Code/Classfier/HubTurbo_5595fbc/src/main/java/github/update/MilestoneUpdateService.java", "Import Modified": [], "Import Added": [], "Import Deleted": [], "Class Modified": [{"Class": "MilestoneUpdateService", "Function Modified": [], "Function Added": [], "Function Deleted": [{"Function": "createUpdatedMilestonesParams"}], "Modifier Modified": "No", "Field Declaration Modified": 0, "Field Declaration Added": 0, "Field Declaration Deleted": 0}], "Class Added": [], "Class Deleted": []}, {"File": "/home/ubuntu/Projects/Code/Classfier/HubTurbo_5595fbc/src/main/java/prefs/ConfigFileHandler.java", "Import Modified": [], "Import Added": [], "Import Deleted": [], "Class Modified": [{"Class": "ConfigFileHandler", "Function Modified": [], "Function Added": [], "Function Deleted": [{"Function": "setupGson"}], "Modifier Modified": "No", "Field Declaration Modified": 0, "Field Declaration Added": 0, "Field Declaration Deleted": 0}], "Class Added": [], "Class Deleted": []}, {"File": "/home/ubuntu/Projects/Code/Classfier/HubTurbo_5595fbc/src/main/java/prefs/Preferences.java", "Import Modified": [], "Import Added": [], "Import Deleted": [], "Class Modified": [{"Class": "Preferences", "Function Modified": [{"Function": "Preferences", "Block Modified": "No", "Block Added/Deleted": "No", "Param Modified": 0, "Param Added/Deleted": 0, "Return Type Modified": "No", "Modifier Modified": "No"}], "Function Added": [], "Function Deleted": [], "Modifier Modified": "No", "Field Declaration Modified": 0, "Field Declaration Added": 1, "Field Declaration Deleted": 0}], "Class Added": [], "Class Deleted": []}, {"File": "/home/ubuntu/Projects/Code/Classfier/HubTurbo_7b0194d05796d21208db06dd6a13be2543a0eb6b/src/main/java/prefs/Preferences.java", "Import Modified": [], "Import Added": [], "Import Deleted": [], "Class Modified": [{"Class": "Preferences", "Function Modified": [{"Function": "Preferences", "Block Modified": "No", "Block Added/Deleted": "Yes", "Param Modified": 0, "Param Added/Deleted": 0, "Return Type Modified": "No", "Modifier Modified": "No"}], "Function Added": [], "Function Deleted": [], "Modifier Modified": "No", "Field Declaration Modified": 0, "Field Declaration Added": 0, "Field Declaration Deleted": 0}], "Class Added": [], "Class Deleted": []}, {"File": "/home/ubuntu/Projects/Code/Classfier/HubTurbo_5595fbc/src/main/java/prefs/SessionConfiguration.java", "Import Modified": [], "Import Added": [], "Import Deleted": [], "Class Modified": [{"Class": "SessionConfiguration", "Function Modified": [{"Function": "getLastViewedRepositories", "Block Modified": "No", "Block Added/Deleted": "No", "Param Modified": 0, "Param Added/Deleted": 0, "Return Type Modified": "No", "Modifier Modified": "No"}], "Function Added": [], "Function Deleted": [], "Modifier Modified": "No", "Field Declaration Modified": 0, "Field Declaration Added": 0, "Field Declaration Deleted": 0}], "Class Added": [], "Class Deleted": []}, {"File": "/home/ubuntu/Projects/Code/Classfier/HubTurbo_5595fbc/src/main/java/ui/LoginDialog.java", "Import Modified": [], "Import Added": [], "Import Deleted": [], "Class Modified": [{"Class": "LoginDialog", "Function Modified": [{"Function": "content", "Block Modified": "No", "Block Added/Deleted": "Yes", "Param Modified": 0, "Param Added/Deleted": 0, "Return Type Modified": "No", "Modifier Modified": "No"}], "Function Added": [], "Function Deleted": [], "Modifier Modified": "No", "Field Declaration Modified": 0, "Field Declaration Added": 0, "Field Declaration Deleted": 0}], "Class Added": [], "Class Deleted": []}, {"File": "/home/ubuntu/Projects/Code/Classfier/HubTurbo_7b0194d05796d21208db06dd6a13be2543a0eb6b/src/main/java/ui/LoginDialog.java", "Import Modified": [], "Import Added": [], "Import Deleted": [], "Class Modified": [{"Class": "LoginDialog", "Function Modified": [{"Function": "content", "Block Modified": "No", "Block Added/Deleted": "Yes", "Param Modified": 0, "Param Added/Deleted": 0, "Return Type Modified": "No", "Modifier Modified": "No"}], "Function Added": [], "Function Deleted": [], "Modifier Modified": "No", "Field Declaration Modified": 0, "Field Declaration Added": 0, "Field Declaration Deleted": 0}], "Class Added": [], "Class Deleted": []}, {"File": "/home/ubuntu/Projects/Code/Classfier/HubTurbo_5595fbc/src/main/java/ui/MenuControl.java", "Import Modified": [], "Import Added": [], "Import Deleted": ["javafx.application.Platform"], "Class Modified": [], "Class Added": [], "Class Deleted": [{"Class": "MenuControl", "Function Modified": [], "Function Added": [], "Function Deleted": [{"Function": "triggerForceRefreshProgressDialog"}], "Modifier Modified": "No", "Field Declaration Modified": 0, "Field Declaration Added": 0, "Field Declaration Deleted": 0}, {"Class": "MenuControl", "Function Modified": [], "Function Added": [], "Function Deleted": [{"Function": "triggerForceRefreshProgressDialog"}], "Modifier Modified": "No", "Field Declaration Modified": 0, "Field Declaration Added": 0, "Field Declaration Deleted": 0}]}, {"File": "/home/ubuntu/Projects/Code/Classfier/HubTurbo_5595fbc/src/main/java/ui/RepositorySelector.java", "Import Modified": [], "Import Added": [], "Import Deleted": [], "Class Modified": [{"Class": "RepositorySelector", "Function Modified": [{"Function": "RepositorySelector", "Block Modified": "No", "Block Added/Deleted": "Yes", "Param Modified": 0, "Param Added/Deleted": 0, "Return Type Modified": "No", "Modifier Modified": "No"}], "Function Added": [], "Function Deleted": [], "Modifier Modified": "No", "Field Declaration Modified": 0, "Field Declaration Added": 0, "Field Declaration Deleted": 0}], "Class Added": [], "Class Deleted": []}, {"File": "/home/ubuntu/Projects/Code/Classfier/HubTurbo_5595fbc/src/main/java/ui/UI.java", "Import Modified": [], "Import Added": ["browserview.BrowserComponentStub"], "Import Deleted": ["java.util.List", "util.Futures.withResult"], "Class Modified": [{"Class": "", "Function Modified": [], "Function Added": [], "Function Deleted": [], "Modifier Modified": "No", "Field Declaration Modified": 0, "Field Declaration Added": 0, "Field Declaration Deleted": 0}, {"Class": "UI", "Function Modified": [{"Function": "initPreApplicationState", "Block Modified": "No", "Block Added/Deleted": "Yes", "Param Modified": 0, "Param Added/Deleted": 0, "Return Type Modified": "No", "Modifier Modified": "No"}], "Function Added": [{"Function": "registerTestEvents", "Block Modified": "No", "Block Added/Deleted": "No", "Param Modified": 0, "Param Added/Deleted": 0, "Return Type Modified": "No", "Modifier Modified": "No"}, {"Function": "isTestMode", "Block Modified": "No", "Block Added/Deleted": "No", "Param Modified": 0, "Param Added/Deleted": 0, "Return Type Modified": "No", "Modifier Modified": "No"}, {"Function": "isBypassLogin", "Block Modified": "No", "Block Added/Deleted": "No", "Param Modified": 0, "Param Added/Deleted": 0, "Return Type Modified": "No", "Modifier Modified": "No"}, {"Function": "isTestJSONEnabled", "Block Modified": "No", "Block Added/Deleted": "No", "Param Modified": 0, "Param Added/Deleted": 0, "Return Type Modified": "No", "Modifier Modified": "No"}], "Function Deleted": [], "Modifier Modified": "No", "Field Declaration Modified": 0, "Field Declaration Added": 0, "Field Declaration Deleted": 0}], "Class Added": [], "Class Deleted": []}, {"File": "/home/ubuntu/Projects/Code/Classfier/HubTurbo_7b0194d05796d21208db06dd6a13be2543a0eb6b/src/main/java/ui/UI.java", "Import Modified": [], "Import Added": [], "Import Deleted": [], "Class Modified": [{"Class": "UI", "Function Modified": [{"Function": "getUserCredentials", "Block Modified": "No", "Block Added/Deleted": "Yes", "Param Modified": 0, "Param Added/Deleted": 0, "Return Type Modified": "No", "Modifier Modified": "No"}, {"Function": "showMainWindow", "Block Modified": "No", "Block Added/Deleted": "Yes", "Param Modified": 0, "Param Added/Deleted": 0, "Return Type Modified": "No", "Modifier Modified": "No"}, {"Function": "quit", "Block Modified": "No", "Block Added/Deleted": "Yes", "Param Modified": 0, "Param Added/Deleted": 0, "Return Type Modified": "No", "Modifier Modified": "No"}, {"Function": "isTestChromeDriver", "Block Modified": "No", "Block Added/Deleted": "Yes", "Param Modified": 0, "Param Added/Deleted": 0, "Return Type Modified": "No", "Modifier Modified": "No"}, {"Function": "initApplicationState", "Block Modified": "No", "Block Added/Deleted": "Yes", "Param Modified": 0, "Param Added/Deleted": 0, "Return Type Modified": "No", "Modifier Modified": "No"}], "Function Added": [], "Function Deleted": [], "Modifier Modified": "No", "Field Declaration Modified": 0, "Field Declaration Added": 0, "Field Declaration Deleted": 0}], "Class Added": [], "Class Deleted": []}, {"File": "/home/ubuntu/Projects/Code/Classfier/HubTurbo_5595fbc/src/main/java/ui/issuecolumn/ColumnControl.java", "Import Modified": [], "Import Added": [], "Import Deleted": [], "Class Modified": [{"Class": "ColumnControl", "Function Modified": [{"Function": "setupKeyEvents", "Block Modified": "No", "Block Added/Deleted": "No", "Param Modified": 0, "Param Added/Deleted": 0, "Return Type Modified": "No", "Modifier Modified": "Yes"}], "Function Added": [], "Function Deleted": [], "Modifier Modified": "No", "Field Declaration Modified": 0, "Field Declaration Added": 0, "Field Declaration Deleted": 0}], "Class Added": [], "Class Deleted": []}, {"File": "/home/ubuntu/Projects/Code/Classfier/HubTurbo_5595fbc/src/main/java/ui/issuecolumn/IssueColumn.java", "Import Modified": [], "Import Added": [], "Import Deleted": [], "Class Modified": [{"Class": "IssueColumn", "Function Modified": [{"Function": "createFilterBox", "Block Modified": "No", "Block Added/Deleted": "Yes", "Param Modified": 0, "Param Added/Deleted": 0, "Return Type Modified": "No", "Modifier Modified": "No"}], "Function Added": [], "Function Deleted": [], "Modifier Modified": "No", "Field Declaration Modified": 0, "Field Declaration Added": 0, "Field Declaration Deleted": 0}], "Class Added": [], "Class Deleted": []}, {"File": "/home/ubuntu/Projects/Code/Classfier/HubTurbo_5595fbc/src/main/java/ui/issuecolumn/UIBrowserBridge.java", "Import Modified": [], "Import Added": [], "Import Deleted": [], "Class Modified": [{"Class": "UIBrowserBridge", "Function Modified": [], "Function Added": [], "Function Deleted": [{"Function": "UIBrowserBridge"}], "Modifier Modified": "No", "Field Declaration Modified": 0, "Field Declaration Added": 0, "Field Declaration Deleted": 0}], "Class Added": [], "Class Deleted": []}, {"File": "/home/ubuntu/Projects/Code/Classfier/HubTurbo_5595fbc/src/main/java/ui/issuepanel/IssuePanel.java", "Import Modified": [], "Import Added": [], "Import Deleted": [], "Class Modified": [{"Class": "IssuePanel", "Function Modified": [{"Function": "refreshItems", "Block Modified": "No", "Block Added/Deleted": "Yes", "Param Modified": 0, "Param Added/Deleted": 0, "Return Type Modified": "No", "Modifier Modified": "No"}], "Function Added": [{"Function": "getIssueCount", "Block Modified": "No", "Block Added/Deleted": "No", "Param Modified": 0, "Param Added/Deleted": 0, "Return Type Modified": "No", "Modifier Modified": "No"}], "Function Deleted": [], "Modifier Modified": "No", "Field Declaration Modified": 0, "Field Declaration Added": 1, "Field Declaration Deleted": 0}], "Class Added": [], "Class Deleted": []}, {"File": "/home/ubuntu/Projects/Code/Classfier/HubTurbo_5595fbc/src/main/java/ui/issuepanel/IssuePanelCard.java", "Import Modified": [], "Import Added": [], "Import Deleted": ["java.util.Optional"], "Class Modified": [], "Class Added": [], "Class Deleted": []}, {"File": "/home/ubuntu/Projects/Code/Classfier/HubTurbo_5595fbc/src/main/java/util/HTLog.java", "Import Modified": [], "Import Added": [], "Import Deleted": ["java.util.function.Function"], "Class Modified": [], "Class Added": [], "Class Deleted": []}, {"File": "/home/ubuntu/Projects/Code/Classfier/HubTurbo_5595fbc/src/main/java/util/PlatformSpecific.java", "Import Modified": [], "Import Added": [], "Import Deleted": [], "Class Modified": [{"Class": "PlatformSpecific", "Function Modified": [], "Function Added": [], "Function Deleted": [], "Modifier Modified": "No", "Field Declaration Modified": 0, "Field Declaration Added": 0, "Field Declaration Deleted": 1}], "Class Added": [], "Class Deleted": []}, {"File": "/home/ubuntu/Projects/Code/Classfier/HubTurbo_5595fbc/src/main/java/util/TickingTimer.java", "Import Modified": [], "Import Added": [], "Import Deleted": [], "Class Modified": [{"Class": "TickingTimer", "Function Modified": [{"Function": "start", "Block Modified": "No", "Block Added/Deleted": "No", "Param Modified": 0, "Param Added/Deleted": 0, "Return Type Modified": "No", "Modifier Modified": "No"}], "Function Added": [], "Function Deleted": [], "Modifier Modified": "No", "Field Declaration Modified": 0, "Field Declaration Added": 0, "Field Declaration Deleted": 0}], "Class Added": [], "Class Deleted": []}, {"File": "/home/ubuntu/Projects/Code/Classfier/HubTurbo_5595fbc/src/main/java/util/Utility.java", "Import Modified": [], "Import Added": [], "Import Deleted": ["java.util.List", "java.util.concurrent.CompletableFuture", "java.util.concurrent.Executor", "java.util.concurrent.Executors", "java.util.stream.Collectors"], "Class Modified": [], "Class Added": [], "Class Deleted": []}], "Files Added": [{"File": "/home/ubuntu/Projects/Code/Classfier/HubTurbo_7b0194d05796d21208db06dd6a13be2543a0eb6b/src/main/java/backend/json/JSONStoreStub.java"}, {"File": "/home/ubuntu/Projects/Code/Classfier/HubTurbo_7b0194d05796d21208db06dd6a13be2543a0eb6b/src/main/java/backend/stub/DummyRepoState.java"}, {"File": "/home/ubuntu/Projects/Code/Classfier/HubTurbo_7b0194d05796d21208db06dd6a13be2543a0eb6b/src/main/java/browserview/BrowserComponentStub.java"}, {"File": "/home/ubuntu/Projects/Code/Classfier/HubTurbo_7b0194d05796d21208db06dd6a13be2543a0eb6b/src/main/java/browserview/ChromeDriverStub.java"}, {"File": "/home/ubuntu/Projects/Code/Classfier/HubTurbo_7b0194d05796d21208db06dd6a13be2543a0eb6b/src/main/java/ui/components/StatusUIStub.java"}, {"File": "/home/ubuntu/Projects/Code/Classfier/HubTurbo_7b0194d05796d21208db06dd6a13be2543a0eb6b/src/main/java/util/events/ClearLogicModelEvent.java"}, {"File": "/home/ubuntu/Projects/Code/Classfier/HubTurbo_7b0194d05796d21208db06dd6a13be2543a0eb6b/src/main/java/util/events/ClearLogicModelEventHandler.java"}, {"File": "/home/ubuntu/Projects/Code/Classfier/HubTurbo_7b0194d05796d21208db06dd6a13be2543a0eb6b/src/main/java/util/events/EventDispatcherStub.java"}, {"File": "/home/ubuntu/Projects/Code/Classfier/HubTurbo_7b0194d05796d21208db06dd6a13be2543a0eb6b/src/main/java/util/events/UILogicRefreshEvent.java"}, {"File": "/home/ubuntu/Projects/Code/Classfier/HubTurbo_7b0194d05796d21208db06dd6a13be2543a0eb6b/src/main/java/util/events/UILogicRefreshEventHandler.java"}, {"File": "/home/ubuntu/Projects/Code/Classfier/HubTurbo_7b0194d05796d21208db06dd6a13be2543a0eb6b/src/main/java/util/events/UpdateDummyRepoEvent.java"}, {"File": "/home/ubuntu/Projects/Code/Classfier/HubTurbo_7b0194d05796d21208db06dd6a13be2543a0eb6b/src/main/java/util/events/UpdateDummyRepoEventHandler.java"}], "Files Deleted": [{"File": "/home/ubuntu/Projects/Code/Classfier/HubTurbo_5595fbc/src/main/java/ui/components/BetterCheckListItem.java"}, {"File": "/home/ubuntu/Projects/Code/Classfier/HubTurbo_5595fbc/src/main/java/ui/components/BetterCheckListView.java"}, {"File": "/home/ubuntu/Projects/Code/Classfier/HubTurbo_5595fbc/src/main/java/ui/components/TraversableTextArea.java"}, {"File": "/home/ubuntu/Projects/Code/Classfier/HubTurbo_5595fbc/src/main/java/util/Browse.java"}, {"File": "/home/ubuntu/Projects/Code/Classfier/HubTurbo_5595fbc/src/main/java/util/events/IssueViewedEvent.java"}, {"File": "/home/ubuntu/Projects/Code/Classfier/HubTurbo_5595fbc/src/main/java/util/events/IssueViewedEventHandler.java"}, {"File": "/home/ubuntu/Projects/Code/Classfier/HubTurbo_5595fbc/src/main/java/util/events/LoginEvent.java"}, {"File": "/home/ubuntu/Projects/Code/Classfier/HubTurbo_5595fbc/src/main/java/util/events/LoginEventHandler.java"}]}, "BUILD_FILES": {}}