{"TEST_FILES": {"Files Modified": [{"File": "/home/ubuntu/Projects/Code/Classfier/byte-buddy_3736a10c170a415c1027d87a5424aca589169710/byte-buddy-dep/src/test/java/net/bytebuddy/description/type/TypeDescriptionLatentTest.java", "Import Modified": [], "Import Added": [], "Import Deleted": [], "Class Modified": [{"Class": "TypeDescriptionLatentTest", "Function Modified": [], "Function Added": [], "Function Deleted": [{"Function": "testName"}], "Modifier Modified": "No", "Field Declaration Modified": 0, "Field Declaration Added": 0, "Field Declaration Deleted": 0}], "Class Added": [], "Class Deleted": []}, {"File": "/home/ubuntu/Projects/Code/Classfier/byte-buddy_3736a10c170a415c1027d87a5424aca589169710/byte-buddy-dep/src/test/java/net/bytebuddy/dynamic/scaffold/TypeWriterDefaultTest.java", "Import Modified": [], "Import Added": [], "Import Deleted": ["net.bytebuddy.description.field.FieldDescription", "net.bytebuddy.description.field.FieldList", "net.bytebuddy.description.method.MethodList", "java.lang.reflect.Field"], "Class Modified": [{"Class": "TypeWriterDefaultTest", "Function Modified": [], "Function Added": [{"Function": "Test", "Block Modified": "No", "Block Added/Deleted": "No", "Param Modified": 0, "Param Added/Deleted": 0, "Return Type Modified": "No", "Modifier Modified": "No"}], "Function Deleted": [], "Modifier Modified": "No", "Field Declaration Modified": 0, "Field Declaration Added": 0, "Field Declaration Deleted": 0}], "Class Added": [], "Class Deleted": []}], "Files Added": [], "Files Deleted": []}, "SRC_FILES": {"Files Modified": [{"File": "/home/ubuntu/Projects/Code/Classfier/byte-buddy_3736a10c170a415c1027d87a5424aca589169710/byte-buddy-dep/src/main/java/net/bytebuddy/description/type/TypeDescription.java", "Import Modified": [], "Import Added": [], "Import Deleted": [], "Class Modified": [{"Class": "TypeDescription", "Function Modified": [], "Function Added": [], "Function Deleted": [], "Modifier Modified": "No", "Field Declaration Modified": 0, "Field Declaration Added": 0, "Field Declaration Deleted": 0}], "Class Added": [], "Class Deleted": []}, {"File": "/home/ubuntu/Projects/Code/Classfier/byte-buddy_3736a10c170a415c1027d87a5424aca589169710/byte-buddy-dep/src/main/java/net/bytebuddy/implementation/MethodDelegation.java", "Import Modified": [], "Import Added": [], "Import Deleted": [], "Class Modified": [{"Class": "MethodDelegation", "Function Modified": [{"Function": "MethodDelegation", "Block Modified": "No", "Block Added/Deleted": "No", "Param Modified": 0, "Param Added/Deleted": 0, "Return Type Modified": "No", "Modifier Modified": "No"}], "Function Added": [], "Function Deleted": [], "Modifier Modified": "No", "Field Declaration Modified": 0, "Field Declaration Added": 0, "Field Declaration Deleted": 0}], "Class Added": [], "Class Deleted": []}], "Files Added": [], "Files Deleted": []}, "BUILD_FILES": {}}