{"TEST_FILES": {"Files Modified": [], "Files Added": [], "Files Deleted": []}, "SRC_FILES": {"Files Modified": [{"File": "/home/ubuntu/Projects/Code/Classfier/goclipse_46bc6e41b35c8a9033d0358771c95c0f7c378cd9/plugin_ide.core/src/melnorme/lang/ide/core/BundleInfo.java", "Import Modified": [], "Import Added": [], "Import Deleted": [], "Class Modified": [{"Class": "BundleInfo", "Function Modified": [{"Function": "getBuildConfigurations", "Block Modified": "No", "Block Added/Deleted": "No", "Param Modified": 0, "Param Added/Deleted": 0, "Return Type Modified": "No", "Modifier Modified": "No"}], "Function Added": [], "Function Deleted": [], "Modifier Modified": "No", "Field Declaration Modified": 0, "Field Declaration Added": 0, "Field Declaration Deleted": 0}], "Class Added": [], "Class Deleted": [{"Class": "", "Function Modified": [], "Function Added": [], "Function Deleted": [], "Modifier Modified": "No", "Field Declaration Modified": 0, "Field Declaration Added": 0, "Field Declaration Deleted": 0}]}, {"File": "/home/ubuntu/Projects/Code/Classfier/goclipse_46bc6e41b35c8a9033d0358771c95c0f7c378cd9/plugin_ide.core/src/melnorme/lang/ide/core/INavigatorElement_Actual.java", "Import Modified": ["replace LANG_PROJECT_ID.ide.core.bundle_model.ILANGUAGE_NavigatorElement by com.googlecode.goclipse.core.IGoNavigatorElement"], "Import Added": [], "Import Deleted": [], "Class Modified": [{"Class": "", "Function Modified": [], "Function Added": [], "Function Deleted": [], "Modifier Modified": "No", "Field Declaration Modified": 0, "Field Declaration Added": 0, "Field Declaration Deleted": 0}, {"Class": "INavigatorElement_Actual", "Function Modified": [], "Function Added": [], "Function Deleted": [], "Modifier Modified": "No", "Field Declaration Modified": 0, "Field Declaration Added": 0, "Field Declaration Deleted": 0}], "Class Added": [], "Class Deleted": []}, {"File": "/home/ubuntu/Projects/Code/Classfier/goclipse_46bc6e41b35c8a9033d0358771c95c0f7c378cd9/plugin_ide.core/src/melnorme/lang/ide/core/LangCore_Actual.java", "Import Modified": ["replace LANG_PROJECT_ID.ide.core.bundle_model.LANGUAGE_BundleModelManager by com.googlecode.goclipse.core.engine.GoBundleModelManager", "replace LANG_PROJECT_ID.ide.core.engine.LANGUAGE_SourceModelManager by com.googlecode.goclipse.core.engine.GoSourceModelManager", "replace LANG_PROJECT_ID.ide.core.operations.LANGUAGE_BuildManager by com.googlecode.goclipse.core.engine.GoBundleModelManager.GoBundleModel", "replace LANG_PROJECT_ID.ide.core.operations.LANGUAGE_ToolManager by com.googlecode.goclipse.core.operations.GoBuildManager"], "Import Added": ["com.googlecode.goclipse.core.operations.GoToolManager"], "Import Deleted": ["melnorme.lang.ide.core.project_model.BundleModelManager"], "Class Modified": [{"Class": "", "Function Modified": [], "Function Added": [], "Function Deleted": [], "Modifier Modified": "No", "Field Declaration Modified": 0, "Field Declaration Added": 0, "Field Declaration Deleted": 0}, {"Class": "LangCore_Actual", "Function Modified": [{"Function": "createBuildManager", "Block Modified": "No", "Block Added/Deleted": "No", "Param Modified": 0, "Param Added/Deleted": 0, "Return Type Modified": "No", "Modifier Modified": "No"}], "Function Added": [], "Function Deleted": [], "Modifier Modified": "No", "Field Declaration Modified": 7, "Field Declaration Added": 0, "Field Declaration Deleted": 0}], "Class Added": [], "Class Deleted": []}, {"File": "/home/ubuntu/Projects/Code/Classfier/goclipse_46bc6e41b35c8a9033d0358771c95c0f7c378cd9/plugin_ide.core/src/melnorme/lang/ide/core/LaunchConstants_Actual.java", "Import Modified": [], "Import Added": [], "Import Deleted": [], "Class Modified": [{"Class": "LaunchConstants_Actual", "Function Modified": [], "Function Added": [], "Function Deleted": [], "Modifier Modified": "No", "Field Declaration Modified": 1, "Field Declaration Added": 0, "Field Declaration Deleted": 0}], "Class Added": [], "Class Deleted": []}, {"File": "/home/ubuntu/Projects/Code/Classfier/goclipse_46bc6e41b35c8a9033d0358771c95c0f7c378cd9/plugin_ide.core/src/melnorme/lang/ide/core/TextSettings_Actual.java", "Import Modified": [], "Import Added": ["com.googlecode.goclipse.core.text.GoDocumentSetupParticipant", "com.googlecode.goclipse.core.text.GoPartitionScanner"], "Import Deleted": ["LANG_PROJECT_ID.ide.core.text.LANGUAGE_DocumentSetupParticipant", "LANG_PROJECT_ID.ide.core.text.LANGUAGE_PartitionScanner"], "Class Modified": [{"Class": "", "Function Modified": [], "Function Added": [], "Function Deleted": [], "Modifier Modified": "No", "Field Declaration Modified": 0, "Field Declaration Added": 0, "Field Declaration Deleted": 0}, {"Class": "TextSettings_Actual", "Function Modified": [], "Function Added": [], "Function Deleted": [], "Modifier Modified": "No", "Field Declaration Modified": 1, "Field Declaration Added": 0, "Field Declaration Deleted": 0}], "Class Added": [], "Class Deleted": []}, {"File": "/home/ubuntu/Projects/Code/Classfier/goclipse_46bc6e41b35c8a9033d0358771c95c0f7c378cd9/plugin_ide.core/src/melnorme/lang/ide/core/project_model/view/BundleModelElementKind.java", "Import Modified": [], "Import Added": ["melnorme.lang.ide.core.project_model.view.BundleErrorElement", "melnorme.lang.ide.core.project_model.view.IBundleModelElement"], "Import Deleted": [], "Class Modified": [{"Class": "", "Function Modified": [], "Function Added": [], "Function Deleted": [], "Modifier Modified": "No", "Field Declaration Modified": 0, "Field Declaration Added": 0, "Field Declaration Deleted": 0}], "Class Added": [], "Class Deleted": []}, {"File": "/home/ubuntu/Projects/Code/Classfier/goclipse_46bc6e41b35c8a9033d0358771c95c0f7c378cd9/plugin_ide.core/src/melnorme/lang/ide/core/project_model/view/DependenciesContainer.java", "Import Modified": [], "Import Added": ["melnorme.utilbox.core.Assert.AssertNamespace.assertFail"], "Import Deleted": [], "Class Modified": [{"Class": "", "Function Modified": [], "Function Added": [], "Function Deleted": [], "Modifier Modified": "No", "Field Declaration Modified": 0, "Field Declaration Added": 0, "Field Declaration Deleted": 0}, {"Class": "DependenciesContainer", "Function Modified": [{"Function": "createChildren", "Block Modified": "No", "Block Added/Deleted": "Yes", "Param Modified": 0, "Param Added/Deleted": 0, "Return Type Modified": "No", "Modifier Modified": "No"}], "Function Added": [], "Function Deleted": [], "Modifier Modified": "No", "Field Declaration Modified": 0, "Field Declaration Added": 0, "Field Declaration Deleted": 0}], "Class Added": [], "Class Deleted": []}, {"File": "/home/ubuntu/Projects/Code/Classfier/goclipse_46bc6e41b35c8a9033d0358771c95c0f7c378cd9/plugin_ide.core.tests/src/melnorme/lang/ide/core/tests/CommonCoreTest_ActualClass.java", "Import Modified": ["replace LANG_PROJECT_ID.tests.CommonLANGUAGE_WorkspaceTest by com.googlecode.goclipse.core.CommonGoCoreTest"], "Import Added": [], "Import Deleted": [], "Class Modified": [{"Class": "CommonCoreTest_ActualClass", "Function Modified": [], "Function Added": [], "Function Deleted": [], "Modifier Modified": "No", "Field Declaration Modified": 0, "Field Declaration Added": 0, "Field Declaration Deleted": 0}], "Class Added": [], "Class Deleted": []}, {"File": "/home/ubuntu/Projects/Code/Classfier/goclipse_46bc6e41b35c8a9033d0358771c95c0f7c378cd9/plugin_ide.debug/src/melnorme/lang/ide/debug/core/LangDebug_Actual.java", "Import Modified": [], "Import Added": [], "Import Deleted": [], "Class Modified": [{"Class": "LangDebug_Actual", "Function Modified": [], "Function Added": [], "Function Deleted": [], "Modifier Modified": "No", "Field Declaration Modified": 1, "Field Declaration Added": 0, "Field Declaration Deleted": 0}], "Class Added": [], "Class Deleted": []}, {"File": "/home/ubuntu/Projects/Code/Classfier/goclipse_46bc6e41b35c8a9033d0358771c95c0f7c378cd9/plugin_ide.debug/src/melnorme/lang/ide/debug/core/LangLaunchConfigurationDelegate_Actual.java", "Import Modified": ["replace LANG_PROJECT_ID.ide.core.launch.LANGUAGE_LaunchConfigDelegate by com.googlecode.goclipse.core.launch.GoLaunchConfigurationDelegate"], "Import Added": [], "Import Deleted": [], "Class Modified": [{"Class": "LangLaunchConfigurationDelegate_Actual", "Function Modified": [], "Function Added": [], "Function Deleted": [], "Modifier Modified": "No", "Field Declaration Modified": 0, "Field Declaration Added": 0, "Field Declaration Deleted": 0}], "Class Added": [], "Class Deleted": []}, {"File": "/home/ubuntu/Projects/Code/Classfier/goclipse_46bc6e41b35c8a9033d0358771c95c0f7c378cd9/plugin_ide.debug/src/melnorme/lang/ide/debug/ui/DebugUI_Actual.java", "Import Modified": ["replace melnorme.lang.ide.ui.LangUIPlugin by com.googlecode.goclipse.debug.ui.GoToggleBreakpointAdapter", "replace LANG_PROJECT_ID.ide.debug.ui.ToggleBreakpointAdapter by melnorme.lang.ide.core.LangCore"], "Import Added": [], "Import Deleted": [], "Class Modified": [{"Class": "DebugUI_Actual", "Function Modified": [], "Function Added": [], "Function Deleted": [], "Modifier Modified": "No", "Field Declaration Modified": 1, "Field Declaration Added": 0, "Field Declaration Deleted": 0}], "Class Added": [], "Class Deleted": []}, {"File": "/home/ubuntu/Projects/Code/Classfier/goclipse_46bc6e41b35c8a9033d0358771c95c0f7c378cd9/plugin_ide.ui/src/melnorme/lang/ide/ui/EditorSettings_Actual.java", "Import Modified": ["replace LANG_PROJECT_ID.ide.ui.editor.LANGUAGE_Editor by com.googlecode.goclipse.ui.editor.GoEditor", "replace LANG_PROJECT_ID.ide.ui.text.LANGUAGE_ColorPreferences by com.googlecode.goclipse.ui.text.GoColorPreferences"], "Import Added": ["com.googlecode.goclipse.ui.editor.actions.GoEditorContextMenuContributor"], "Import Deleted": [], "Class Modified": [{"Class": "", "Function Modified": [], "Function Added": [], "Function Deleted": [], "Modifier Modified": "No", "Field Declaration Modified": 0, "Field Declaration Added": 0, "Field Declaration Deleted": 0}, {"Class": "EditorSettings_Actual", "Function Modified": [{"Function": "createTemplateEditorSourceViewerConfiguration", "Block Modified": "No", "Block Added/Deleted": "Yes", "Param Modified": 0, "Param Added/Deleted": 0, "Return Type Modified": "No", "Modifier Modified": "No"}], "Function Added": [], "Function Deleted": [], "Modifier Modified": "No", "Field Declaration Modified": 3, "Field Declaration Added": 0, "Field Declaration Deleted": 0}, {"Class": "", "Function Modified": [], "Function Added": [], "Function Deleted": [], "Modifier Modified": "No", "Field Declaration Modified": 0, "Field Declaration Added": 0, "Field Declaration Deleted": 0}], "Class Added": [], "Class Deleted": []}, {"File": "/home/ubuntu/Projects/Code/Classfier/goclipse_46bc6e41b35c8a9033d0358771c95c0f7c378cd9/plugin_ide.ui/src/melnorme/lang/ide/ui/LangImageProvider.java", "Import Modified": [], "Import Added": ["melnorme.util.swt.jface.IManagedImage", "com.googlecode.goclipse.ui.GoPluginImages"], "Import Deleted": [], "Class Modified": [{"Class": "", "Function Modified": [], "Function Added": [], "Function Deleted": [], "Modifier Modified": "No", "Field Declaration Modified": 0, "Field Declaration Added": 0, "Field Declaration Deleted": 0}, {"Class": "LangImageProvider", "Function Modified": [], "Function Added": [{"Function": "Override", "Block Modified": "No", "Block Added/Deleted": "No", "Param Modified": 0, "Param Added/Deleted": 0, "Return Type Modified": "No", "Modifier Modified": "No"}, {"Function": "Override", "Block Modified": "No", "Block Added/Deleted": "No", "Param Modified": 0, "Param Added/Deleted": 0, "Return Type Modified": "No", "Modifier Modified": "No"}, {"Function": "Override", "Block Modified": "No", "Block Added/Deleted": "No", "Param Modified": 0, "Param Added/Deleted": 0, "Return Type Modified": "No", "Modifier Modified": "No"}, {"Function": "Override", "Block Modified": "No", "Block Added/Deleted": "No", "Param Modified": 0, "Param Added/Deleted": 0, "Return Type Modified": "No", "Modifier Modified": "No"}, {"Function": "Override", "Block Modified": "No", "Block Added/Deleted": "No", "Param Modified": 0, "Param Added/Deleted": 0, "Return Type Modified": "No", "Modifier Modified": "No"}, {"Function": "Override", "Block Modified": "No", "Block Added/Deleted": "No", "Param Modified": 0, "Param Added/Deleted": 0, "Return Type Modified": "No", "Modifier Modified": "No"}], "Function Deleted": [], "Modifier Modified": "No", "Field Declaration Modified": 0, "Field Declaration Added": 0, "Field Declaration Deleted": 0}], "Class Added": [], "Class Deleted": []}, {"File": "/home/ubuntu/Projects/Code/Classfier/goclipse_46bc6e41b35c8a9033d0358771c95c0f7c378cd9/plugin_ide.ui/src/melnorme/lang/ide/ui/LangUIMessages_Actual.java", "Import Modified": [], "Import Added": [], "Import Deleted": [], "Class Modified": [{"Class": "LangUIMessages_Actual", "Function Modified": [], "Function Added": [], "Function Deleted": [], "Modifier Modified": "No", "Field Declaration Modified": 2, "Field Declaration Added": 0, "Field Declaration Deleted": 0}], "Class Added": [], "Class Deleted": []}, {"File": "/home/ubuntu/Projects/Code/Classfier/goclipse_46bc6e41b35c8a9033d0358771c95c0f7c378cd9/plugin_ide.ui/src/melnorme/lang/ide/ui/OperationsConsolePrefDefaults_Actual.java", "Import Modified": [], "Import Added": [], "Import Deleted": [], "Class Modified": [{"Class": "OperationsConsolePrefDefaults_Actual", "Function Modified": [], "Function Added": [], "Function Deleted": [], "Modifier Modified": "No", "Field Declaration Modified": 3, "Field Declaration Added": 0, "Field Declaration Deleted": 0}], "Class Added": [], "Class Deleted": []}, {"File": "/home/ubuntu/Projects/Code/Classfier/goclipse_46bc6e41b35c8a9033d0358771c95c0f7c378cd9/plugin_ide.ui/src/melnorme/lang/ide/ui/WizardMessages_Actual.java", "Import Modified": [], "Import Added": [], "Import Deleted": [], "Class Modified": [{"Class": "WizardMessages_Actual", "Function Modified": [], "Function Added": [], "Function Deleted": [], "Modifier Modified": "No", "Field Declaration Modified": 4, "Field Declaration Added": 0, "Field Declaration Deleted": 0}], "Class Added": [], "Class Deleted": []}, {"File": "/home/ubuntu/Projects/Code/Classfier/goclipse_46bc6e41b35c8a9033d0358771c95c0f7c378cd9/plugin_ide.ui/src/melnorme/lang/ide/ui/navigator/NavigatorElementsSwitcher.java", "Import Modified": [], "Import Added": ["org.eclipse.core.filesystem.IFileStore", "com.googlecode.goclipse.ui.navigator.elements.GoPathElement"], "Import Deleted": [], "Class Modified": [{"Class": "", "Function Modified": [], "Function Added": [], "Function Deleted": [], "Modifier Modified": "No", "Field Declaration Modified": 0, "Field Declaration Added": 0, "Field Declaration Deleted": 0}, {"Class": "NavigatorElementsSwitcher", "Function Modified": [], "Function Added": [{"Function": "Override", "Block Modified": "No", "Block Added/Deleted": "No", "Param Modified": 0, "Param Added/Deleted": 0, "Return Type Modified": "No", "Modifier Modified": "No"}, {"Function": "RET", "Block Modified": "No", "Block Added/Deleted": "No", "Param Modified": 0, "Param Added/Deleted": 0, "Return Type Modified": "No", "Modifier Modified": "No"}, {"Function": "RET", "Block Modified": "No", "Block Added/Deleted": "No", "Param Modified": 0, "Param Added/Deleted": 0, "Return Type Modified": "No", "Modifier Modified": "No"}], "Function Deleted": [], "Modifier Modified": "No", "Field Declaration Modified": 0, "Field Declaration Added": 0, "Field Declaration Deleted": 0}], "Class Added": [], "Class Deleted": []}, {"File": "/home/ubuntu/Projects/Code/Classfier/goclipse_46bc6e41b35c8a9033d0358771c95c0f7c378cd9/plugin_ide.ui/src/melnorme/lang/ide/ui/text/LangSourceViewerConfiguration.java", "Import Modified": ["replace melnorme.utilbox.core.Assert.AssertNamespace.assertUnreachable by melnorme.utilbox.core.Assert.AssertNamespace.assertFail", "replace LANG_PROJECT_ID.ide.ui.editor.LANGUAGE_CompletionProposalComputer by com.googlecode.goclipse.ui.GoUIPreferenceConstants", "replace LANG_PROJECT_ID.ide.ui.text.LANGUAGE_CodeScanner by com.googlecode.goclipse.ui.editor.GocodeCompletionProposalComputer", "replace LANG_PROJECT_ID.ide.ui.text.LANGUAGE_ColorPreferences by com.googlecode.goclipse.ui.text.GoScanner"], "Import Added": [], "Import Deleted": [], "Class Modified": [{"Class": "", "Function Modified": [], "Function Added": [], "Function Deleted": [], "Modifier Modified": "No", "Field Declaration Modified": 0, "Field Declaration Added": 0, "Field Declaration Deleted": 0}, {"Class": "LangSourceViewerConfiguration", "Function Modified": [{"Function": "createScannerFor", "Block Modified": "No", "Block Added/Deleted": "Yes", "Param Modified": 0, "Param Added/Deleted": 0, "Return Type Modified": "No", "Modifier Modified": "No"}], "Function Added": [], "Function Deleted": [], "Modifier Modified": "No", "Field Declaration Modified": 0, "Field Declaration Added": 0, "Field Declaration Deleted": 0}], "Class Added": [], "Class Deleted": []}, {"File": "/home/ubuntu/Projects/Code/Classfier/goclipse_46bc6e41b35c8a9033d0358771c95c0f7c378cd9/plugin_ide.ui/src/melnorme/lang/ide/ui/text/SimpleSourceViewerConfiguration.java", "Import Modified": [], "Import Added": [], "Import Deleted": [], "Class Modified": [{"Class": "SimpleSourceViewerConfiguration", "Function Modified": [{"Function": "SimpleSourceViewerConfiguration", "Block Modified": "No", "Block Added/Deleted": "No", "Param Modified": 0, "Param Added/Deleted": 0, "Return Type Modified": "No", "Modifier Modified": "No"}], "Function Added": [], "Function Deleted": [], "Modifier Modified": "No", "Field Declaration Modified": 0, "Field Declaration Added": 0, "Field Declaration Deleted": 0}], "Class Added": [], "Class Deleted": []}, {"File": "/home/ubuntu/Projects/Code/Classfier/goclipse_46bc6e41b35c8a9033d0358771c95c0f7c378cd9/plugin_ide.ui.tests/src/melnorme/lang/ide/ui/tests/UITests_Actual.java", "Import Modified": ["replace melnorme.lang.ide.ui.LangUIPlugin_Actual by com.googlecode.goclipse.ui.GoPerspective"], "Import Added": [], "Import Deleted": [], "Class Modified": [{"Class": "UITests_Actual", "Function Modified": [], "Function Added": [], "Function Deleted": [], "Modifier Modified": "No", "Field Declaration Modified": 1, "Field Declaration Added": 0, "Field Declaration Deleted": 0}], "Class Added": [], "Class Deleted": []}, {"File": "/home/ubuntu/Projects/Code/Classfier/goclipse_46bc6e41b35c8a9033d0358771c95c0f7c378cd9/plugin_tooling/src/melnorme/lang/tooling/BundlePath.java", "Import Modified": [], "Import Added": [], "Import Deleted": [], "Class Modified": [{"Class": "BundlePath", "Function Modified": [], "Function Added": [], "Function Deleted": [{"Function": "getManifestLocation"}], "Modifier Modified": "No", "Field Declaration Modified": 0, "Field Declaration Added": 0, "Field Declaration Deleted": 0}], "Class Added": [], "Class Deleted": []}, {"File": "/home/ubuntu/Projects/Code/Classfier/goclipse_46bc6e41b35c8a9033d0358771c95c0f7c378cd9/plugin_tooling/src/melnorme/lang/tooling/CompletionProposalKind.java", "Import Modified": [], "Import Added": [], "Import Deleted": [], "Class Modified": [{"Class": "", "Function Modified": [], "Function Added": [], "Function Deleted": [], "Modifier Modified": "No", "Field Declaration Modified": 0, "Field Declaration Added": 0, "Field Declaration Deleted": 0}, {"Class": "ProposalKindVisitor", "Function Modified": [], "Function Added": [{"Function": "RET", "Block Modified": "No", "Block Added/Deleted": "No", "Param Modified": 0, "Param Added/Deleted": 0, "Return Type Modified": "No", "Modifier Modified": "No"}], "Function Deleted": [], "Modifier Modified": "No", "Field Declaration Modified": 0, "Field Declaration Added": 0, "Field Declaration Deleted": 0}, {"Class": "", "Function Modified": [{"Function": "switchOnKind", "Block Modified": "No", "Block Added/Deleted": "Yes", "Param Modified": 0, "Param Added/Deleted": 0, "Return Type Modified": "No", "Modifier Modified": "No"}], "Function Added": [], "Function Deleted": [], "Modifier Modified": "No", "Field Declaration Modified": 0, "Field Declaration Added": 0, "Field Declaration Deleted": 0}], "Class Added": [], "Class Deleted": []}, {"File": "/home/ubuntu/Projects/Code/Classfier/goclipse_46bc6e41b35c8a9033d0358771c95c0f7c378cd9/plugin_tooling/src/melnorme/lang/tooling/structure/StructureElementKind.java", "Import Modified": [], "Import Added": [], "Import Deleted": [], "Class Modified": [{"Class": "", "Function Modified": [], "Function Added": [], "Function Deleted": [], "Modifier Modified": "No", "Field Declaration Modified": 0, "Field Declaration Added": 0, "Field Declaration Deleted": 0}, {"Class": "StructureElementKindVisitor", "Function Modified": [], "Function Added": [{"Function": "RET", "Block Modified": "No", "Block Added/Deleted": "No", "Param Modified": 0, "Param Added/Deleted": 0, "Return Type Modified": "No", "Modifier Modified": "No"}, {"Function": "RET", "Block Modified": "No", "Block Added/Deleted": "No", "Param Modified": 0, "Param Added/Deleted": 0, "Return Type Modified": "No", "Modifier Modified": "No"}, {"Function": "RET", "Block Modified": "No", "Block Added/Deleted": "No", "Param Modified": 0, "Param Added/Deleted": 0, "Return Type Modified": "No", "Modifier Modified": "No"}], "Function Deleted": [], "Modifier Modified": "No", "Field Declaration Modified": 0, "Field Declaration Added": 0, "Field Declaration Deleted": 0}, {"Class": "", "Function Modified": [{"Function": "switchOnKind", "Block Modified": "No", "Block Added/Deleted": "Yes", "Param Modified": 0, "Param Added/Deleted": 0, "Return Type Modified": "No", "Modifier Modified": "No"}], "Function Added": [], "Function Deleted": [], "Modifier Modified": "No", "Field Declaration Modified": 0, "Field Declaration Added": 0, "Field Declaration Deleted": 0}, {"Class": "", "Function Modified": [], "Function Added": [], "Function Deleted": [], "Modifier Modified": "No", "Field Declaration Modified": 0, "Field Declaration Added": 0, "Field Declaration Deleted": 0}, {"Class": "", "Function Modified": [{"Function": "switchOnKind", "Block Modified": "No", "Block Added/Deleted": "No", "Param Modified": 0, "Param Added/Deleted": 0, "Return Type Modified": "No", "Modifier Modified": "No"}], "Function Added": [], "Function Deleted": [], "Modifier Modified": "No", "Field Declaration Modified": 0, "Field Declaration Added": 0, "Field Declaration Deleted": 0}, {"Class": "", "Function Modified": [{"Function": "switchOnKind", "Block Modified": "No", "Block Added/Deleted": "No", "Param Modified": 0, "Param Added/Deleted": 0, "Return Type Modified": "No", "Modifier Modified": "No"}], "Function Added": [], "Function Deleted": [], "Modifier Modified": "No", "Field Declaration Modified": 0, "Field Declaration Added": 0, "Field Declaration Deleted": 0}, {"Class": "", "Function Modified": [{"Function": "switchOnKind", "Block Modified": "No", "Block Added/Deleted": "No", "Param Modified": 0, "Param Added/Deleted": 0, "Return Type Modified": "No", "Modifier Modified": "No"}], "Function Added": [], "Function Deleted": [], "Modifier Modified": "No", "Field Declaration Modified": 0, "Field Declaration Added": 0, "Field Declaration Deleted": 0}], "Class Added": [], "Class Deleted": [{"Class": "", "Function Modified": [], "Function Added": [], "Function Deleted": [], "Modifier Modified": "No", "Field Declaration Modified": 0, "Field Declaration Added": 0, "Field Declaration Deleted": 0}, {"Class": "", "Function Modified": [], "Function Added": [], "Function Deleted": [{"Function": "switchOnKind"}], "Modifier Modified": "No", "Field Declaration Modified": 0, "Field Declaration Added": 0, "Field Declaration Deleted": 0}]}, {"File": "/home/ubuntu/Projects/Code/Classfier/goclipse_46bc6e41b35c8a9033d0358771c95c0f7c378cd9/releng/plugin_jvmcheck/src/lang_project_id/jvmcheck/JvmCheckConstants_Actual.java", "Import Modified": [], "Import Added": [], "Import Deleted": [], "Class Modified": [{"Class": "JvmCheckConstants_Actual", "Function Modified": [], "Function Added": [], "Function Deleted": [], "Modifier Modified": "No", "Field Declaration Modified": 1, "Field Declaration Added": 0, "Field Declaration Deleted": 0}], "Class Added": [], "Class Deleted": []}], "Files Added": [], "Files Deleted": []}, "BUILD_FILES": {}}