{"TEST_FILES": {"Files Modified": [{"File": "/home/ubuntu/Projects/Code/Classfier/byte-buddy_d750f50e605696c8d1e771d3a22766c6ee928929/byte-buddy-dep/src/test/java/net/bytebuddy/description/type/AbstractTypeDescriptionGenericTest.java", "Import Modified": [], "Import Added": [], "Import Deleted": ["net.bytebuddy.dynamic.loading.PackageDefinitionStrategy", "net.bytebuddy.dynamic.scaffold.MethodGraphCompilerDefaultTest", "org.junit.Ignore"], "Class Modified": [], "Class Added": [], "Class Deleted": []}], "Files Added": [], "Files Deleted": []}, "SRC_FILES": {"Files Modified": [], "Files Added": [], "Files Deleted": []}, "BUILD_FILES": {}}