{"TEST_FILES": {"Files Modified": [], "Files Added": [], "Files Deleted": []}, "SRC_FILES": {"Files Modified": [{"File": "/home/ubuntu/Projects/Code/Classfier/Baragon_6d0fc62b5bd2fb91743685d8d65fd02ed0aac796/BaragonData/src/main/java/com/hubspot/baragon/data/BaragonLoadBalancerDatastore.java", "Import Modified": [], "Import Added": [], "Import Deleted": [], "Class Modified": [{"Class": "BaragonLoadBalancerDatastore", "Function Modified": [], "Function Added": [{"Function": "setTargetCount", "Block Modified": "No", "Block Added/Deleted": "No", "Param Modified": 0, "Param Added/Deleted": 0, "Return Type Modified": "No", "Modifier Modified": "No"}, {"Function": "Optional", "Block Modified": "No", "Block Added/Deleted": "No", "Param Modified": 0, "Param Added/Deleted": 0, "Return Type Modified": "No", "Modifier Modified": "No"}], "Function Deleted": [], "Modifier Modified": "No", "Field Declaration Modified": 0, "Field Declaration Added": 1, "Field Declaration Deleted": 0}], "Class Added": [], "Class Deleted": []}, {"File": "/home/ubuntu/Projects/Code/Classfier/Baragon_6d0fc62b5bd2fb91743685d8d65fd02ed0aac796/BaragonService/src/main/java/com/hubspot/baragon/service/config/BaragonConfiguration.java", "Import Modified": [], "Import Added": [], "Import Deleted": [], "Class Modified": [{"Class": "BaragonConfiguration", "Function Modified": [], "Function Added": [{"Function": "isEnforceTargetAgentCount", "Block Modified": "No", "Block Added/Deleted": "No", "Param Modified": 0, "Param Added/Deleted": 0, "Return Type Modified": "No", "Modifier Modified": "No"}, {"Function": "setEnforceTargetAgentCount", "Block Modified": "No", "Block Added/Deleted": "No", "Param Modified": 0, "Param Added/Deleted": 0, "Return Type Modified": "No", "Modifier Modified": "No"}, {"Function": "getDefaultTargetAgentCount", "Block Modified": "No", "Block Added/Deleted": "No", "Param Modified": 0, "Param Added/Deleted": 0, "Return Type Modified": "No", "Modifier Modified": "No"}, {"Function": "setDefaultTargetAgentCount", "Block Modified": "No", "Block Added/Deleted": "No", "Param Modified": 0, "Param Added/Deleted": 0, "Return Type Modified": "No", "Modifier Modified": "No"}], "Function Deleted": [], "Modifier Modified": "No", "Field Declaration Modified": 0, "Field Declaration Added": 2, "Field Declaration Deleted": 0}], "Class Added": [], "Class Deleted": []}, {"File": "/home/ubuntu/Projects/Code/Classfier/Baragon_6d0fc62b5bd2fb91743685d8d65fd02ed0aac796/BaragonService/src/main/java/com/hubspot/baragon/service/managers/AgentManager.java", "Import Modified": [], "Import Added": ["com.hubspot.baragon.service.config.BaragonConfiguration"], "Import Deleted": [], "Class Modified": [{"Class": "", "Function Modified": [], "Function Added": [], "Function Deleted": [], "Modifier Modified": "No", "Field Declaration Modified": 0, "Field Declaration Added": 0, "Field Declaration Deleted": 0}, {"Class": "AgentManager", "Function Modified": [{"Function": "AgentManager", "Block Modified": "No", "Block Added/Deleted": "No", "Param Modified": 0, "Param Added/Deleted": 0, "Return Type Modified": "No", "Modifier Modified": "No"}], "Function Added": [], "Function Deleted": [], "Modifier Modified": "No", "Field Declaration Modified": 0, "Field Declaration Added": 1, "Field Declaration Deleted": 0}], "Class Added": [], "Class Deleted": []}, {"File": "/home/ubuntu/Projects/Code/Classfier/Baragon_4bbbacf5844b326ab4b86345b018d458a8707b00/BaragonService/src/main/java/com/hubspot/baragon/service/managers/AgentManager.java", "Import Modified": [], "Import Added": [], "Import Deleted": [], "Class Modified": [{"Class": "AgentManager", "Function Modified": [{"Function": "invalidAgentCount", "Block Modified": "No", "Block Added/Deleted": "Yes", "Param Modified": 0, "Param Added/Deleted": 0, "Return Type Modified": "No", "Modifier Modified": "No"}], "Function Added": [], "Function Deleted": [], "Modifier Modified": "No", "Field Declaration Modified": 0, "Field Declaration Added": 0, "Field Declaration Deleted": 0}], "Class Added": [], "Class Deleted": []}, {"File": "/home/ubuntu/Projects/Code/Classfier/Baragon_6d0fc62b5bd2fb91743685d8d65fd02ed0aac796/BaragonService/src/main/java/com/hubspot/baragon/service/resources/LoadBalancerResource.java", "Import Modified": [], "Import Added": ["com.hubspot.baragon.service.config.BaragonConfiguration"], "Import Deleted": [], "Class Modified": [{"Class": "", "Function Modified": [], "Function Added": [], "Function Deleted": [], "Modifier Modified": "No", "Field Declaration Modified": 0, "Field Declaration Added": 0, "Field Declaration Deleted": 0}, {"Class": "LoadBalancerResource", "Function Modified": [{"Function": "LoadBalancerResource", "Block Modified": "No", "Block Added/Deleted": "No", "Param Modified": 0, "Param Added/Deleted": 0, "Return Type Modified": "No", "Modifier Modified": "No"}], "Function Added": [{"Function": "POST", "Block Modified": "No", "Block Added/Deleted": "No", "Param Modified": 0, "Param Added/Deleted": 0, "Return Type Modified": "No", "Modifier Modified": "No"}, {"Function": "GET", "Block Modified": "No", "Block Added/Deleted": "No", "Param Modified": 0, "Param Added/Deleted": 0, "Return Type Modified": "No", "Modifier Modified": "No"}], "Function Deleted": [], "Modifier Modified": "No", "Field Declaration Modified": 0, "Field Declaration Added": 1, "Field Declaration Deleted": 0}], "Class Added": [], "Class Deleted": []}, {"File": "/home/ubuntu/Projects/Code/Classfier/Baragon_6d0fc62b5bd2fb91743685d8d65fd02ed0aac796/BaragonService/src/main/java/com/hubspot/baragon/service/worker/BaragonRequestWorker.java", "Import Modified": [], "Import Added": [], "Import Deleted": [], "Class Modified": [{"Class": "BaragonRequestWorker", "Function Modified": [{"Function": "handleState", "Block Modified": "No", "Block Added/Deleted": "No", "Param Modified": 0, "Param Added/Deleted": 0, "Return Type Modified": "No", "Modifier Modified": "No"}], "Function Added": [], "Function Deleted": [], "Modifier Modified": "No", "Field Declaration Modified": 0, "Field Declaration Added": 0, "Field Declaration Deleted": 0}], "Class Added": [], "Class Deleted": []}], "Files Added": [], "Files Deleted": []}, "BUILD_FILES": {}}