{"TEST_FILES": {"Files Modified": [], "Files Added": [], "Files Deleted": []}, "SRC_FILES": {"Files Modified": [{"File": "/home/ubuntu/Projects/Code/Classfier/foxtrot_e6577cc2afbfd16542ac20be2392d9833ff24d4e/foxtrot-core/src/main/java/com/flipkart/foxtrot/core/exception/ActionExecutionException.java", "Import Modified": [], "Import Added": ["java.util.HashMap", "java.util.Map"], "Import Deleted": [], "Class Modified": [{"Class": "", "Function Modified": [], "Function Added": [], "Function Deleted": [], "Modifier Modified": "No", "Field Declaration Modified": 0, "Field Declaration Added": 0, "Field Declaration Deleted": 0}, {"Class": "ActionExecutionException", "Function Modified": [], "Function Added": [{"Function": "Override", "Block Modified": "No", "Block Added/Deleted": "No", "Param Modified": 0, "Param Added/Deleted": 0, "Return Type Modified": "No", "Modifier Modified": "No"}], "Function Deleted": [], "Modifier Modified": "No", "Field Declaration Modified": 0, "Field Declaration Added": 0, "Field Declaration Deleted": 0}], "Class Added": [], "Class Deleted": []}, {"File": "/home/ubuntu/Projects/Code/Classfier/foxtrot_e6577cc2afbfd16542ac20be2392d9833ff24d4e/foxtrot-core/src/main/java/com/flipkart/foxtrot/core/exception/ActionResolutionException.java", "Import Modified": [], "Import Added": ["java.util.HashMap", "java.util.Map"], "Import Deleted": [], "Class Modified": [{"Class": "", "Function Modified": [], "Function Added": [], "Function Deleted": [], "Modifier Modified": "No", "Field Declaration Modified": 0, "Field Declaration Added": 0, "Field Declaration Deleted": 0}, {"Class": "ActionResolutionException", "Function Modified": [], "Function Added": [{"Function": "Override", "Block Modified": "No", "Block Added/Deleted": "No", "Param Modified": 0, "Param Added/Deleted": 0, "Return Type Modified": "No", "Modifier Modified": "No"}], "Function Deleted": [], "Modifier Modified": "No", "Field Declaration Modified": 0, "Field Declaration Added": 0, "Field Declaration Deleted": 0}], "Class Added": [], "Class Deleted": []}, {"File": "/home/ubuntu/Projects/Code/Classfier/foxtrot_e6577cc2afbfd16542ac20be2392d9833ff24d4e/foxtrot-core/src/main/java/com/flipkart/foxtrot/core/exception/BadRequestException.java", "Import Modified": [], "Import Added": ["java.util.HashMap", "java.util.Map"], "Import Deleted": [], "Class Modified": [{"Class": "", "Function Modified": [], "Function Added": [], "Function Deleted": [], "Modifier Modified": "No", "Field Declaration Modified": 0, "Field Declaration Added": 0, "Field Declaration Deleted": 0}, {"Class": "BadRequestException", "Function Modified": [], "Function Added": [{"Function": "Override", "Block Modified": "No", "Block Added/Deleted": "No", "Param Modified": 0, "Param Added/Deleted": 0, "Return Type Modified": "No", "Modifier Modified": "No"}], "Function Deleted": [], "Modifier Modified": "No", "Field Declaration Modified": 0, "Field Declaration Added": 0, "Field Declaration Deleted": 0}], "Class Added": [], "Class Deleted": []}, {"File": "/home/ubuntu/Projects/Code/Classfier/foxtrot_e6577cc2afbfd16542ac20be2392d9833ff24d4e/foxtrot-core/src/main/java/com/flipkart/foxtrot/core/exception/DataCleanupException.java", "Import Modified": [], "Import Added": ["java.util.HashMap", "java.util.Map"], "Import Deleted": [], "Class Modified": [{"Class": "", "Function Modified": [], "Function Added": [], "Function Deleted": [], "Modifier Modified": "No", "Field Declaration Modified": 0, "Field Declaration Added": 0, "Field Declaration Deleted": 0}, {"Class": "DataCleanupException", "Function Modified": [], "Function Added": [{"Function": "Override", "Block Modified": "No", "Block Added/Deleted": "No", "Param Modified": 0, "Param Added/Deleted": 0, "Return Type Modified": "No", "Modifier Modified": "No"}], "Function Deleted": [], "Modifier Modified": "No", "Field Declaration Modified": 0, "Field Declaration Added": 0, "Field Declaration Deleted": 0}], "Class Added": [], "Class Deleted": []}, {"File": "/home/ubuntu/Projects/Code/Classfier/foxtrot_e6577cc2afbfd16542ac20be2392d9833ff24d4e/foxtrot-core/src/main/java/com/flipkart/foxtrot/core/exception/DocumentMissingException.java", "Import Modified": [], "Import Added": ["java.util.HashMap", "java.util.Map"], "Import Deleted": [], "Class Modified": [{"Class": "", "Function Modified": [], "Function Added": [], "Function Deleted": [], "Modifier Modified": "No", "Field Declaration Modified": 0, "Field Declaration Added": 0, "Field Declaration Deleted": 0}, {"Class": "DocumentMissingException", "Function Modified": [{"Function": "toString", "Block Modified": "No", "Block Added/Deleted": "Yes", "Param Modified": 0, "Param Added/Deleted": 0, "Return Type Modified": "No", "Modifier Modified": "No"}], "Function Added": [], "Function Deleted": [], "Modifier Modified": "No", "Field Declaration Modified": 0, "Field Declaration Added": 0, "Field Declaration Deleted": 0}], "Class Added": [], "Class Deleted": []}, {"File": "/home/ubuntu/Projects/Code/Classfier/foxtrot_ea3148943146ab1197d6d0e9a95f1b75a2e4cfd8/foxtrot-core/src/main/java/com/flipkart/foxtrot/core/exception/DocumentMissingException.java", "Import Modified": [], "Import Added": [], "Import Deleted": [], "Class Modified": [{"Class": "DocumentMissingException", "Function Modified": [{"Function": "toMap", "Block Modified": "No", "Block Added/Deleted": "No", "Param Modified": 0, "Param Added/Deleted": 0, "Return Type Modified": "No", "Modifier Modified": "No"}], "Function Added": [], "Function Deleted": [], "Modifier Modified": "No", "Field Declaration Modified": 0, "Field Declaration Added": 0, "Field Declaration Deleted": 0}], "Class Added": [], "Class Deleted": []}, {"File": "/home/ubuntu/Projects/Code/Classfier/foxtrot_e6577cc2afbfd16542ac20be2392d9833ff24d4e/foxtrot-core/src/main/java/com/flipkart/foxtrot/core/exception/FoxtrotException.java", "Import Modified": [], "Import Added": ["java.util.Map"], "Import Deleted": [], "Class Modified": [{"Class": "", "Function Modified": [], "Function Added": [], "Function Deleted": [], "Modifier Modified": "No", "Field Declaration Modified": 0, "Field Declaration Added": 0, "Field Declaration Deleted": 0}, {"Class": "FoxtrotException", "Function Modified": [], "Function Added": [{"Function": "Map", "Block Modified": "No", "Block Added/Deleted": "No", "Param Modified": 0, "Param Added/Deleted": 0, "Return Type Modified": "No", "Modifier Modified": "No"}], "Function Deleted": [], "Modifier Modified": "No", "Field Declaration Modified": 0, "Field Declaration Added": 0, "Field Declaration Deleted": 0}], "Class Added": [], "Class Deleted": []}, {"File": "/home/ubuntu/Projects/Code/Classfier/foxtrot_e6577cc2afbfd16542ac20be2392d9833ff24d4e/foxtrot-core/src/main/java/com/flipkart/foxtrot/core/exception/MalformedQueryException.java", "Import Modified": [], "Import Added": ["java.util.HashMap", "java.util.Map"], "Import Deleted": [], "Class Modified": [{"Class": "", "Function Modified": [], "Function Added": [], "Function Deleted": [], "Modifier Modified": "No", "Field Declaration Modified": 0, "Field Declaration Added": 0, "Field Declaration Deleted": 0}, {"Class": "MalformedQueryException", "Function Modified": [], "Function Added": [{"Function": "Override", "Block Modified": "No", "Block Added/Deleted": "No", "Param Modified": 0, "Param Added/Deleted": 0, "Return Type Modified": "No", "Modifier Modified": "No"}], "Function Deleted": [], "Modifier Modified": "No", "Field Declaration Modified": 0, "Field Declaration Added": 0, "Field Declaration Deleted": 0}], "Class Added": [], "Class Deleted": []}, {"File": "/home/ubuntu/Projects/Code/Classfier/foxtrot_e6577cc2afbfd16542ac20be2392d9833ff24d4e/foxtrot-core/src/main/java/com/flipkart/foxtrot/core/exception/QueryCreationException.java", "Import Modified": [], "Import Added": ["java.util.HashMap", "java.util.Map"], "Import Deleted": [], "Class Modified": [{"Class": "", "Function Modified": [], "Function Added": [], "Function Deleted": [], "Modifier Modified": "No", "Field Declaration Modified": 0, "Field Declaration Added": 0, "Field Declaration Deleted": 0}, {"Class": "QueryCreationException", "Function Modified": [], "Function Added": [{"Function": "Override", "Block Modified": "No", "Block Added/Deleted": "No", "Param Modified": 0, "Param Added/Deleted": 0, "Return Type Modified": "No", "Modifier Modified": "No"}], "Function Deleted": [], "Modifier Modified": "No", "Field Declaration Modified": 0, "Field Declaration Added": 0, "Field Declaration Deleted": 0}], "Class Added": [], "Class Deleted": []}, {"File": "/home/ubuntu/Projects/Code/Classfier/foxtrot_e6577cc2afbfd16542ac20be2392d9833ff24d4e/foxtrot-core/src/main/java/com/flipkart/foxtrot/core/exception/StoreConnectionException.java", "Import Modified": [], "Import Added": ["java.util.HashMap", "java.util.Map"], "Import Deleted": [], "Class Modified": [{"Class": "", "Function Modified": [], "Function Added": [], "Function Deleted": [], "Modifier Modified": "No", "Field Declaration Modified": 0, "Field Declaration Added": 0, "Field Declaration Deleted": 0}, {"Class": "StoreConnectionException", "Function Modified": [], "Function Added": [{"Function": "Override", "Block Modified": "No", "Block Added/Deleted": "No", "Param Modified": 0, "Param Added/Deleted": 0, "Return Type Modified": "No", "Modifier Modified": "No"}], "Function Deleted": [], "Modifier Modified": "No", "Field Declaration Modified": 0, "Field Declaration Added": 0, "Field Declaration Deleted": 0}], "Class Added": [], "Class Deleted": []}, {"File": "/home/ubuntu/Projects/Code/Classfier/foxtrot_e6577cc2afbfd16542ac20be2392d9833ff24d4e/foxtrot-core/src/main/java/com/flipkart/foxtrot/core/exception/StoreExecutionException.java", "Import Modified": [], "Import Added": ["java.util.HashMap", "java.util.Map"], "Import Deleted": [], "Class Modified": [{"Class": "", "Function Modified": [], "Function Added": [], "Function Deleted": [], "Modifier Modified": "No", "Field Declaration Modified": 0, "Field Declaration Added": 0, "Field Declaration Deleted": 0}, {"Class": "StoreExecutionException", "Function Modified": [], "Function Added": [{"Function": "Override", "Block Modified": "No", "Block Added/Deleted": "No", "Param Modified": 0, "Param Added/Deleted": 0, "Return Type Modified": "No", "Modifier Modified": "No"}], "Function Deleted": [], "Modifier Modified": "No", "Field Declaration Modified": 0, "Field Declaration Added": 0, "Field Declaration Deleted": 0}], "Class Added": [], "Class Deleted": []}, {"File": "/home/ubuntu/Projects/Code/Classfier/foxtrot_e6577cc2afbfd16542ac20be2392d9833ff24d4e/foxtrot-core/src/main/java/com/flipkart/foxtrot/core/exception/TableExistsException.java", "Import Modified": [], "Import Added": ["java.util.HashMap", "java.util.Map"], "Import Deleted": [], "Class Modified": [{"Class": "", "Function Modified": [], "Function Added": [], "Function Deleted": [], "Modifier Modified": "No", "Field Declaration Modified": 0, "Field Declaration Added": 0, "Field Declaration Deleted": 0}, {"Class": "TableExistsException", "Function Modified": [], "Function Added": [{"Function": "Override", "Block Modified": "No", "Block Added/Deleted": "No", "Param Modified": 0, "Param Added/Deleted": 0, "Return Type Modified": "No", "Modifier Modified": "No"}], "Function Deleted": [], "Modifier Modified": "No", "Field Declaration Modified": 0, "Field Declaration Added": 0, "Field Declaration Deleted": 0}], "Class Added": [], "Class Deleted": []}, {"File": "/home/ubuntu/Projects/Code/Classfier/foxtrot_e6577cc2afbfd16542ac20be2392d9833ff24d4e/foxtrot-core/src/main/java/com/flipkart/foxtrot/core/exception/TableInitializationException.java", "Import Modified": [], "Import Added": ["java.util.HashMap", "java.util.Map"], "Import Deleted": [], "Class Modified": [{"Class": "", "Function Modified": [], "Function Added": [], "Function Deleted": [], "Modifier Modified": "No", "Field Declaration Modified": 0, "Field Declaration Added": 0, "Field Declaration Deleted": 0}, {"Class": "TableInitializationException", "Function Modified": [], "Function Added": [{"Function": "Override", "Block Modified": "No", "Block Added/Deleted": "No", "Param Modified": 0, "Param Added/Deleted": 0, "Return Type Modified": "No", "Modifier Modified": "No"}], "Function Deleted": [], "Modifier Modified": "No", "Field Declaration Modified": 0, "Field Declaration Added": 0, "Field Declaration Deleted": 0}], "Class Added": [], "Class Deleted": []}, {"File": "/home/ubuntu/Projects/Code/Classfier/foxtrot_e6577cc2afbfd16542ac20be2392d9833ff24d4e/foxtrot-core/src/main/java/com/flipkart/foxtrot/core/exception/TableMissingException.java", "Import Modified": [], "Import Added": ["java.util.HashMap", "java.util.Map"], "Import Deleted": [], "Class Modified": [{"Class": "", "Function Modified": [], "Function Added": [], "Function Deleted": [], "Modifier Modified": "No", "Field Declaration Modified": 0, "Field Declaration Added": 0, "Field Declaration Deleted": 0}, {"Class": "TableMissingException", "Function Modified": [], "Function Added": [{"Function": "Override", "Block Modified": "No", "Block Added/Deleted": "No", "Param Modified": 0, "Param Added/Deleted": 0, "Return Type Modified": "No", "Modifier Modified": "No"}], "Function Deleted": [], "Modifier Modified": "No", "Field Declaration Modified": 0, "Field Declaration Added": 0, "Field Declaration Deleted": 0}], "Class Added": [], "Class Deleted": []}, {"File": "/home/ubuntu/Projects/Code/Classfier/foxtrot_e6577cc2afbfd16542ac20be2392d9833ff24d4e/foxtrot-core/src/main/java/com/flipkart/foxtrot/core/exception/UnresolvableActionException.java", "Import Modified": [], "Import Added": ["java.util.HashMap", "java.util.Map"], "Import Deleted": [], "Class Modified": [{"Class": "", "Function Modified": [], "Function Added": [], "Function Deleted": [], "Modifier Modified": "No", "Field Declaration Modified": 0, "Field Declaration Added": 0, "Field Declaration Deleted": 0}, {"Class": "UnresolvableActionException", "Function Modified": [{"Function": "UnresolvableActionException", "Block Modified": "No", "Block Added/Deleted": "Yes", "Param Modified": 0, "Param Added/Deleted": 0, "Return Type Modified": "No", "Modifier Modified": "No"}], "Function Added": [{"Function": "Override", "Block Modified": "No", "Block Added/Deleted": "No", "Param Modified": 0, "Param Added/Deleted": 0, "Return Type Modified": "No", "Modifier Modified": "No"}], "Function Deleted": [], "Modifier Modified": "No", "Field Declaration Modified": 0, "Field Declaration Added": 0, "Field Declaration Deleted": 0}], "Class Added": [], "Class Deleted": []}, {"File": "/home/ubuntu/Projects/Code/Classfier/foxtrot_e6577cc2afbfd16542ac20be2392d9833ff24d4e/foxtrot-core/src/main/java/com/flipkart/foxtrot/core/querystore/actions/FilterAction.java", "Import Modified": [], "Import Added": ["org.elasticsearch.ElasticsearchException"], "Import Deleted": [], "Class Modified": [{"Class": "", "Function Modified": [], "Function Added": [], "Function Deleted": [], "Modifier Modified": "No", "Field Declaration Modified": 0, "Field Declaration Added": 0, "Field Declaration Deleted": 0}, {"Class": "FilterAction", "Function Modified": [{"Function": "execute", "Block Modified": "No", "Block Added/Deleted": "Yes", "Param Modified": 0, "Param Added/Deleted": 0, "Return Type Modified": "No", "Modifier Modified": "No"}], "Function Added": [], "Function Deleted": [], "Modifier Modified": "No", "Field Declaration Modified": 0, "Field Declaration Added": 0, "Field Declaration Deleted": 1}], "Class Added": [], "Class Deleted": []}, {"File": "/home/ubuntu/Projects/Code/Classfier/foxtrot_ea3148943146ab1197d6d0e9a95f1b75a2e4cfd8/foxtrot-core/src/main/java/com/flipkart/foxtrot/core/querystore/actions/FilterAction.java", "Import Modified": [], "Import Added": [], "Import Deleted": [], "Class Modified": [{"Class": "FilterAction", "Function Modified": [{"Function": "execute", "Block Modified": "No", "Block Added/Deleted": "Yes", "Param Modified": 0, "Param Added/Deleted": 0, "Return Type Modified": "No", "Modifier Modified": "No"}], "Function Added": [], "Function Deleted": [], "Modifier Modified": "No", "Field Declaration Modified": 0, "Field Declaration Added": 0, "Field Declaration Deleted": 0}], "Class Added": [], "Class Deleted": []}, {"File": "/home/ubuntu/Projects/Code/Classfier/foxtrot_e6577cc2afbfd16542ac20be2392d9833ff24d4e/foxtrot-core/src/main/java/com/flipkart/foxtrot/core/querystore/actions/GroupAction.java", "Import Modified": [], "Import Added": [], "Import Deleted": [], "Class Modified": [{"Class": "GroupAction", "Function Modified": [], "Function Added": [], "Function Deleted": [], "Modifier Modified": "No", "Field Declaration Modified": 0, "Field Declaration Added": 0, "Field Declaration Deleted": 1}], "Class Added": [], "Class Deleted": []}, {"File": "/home/ubuntu/Projects/Code/Classfier/foxtrot_e6577cc2afbfd16542ac20be2392d9833ff24d4e/foxtrot-core/src/main/java/com/flipkart/foxtrot/core/querystore/actions/HistogramAction.java", "Import Modified": [], "Import Added": [], "Import Deleted": ["org.slf4j.Logger", "org.slf4j.LoggerFactory"], "Class Modified": [], "Class Added": [], "Class Deleted": [{"Class": "HistogramAction", "Function Modified": [], "Function Added": [], "Function Deleted": [], "Modifier Modified": "No", "Field Declaration Modified": 0, "Field Declaration Added": 0, "Field Declaration Deleted": 1}, {"Class": "HistogramAction", "Function Modified": [], "Function Added": [], "Function Deleted": [{"Function": "execute"}], "Modifier Modified": "No", "Field Declaration Modified": 0, "Field Declaration Added": 0, "Field Declaration Deleted": 0}]}, {"File": "/home/ubuntu/Projects/Code/Classfier/foxtrot_e6577cc2afbfd16542ac20be2392d9833ff24d4e/foxtrot-core/src/main/java/com/flipkart/foxtrot/core/querystore/actions/TrendAction.java", "Import Modified": [], "Import Added": [], "Import Deleted": [], "Class Modified": [{"Class": "TrendAction", "Function Modified": [], "Function Added": [], "Function Deleted": [], "Modifier Modified": "No", "Field Declaration Modified": 0, "Field Declaration Added": 0, "Field Declaration Deleted": 1}], "Class Added": [], "Class Deleted": []}, {"File": "/home/ubuntu/Projects/Code/Classfier/foxtrot_e6577cc2afbfd16542ac20be2392d9833ff24d4e/foxtrot-server/src/main/java/com/flipkart/foxtrot/server/providers/exception/FoxtrotExceptionMapper.java", "Import Modified": [], "Import Added": ["com.fasterxml.jackson.core.JsonProcessingException", "com.fasterxml.jackson.databind.ObjectMapper", "org.slf4j.Logger", "org.slf4j.LoggerFactory", "java.util.Map"], "Import Deleted": [], "Class Modified": [{"Class": "", "Function Modified": [], "Function Added": [], "Function Deleted": [], "Modifier Modified": "No", "Field Declaration Modified": 0, "Field Declaration Added": 0, "Field Declaration Deleted": 0}, {"Class": "FoxtrotExceptionMapper", "Function Modified": [{"Function": "toResponse", "Block Modified": "No", "Block Added/Deleted": "Yes", "Param Modified": 0, "Param Added/Deleted": 0, "Return Type Modified": "No", "Modifier Modified": "No"}], "Function Added": [], "Function Deleted": [], "Modifier Modified": "No", "Field Declaration Modified": 0, "Field Declaration Added": 2, "Field Declaration Deleted": 0}], "Class Added": [], "Class Deleted": []}, {"File": "/home/ubuntu/Projects/Code/Classfier/foxtrot_e6577cc2afbfd16542ac20be2392d9833ff24d4e/foxtrot-sql/src/main/java/com/flipkart/foxtrot/sql/FqlEngine.java", "Import Modified": [], "Import Added": [], "Import Deleted": [], "Class Modified": [{"Class": "FqlEngine", "Function Modified": [], "Function Added": [], "Function Deleted": [{"Function": "visit"}], "Modifier Modified": "No", "Field Declaration Modified": 0, "Field Declaration Added": 0, "Field Declaration Deleted": 0}], "Class Added": [], "Class Deleted": []}], "Files Added": [], "Files Deleted": []}, "BUILD_FILES": {}}