{"TEST_FILES": {"Files Modified": [{"File": "/home/ubuntu/Projects/Code/Classfier/acs-aem-commons_71e98ec/bundle/src/test/java/com/adobe/acs/commons/mcp/impl/FactoryInjectionTest.java", "Import Modified": [], "Import Added": [], "Import Deleted": ["com.adobe.acs.commons.mcp.impl.processes.FolderRelocator", "com.adobe.acs.commons.mcp.impl.processes.FolderRelocatorFactory", "com.adobe.acs.commons.mcp.impl.processes.PageRelocatorFactory"], "Class Modified": [], "Class Added": [], "Class Deleted": [{"Class": "FactoryInjectionTest", "Function Modified": [], "Function Added": [], "Function Deleted": [{"Function": "testFolderRelocatorFactory"}], "Modifier Modified": "No", "Field Declaration Modified": 0, "Field Declaration Added": 0, "Field Declaration Deleted": 0}, {"Class": "FactoryInjectionTest", "Function Modified": [], "Function Added": [], "Function Deleted": [{"Function": "registerFactories"}], "Modifier Modified": "No", "Field Declaration Modified": 0, "Field Declaration Added": 0, "Field Declaration Deleted": 0}, {"Class": "FactoryInjectionTest", "Function Modified": [], "Function Added": [], "Function Deleted": [{"Function": "registerFactories"}], "Modifier Modified": "No", "Field Declaration Modified": 0, "Field Declaration Added": 0, "Field Declaration Deleted": 0}]}, {"File": "/home/ubuntu/Projects/Code/Classfier/acs-aem-commons_71e98ec/bundle/src/test/java/com/adobe/acs/commons/util/visitors/SimpleFilteringResourceVisitorTest.java", "Import Modified": [], "Import Added": ["com.adobe.acs.commons.functions.CheckedBiConsumer"], "Import Deleted": ["java.util.function.BiConsumer"], "Class Modified": [{"Class": "", "Function Modified": [], "Function Added": [], "Function Deleted": [], "Modifier Modified": "No", "Field Declaration Modified": 0, "Field Declaration Added": 0, "Field Declaration Deleted": 0}, {"Class": "SimpleFilteringResourceVisitorTest", "Function Modified": [{"Function": "accept_breadthFirst", "Block Modified": "No", "Block Added/Deleted": "No", "Param Modified": 0, "Param Added/Deleted": 0, "Return Type Modified": "No", "Modifier Modified": "No"}], "Function Added": [], "Function Deleted": [], "Modifier Modified": "No", "Field Declaration Modified": 0, "Field Declaration Added": 0, "Field Declaration Deleted": 0}], "Class Added": [], "Class Deleted": []}], "Files Added": [], "Files Deleted": [{"File": "/home/ubuntu/Projects/Code/Classfier/acs-aem-commons_71e98ec/bundle/src/test/java/com/adobe/acs/commons/mcp/impl/processes/FolderRelocatorTest.java"}, {"File": "/home/ubuntu/Projects/Code/Classfier/acs-aem-commons_71e98ec/bundle/src/test/java/com/adobe/acs/commons/mcp/impl/processes/PageRelocatorTest.java"}]}, "SRC_FILES": {"Files Modified": [{"File": "/home/ubuntu/Projects/Code/Classfier/acs-aem-commons_61557b6c627d82bd851997f1eadc4256cc1b17bb/bundle/src/main/java/com/adobe/acs/commons/data/Spreadsheet.java", "Import Modified": [], "Import Added": [], "Import Deleted": [], "Class Modified": [{"Class": "Spreadsheet", "Function Modified": [{"Function": "buildRow", "Block Modified": "No", "Block Added/Deleted": "Yes", "Param Modified": 0, "Param Added/Deleted": 0, "Return Type Modified": "No", "Modifier Modified": "No"}], "Function Added": [], "Function Deleted": [], "Modifier Modified": "No", "Field Declaration Modified": 0, "Field Declaration Added": 0, "Field Declaration Deleted": 0}], "Class Added": [], "Class Deleted": []}, {"File": "/home/ubuntu/Projects/Code/Classfier/acs-aem-commons_71e98ec/bundle/src/main/java/com/adobe/acs/commons/data/Spreadsheet.java", "Import Modified": [], "Import Added": [], "Import Deleted": [], "Class Modified": [{"Class": "Spreadsheet", "Function Modified": [{"Function": "parseInputFile", "Block Modified": "No", "Block Added/Deleted": "No", "Param Modified": 0, "Param Added/Deleted": 0, "Return Type Modified": "No", "Modifier Modified": "No"}], "Function Added": [], "Function Deleted": [], "Modifier Modified": "No", "Field Declaration Modified": 0, "Field Declaration Added": 0, "Field Declaration Deleted": 0}], "Class Added": [], "Class Deleted": []}, {"File": "/home/ubuntu/Projects/Code/Classfier/acs-aem-commons_71e98ec/bundle/src/main/java/com/adobe/acs/commons/fam/impl/ActionManagerImpl.java", "Import Modified": [], "Import Added": ["java.util.concurrent.CopyOnWriteArrayList"], "Import Deleted": [], "Class Modified": [{"Class": "", "Function Modified": [], "Function Added": [], "Function Deleted": [], "Modifier Modified": "No", "Field Declaration Modified": 0, "Field Declaration Added": 0, "Field Declaration Deleted": 0}, {"Class": "ActionManagerImpl", "Function Modified": [], "Function Added": [], "Function Deleted": [], "Modifier Modified": "No", "Field Declaration Modified": 1, "Field Declaration Added": 0, "Field Declaration Deleted": 3}], "Class Added": [], "Class Deleted": []}, {"File": "/home/ubuntu/Projects/Code/Classfier/acs-aem-commons_61557b6c627d82bd851997f1eadc4256cc1b17bb/bundle/src/main/java/com/adobe/acs/commons/fam/impl/ActionManagerImpl.java", "Import Modified": [], "Import Added": [], "Import Deleted": [], "Class Modified": [{"Class": "ActionManagerImpl", "Function Modified": [{"Function": "", "Block Modified": "No", "Block Added/Deleted": "No", "Param Modified": 0, "Param Added/Deleted": 0, "Return Type Modified": "No", "Modifier Modified": "No"}], "Function Added": [], "Function Deleted": [], "Modifier Modified": "No", "Field Declaration Modified": 0, "Field Declaration Added": 1, "Field Declaration Deleted": 0}], "Class Added": [], "Class Deleted": []}, {"File": "/home/ubuntu/Projects/Code/Classfier/acs-aem-commons_71e98ec/bundle/src/main/java/com/adobe/acs/commons/functions/CheckedBiConsumer.java", "Import Modified": [], "Import Added": ["java.util.Map", "java.util.function.BiConsumer"], "Import Deleted": [], "Class Modified": [{"Class": "", "Function Modified": [], "Function Added": [], "Function Deleted": [], "Modifier Modified": "No", "Field Declaration Modified": 0, "Field Declaration Added": 0, "Field Declaration Deleted": 0}, {"Class": "CheckedBiConsumer", "Function Modified": [], "Function Added": [{"Function": "T", "Block Modified": "No", "Block Added/Deleted": "No", "Param Modified": 0, "Param Added/Deleted": 0, "Return Type Modified": "No", "Modifier Modified": "No"}], "Function Deleted": [], "Modifier Modified": "No", "Field Declaration Modified": 0, "Field Declaration Added": 0, "Field Declaration Deleted": 0}], "Class Added": [], "Class Deleted": []}, {"File": "/home/ubuntu/Projects/Code/Classfier/acs-aem-commons_71e98ec/bundle/src/main/java/com/adobe/acs/commons/functions/CheckedFunction.java", "Import Modified": [], "Import Added": ["java.util.function.Function"], "Import Deleted": [], "Class Modified": [{"Class": "", "Function Modified": [], "Function Added": [], "Function Deleted": [], "Modifier Modified": "No", "Field Declaration Modified": 0, "Field Declaration Added": 0, "Field Declaration Deleted": 0}, {"Class": "CheckedFunction", "Function Modified": [], "Function Added": [{"Function": "T", "Block Modified": "No", "Block Added/Deleted": "No", "Param Modified": 0, "Param Added/Deleted": 0, "Return Type Modified": "No", "Modifier Modified": "No"}], "Function Deleted": [], "Modifier Modified": "No", "Field Declaration Modified": 0, "Field Declaration Added": 0, "Field Declaration Deleted": 0}], "Class Added": [], "Class Deleted": []}, {"File": "/home/ubuntu/Projects/Code/Classfier/acs-aem-commons_61557b6c627d82bd851997f1eadc4256cc1b17bb/bundle/src/main/java/com/adobe/acs/commons/functions/package-info.java", "Import Modified": [], "Import Added": [], "Import Deleted": [], "Class Modified": [], "Class Added": [], "Class Deleted": []}, {"File": "/home/ubuntu/Projects/Code/Classfier/acs-aem-commons_71e98ec/bundle/src/main/java/com/adobe/acs/commons/mcp/form/PathfieldComponent.java", "Import Modified": [], "Import Added": [], "Import Deleted": [], "Class Modified": [{"Class": "PathfieldComponent", "Function Modified": [], "Function Added": [], "Function Deleted": [], "Modifier Modified": "No", "Field Declaration Modified": 0, "Field Declaration Added": 0, "Field Declaration Deleted": 0}], "Class Added": [], "Class Deleted": []}, {"File": "/home/ubuntu/Projects/Code/Classfier/acs-aem-commons_71e98ec/bundle/src/main/java/com/adobe/acs/commons/mcp/form/RadioComponent.java", "Import Modified": [], "Import Added": ["java.util.logging.Level", "java.util.logging.Logger", "org.apache.commons.lang3.StringUtils"], "Import Deleted": [], "Class Modified": [{"Class": "", "Function Modified": [], "Function Added": [], "Function Deleted": [], "Modifier Modified": "No", "Field Declaration Modified": 0, "Field Declaration Added": 0, "Field Declaration Deleted": 0}, {"Class": "RadioComponent", "Function Modified": [{"Function": "buildComponentResource", "Block Modified": "No", "Block Added/Deleted": "Yes", "Param Modified": 0, "Param Added/Deleted": 0, "Return Type Modified": "No", "Modifier Modified": "No"}, {"Function": "getOptions", "Block Modified": "No", "Block Added/Deleted": "Yes", "Param Modified": 0, "Param Added/Deleted": 0, "Return Type Modified": "No", "Modifier Modified": "No"}], "Function Added": [], "Function Deleted": [], "Modifier Modified": "No", "Field Declaration Modified": 0, "Field Declaration Added": 1, "Field Declaration Deleted": 0}], "Class Added": [], "Class Deleted": []}, {"File": "/home/ubuntu/Projects/Code/Classfier/acs-aem-commons_61557b6c627d82bd851997f1eadc4256cc1b17bb/bundle/src/main/java/com/adobe/acs/commons/mcp/form/RadioComponent.java", "Import Modified": [], "Import Added": [], "Import Deleted": [], "Class Modified": [{"Class": "RadioComponent", "Function Modified": [{"Function": "getName", "Block Modified": "No", "Block Added/Deleted": "No", "Param Modified": 0, "Param Added/Deleted": 0, "Return Type Modified": "No", "Modifier Modified": "No"}], "Function Added": [], "Function Deleted": [], "Modifier Modified": "No", "Field Declaration Modified": 0, "Field Declaration Added": 0, "Field Declaration Deleted": 0}], "Class Added": [], "Class Deleted": []}, {"File": "/home/ubuntu/Projects/Code/Classfier/acs-aem-commons_61557b6c627d82bd851997f1eadc4256cc1b17bb/bundle/src/main/java/com/adobe/acs/commons/mcp/form/package-info.java", "Import Modified": [], "Import Added": [], "Import Deleted": [], "Class Modified": [], "Class Added": [], "Class Deleted": []}, {"File": "/home/ubuntu/Projects/Code/Classfier/acs-aem-commons_71e98ec/bundle/src/main/java/com/adobe/acs/commons/mcp/impl/AbstractResourceImpl.java", "Import Modified": [], "Import Added": ["com.day.cq.commons.jcr.JcrConstants.JCR_PRIMARYTYPE"], "Import Deleted": [], "Class Modified": [{"Class": "", "Function Modified": [], "Function Added": [], "Function Deleted": [], "Modifier Modified": "No", "Field Declaration Modified": 0, "Field Declaration Added": 0, "Field Declaration Deleted": 0}, {"Class": "AbstractResourceImpl", "Function Modified": [{"Function": "AbstractResourceImpl", "Block Modified": "No", "Block Added/Deleted": "Yes", "Param Modified": 0, "Param Added/Deleted": 0, "Return Type Modified": "No", "Modifier Modified": "No"}], "Function Added": [{"Function": "removeChild", "Block Modified": "No", "Block Added/Deleted": "No", "Param Modified": 0, "Param Added/Deleted": 0, "Return Type Modified": "No", "Modifier Modified": "No"}, {"Function": "Override", "Block Modified": "No", "Block Added/Deleted": "No", "Param Modified": 0, "Param Added/Deleted": 0, "Return Type Modified": "No", "Modifier Modified": "No"}], "Function Deleted": [], "Modifier Modified": "No", "Field Declaration Modified": 0, "Field Declaration Added": 0, "Field Declaration Deleted": 0}], "Class Added": [], "Class Deleted": []}, {"File": "/home/ubuntu/Projects/Code/Classfier/acs-aem-commons_71e98ec/bundle/src/main/java/com/adobe/acs/commons/mcp/impl/ControlledProcessManagerImpl.java", "Import Modified": [], "Import Added": [], "Import Deleted": [], "Class Modified": [{"Class": "ControlledProcessManagerImpl", "Function Modified": [{"Function": "getInactiveProcesses", "Block Modified": "No", "Block Added/Deleted": "No", "Param Modified": 0, "Param Added/Deleted": 0, "Return Type Modified": "No", "Modifier Modified": "No"}], "Function Added": [], "Function Deleted": [], "Modifier Modified": "No", "Field Declaration Modified": 0, "Field Declaration Added": 0, "Field Declaration Deleted": 0}], "Class Added": [], "Class Deleted": []}, {"File": "/home/ubuntu/Projects/Code/Classfier/acs-aem-commons_71e98ec/bundle/src/main/java/com/adobe/acs/commons/mcp/impl/ProcessInstanceImpl.java", "Import Modified": [], "Import Added": [], "Import Deleted": [], "Class Modified": [{"Class": "ProcessInstanceImpl", "Function Modified": [{"Function": "recordErrors", "Block Modified": "No", "Block Added/Deleted": "No", "Param Modified": 0, "Param Added/Deleted": 0, "Return Type Modified": "No", "Modifier Modified": "Yes"}], "Function Added": [], "Function Deleted": [], "Modifier Modified": "No", "Field Declaration Modified": 0, "Field Declaration Added": 0, "Field Declaration Deleted": 0}], "Class Added": [], "Class Deleted": []}, {"File": "/home/ubuntu/Projects/Code/Classfier/acs-aem-commons_71e98ec/bundle/src/main/java/com/adobe/acs/commons/util/visitors/SimpleFilteringResourceVisitor.java", "Import Modified": [], "Import Added": ["com.adobe.acs.commons.functions.CheckedBiConsumer", "com.adobe.acs.commons.functions.CheckedFunction", "java.util.Map.Entry"], "Import Deleted": [], "Class Modified": [{"Class": "", "Function Modified": [], "Function Added": [], "Function Deleted": [], "Modifier Modified": "No", "Field Declaration Modified": 0, "Field Declaration Added": 0, "Field Declaration Deleted": 0}, {"Class": "SimpleFilteringResourceVisitor", "Function Modified": [{"Function": "setPropertyFilter", "Block Modified": "No", "Block Added/Deleted": "No", "Param Modified": 0, "Param Added/Deleted": 0, "Return Type Modified": "No", "Modifier Modified": "No"}, {"Function": "setTraversalFilter", "Block Modified": "No", "Block Added/Deleted": "No", "Param Modified": 0, "Param Added/Deleted": 0, "Return Type Modified": "No", "Modifier Modified": "No"}, {"Function": "setResourceVisitor", "Block Modified": "No", "Block Added/Deleted": "No", "Param Modified": 0, "Param Added/Deleted": 0, "Return Type Modified": "No", "Modifier Modified": "No"}, {"Function": "setLeafVisitor", "Block Modified": "No", "Block Added/Deleted": "No", "Param Modified": 0, "Param Added/Deleted": 0, "Return Type Modified": "No", "Modifier Modified": "No"}, {"Function": "setPropertyVisitor", "Block Modified": "No", "Block Added/Deleted": "No", "Param Modified": 0, "Param Added/Deleted": 0, "Return Type Modified": "No", "Modifier Modified": "No"}], "Function Added": [], "Function Deleted": [], "Modifier Modified": "No", "Field Declaration Modified": 5, "Field Declaration Added": 0, "Field Declaration Deleted": 0}], "Class Added": [], "Class Deleted": []}, {"File": "/home/ubuntu/Projects/Code/Classfier/acs-aem-commons_61557b6c627d82bd851997f1eadc4256cc1b17bb/bundle/src/main/java/com/adobe/acs/commons/util/visitors/SimpleFilteringResourceVisitor.java", "Import Modified": [], "Import Added": [], "Import Deleted": [], "Class Modified": [{"Class": "SimpleFilteringResourceVisitor", "Function Modified": [{"Function": "setPropertyFilterChecked", "Block Modified": "No", "Block Added/Deleted": "No", "Param Modified": 0, "Param Added/Deleted": 0, "Return Type Modified": "No", "Modifier Modified": "No"}, {"Function": "setTraversalFilterChecked", "Block Modified": "No", "Block Added/Deleted": "No", "Param Modified": 0, "Param Added/Deleted": 0, "Return Type Modified": "No", "Modifier Modified": "No"}, {"Function": "setResourceVisitorChecked", "Block Modified": "No", "Block Added/Deleted": "No", "Param Modified": 0, "Param Added/Deleted": 0, "Return Type Modified": "No", "Modifier Modified": "No"}, {"Function": "setLeafVisitorChecked", "Block Modified": "No", "Block Added/Deleted": "No", "Param Modified": 0, "Param Added/Deleted": 0, "Return Type Modified": "No", "Modifier Modified": "No"}, {"Function": "setPropertyVisitorChecked", "Block Modified": "No", "Block Added/Deleted": "No", "Param Modified": 0, "Param Added/Deleted": 0, "Return Type Modified": "No", "Modifier Modified": "No"}, {"Function": "accept", "Block Modified": "No", "Block Added/Deleted": "No", "Param Modified": 0, "Param Added/Deleted": 0, "Return Type Modified": "No", "Modifier Modified": "No"}, {"Function": "visitNodesInStack", "Block Modified": "No", "Block Added/Deleted": "No", "Param Modified": 0, "Param Added/Deleted": 0, "Return Type Modified": "No", "Modifier Modified": "No"}, {"Function": "visitProperties", "Block Modified": "No", "Block Added/Deleted": "No", "Param Modified": 0, "Param Added/Deleted": 0, "Return Type Modified": "No", "Modifier Modified": "No"}, {"Function": "traverseChildren", "Block Modified": "No", "Block Added/Deleted": "No", "Param Modified": 0, "Param Added/Deleted": 0, "Return Type Modified": "No", "Modifier Modified": "No"}], "Function Added": [], "Function Deleted": [], "Modifier Modified": "No", "Field Declaration Modified": 0, "Field Declaration Added": 0, "Field Declaration Deleted": 0}], "Class Added": [], "Class Deleted": []}, {"File": "/home/ubuntu/Projects/Code/Classfier/acs-aem-commons_61557b6c627d82bd851997f1eadc4256cc1b17bb/bundle/src/main/java/com/adobe/acs/commons/util/visitors/package-info.java", "Import Modified": [], "Import Added": [], "Import Deleted": [], "Class Modified": [], "Class Added": [], "Class Deleted": []}], "Files Added": [{"File": "/home/ubuntu/Projects/Code/Classfier/acs-aem-commons_61557b6c627d82bd851997f1eadc4256cc1b17bb/bundle/src/main/java/com/adobe/acs/commons/mcp/form/Description.java"}, {"File": "/home/ubuntu/Projects/Code/Classfier/acs-aem-commons_61557b6c627d82bd851997f1eadc4256cc1b17bb/bundle/src/main/java/com/adobe/acs/commons/util/visitors/TraversalException.java"}], "Files Deleted": [{"File": "/home/ubuntu/Projects/Code/Classfier/acs-aem-commons_71e98ec/bundle/src/main/java/com/adobe/acs/commons/mcp/impl/processes/FolderRelocator.java"}, {"File": "/home/ubuntu/Projects/Code/Classfier/acs-aem-commons_71e98ec/bundle/src/main/java/com/adobe/acs/commons/mcp/impl/processes/FolderRelocatorFactory.java"}, {"File": "/home/ubuntu/Projects/Code/Classfier/acs-aem-commons_71e98ec/bundle/src/main/java/com/adobe/acs/commons/mcp/impl/processes/PageRelocator.java"}, {"File": "/home/ubuntu/Projects/Code/Classfier/acs-aem-commons_71e98ec/bundle/src/main/java/com/adobe/acs/commons/mcp/impl/processes/PageRelocatorFactory.java"}, {"File": "/home/ubuntu/Projects/Code/Classfier/acs-aem-commons_71e98ec/bundle/src/main/java/com/adobe/acs/commons/mcp/impl/processes/ReplicatorQueue.java"}]}, "BUILD_FILES": {}}